Outlet_ID,Maximum_Monthly_Liters
OUT_00001,1941.4700014761208
OUT_00002,1668.4198072724294
OUT_00003,1790.8517259599382
OUT_00004,1682.090300234845
OUT_00005,1815.7207970660115
OUT_00006,1559.2046589518077
OUT_00007,2100.2055215172672
OUT_00008,1672.9984760328575
OUT_00009,1817.0550959079228
OUT_00010,1886.504494397222
OUT_00011,1779.0414077671294
OUT_00012,1332.6850139074409
OUT_00013,948.2439187517826
OUT_00014,928.0914173773192
OUT_00015,1067.3550112633227
OUT_00016,1542.6560141017449
OUT_00017,1261.021376604317
OUT_00018,903.5763763172224
OUT_00019,1762.586621415795
OUT_00020,1951.8583779802937
OUT_00021,1513.3839725045946
OUT_00022,1523.353372860469
OUT_00023,1578.659998074239
OUT_00024,1857.5249828000656
OUT_00026,1698.866763124994
OUT_00027,1316.898581154138
OUT_00028,2087.7697735402207
OUT_00029,977.383971423572
OUT_00030,1871.508504464425
OUT_00031,1327.4677080880886
OUT_00032,1754.481351922753
OUT_00033,1569.6797351534765
OUT_00034,1493.8661977680802
OUT_00035,1806.537406630221
OUT_00036,1459.0224279930587
OUT_00037,1497.652795860164
OUT_00038,1906.646369055156
OUT_00039,1774.4794243054268
OUT_00040,1845.004866029393
OUT_00041,1435.60382401337
OUT_00042,1635.4366326387926
OUT_00043,906.4956364567684
OUT_00044,1527.3496031417924
OUT_00045,1803.114830033824
OUT_00046,1013.5779398648762
OUT_00047,1769.7964790574665
OUT_00048,936.1854377102468
OUT_00049,1744.9047149011196
OUT_00050,1440.4603744750011
OUT_00051,1941.9881238743708
OUT_00052,1717.430266286378
OUT_00053,1786.6565960677292
OUT_00054,1824.227829025784
OUT_00055,1895.0050920684505
OUT_00056,1674.08876505664
OUT_00057,957.5137541702846
OUT_00058,1886.1079957543327
OUT_00059,970.3410334131314
OUT_00060,1165.3651373436371
OUT_00061,967.7045681807404
OUT_00062,1498.2855343018978
OUT_00063,974.4352293798988
OUT_00064,995.5496699531432
OUT_00065,874.0125000330121
OUT_00066,941.8555594467437
OUT_00067,946.0990023595148
OUT_00068,1055.1362324460276
OUT_00069,954.5871834971196
OUT_00070,997.0904092630968
OUT_00072,1007.6243316099772
OUT_00074,1028.254852104739
OUT_00075,889.0116314697556
OUT_00076,1006.0088598350276
OUT_00077,982.9336506965092
OUT_00078,1348.801088660734
OUT_00079,1510.5325567552525
OUT_00080,849.8499353344148
OUT_00081,937.2945292796998
OUT_00082,1003.0113542549748
OUT_00083,907.0457099633462
OUT_00084,835.6658276348173
OUT_00085,960.9049375851138
OUT_00086,1083.0607286980676
OUT_00087,1725.0813171975437
OUT_00088,965.0973847992962
OUT_00089,852.8378107380541
OUT_00090,905.7284414386859
OUT_00091,810.7726278715317
OUT_00092,975.9213579378523
OUT_00093,915.8261623318328
OUT_00094,891.4273877941157
OUT_00095,982.5656798081376
OUT_00096,976.0533997127852
OUT_00097,912.414292724515
OUT_00098,907.8696233215584
OUT_00099,919.0620582554355
OUT_00100,947.808071149896
OUT_00101,1416.5315655699346
OUT_00102,926.552620341126
OUT_00103,755.0643545715085
OUT_00104,936.3038565036192
OUT_00105,993.5083611696216
OUT_00106,845.6189552320307
OUT_00107,928.019081361005
OUT_00108,1443.4018764285565
OUT_00109,951.755139865072
OUT_00110,968.9191746952812
OUT_00111,931.613990314102
OUT_00112,1405.1487777894915
OUT_00113,1033.330769726423
OUT_00114,905.8820951466582
OUT_00115,957.623793965304
OUT_00116,967.4350885993184
OUT_00117,988.1129326632404
OUT_00118,1040.3867710997606
OUT_00119,910.1875867693468
OUT_00120,946.7829981615788
OUT_00121,997.9719177322733
OUT_00122,909.3554612820308
OUT_00123,910.3302478624984
OUT_00124,947.5841068243968
OUT_00125,1184.6773705269795
OUT_00126,735.7679038791833
OUT_00127,976.466917721919
OUT_00128,939.2791314002473
OUT_00129,904.088426401388
OUT_00130,934.7334374942592
OUT_00131,980.1165795723824
OUT_00132,879.1745838717741
OUT_00133,792.444176759511
OUT_00134,1467.0482174266876
OUT_00135,890.0703409517863
OUT_00136,1001.6471760766732
OUT_00137,934.4014989414233
OUT_00138,911.8799607117488
OUT_00139,910.45634479014
OUT_00140,789.8807642830591
OUT_00141,929.874589024358
OUT_00142,1004.1731716615726
OUT_00144,905.7607820501514
OUT_00145,942.5068248468972
OUT_00146,1320.3799202388486
OUT_00147,943.2258306822032
OUT_00148,874.7819224339959
OUT_00149,914.1850024984116
OUT_00150,914.0168963297244
OUT_00151,882.54497424527
OUT_00152,989.9985329033882
OUT_00153,915.4289598707684
OUT_00154,888.6918506793045
OUT_00155,990.5922270372556
OUT_00156,929.9982179056448
OUT_00157,994.3187946524492
OUT_00158,981.9173122669451
OUT_00159,827.2954083572224
OUT_00160,982.1976081220764
OUT_00161,870.4369552496173
OUT_00162,887.1165304317353
OUT_00163,854.9351034115355
OUT_00164,957.1893008967076
OUT_00165,1074.5543601609777
OUT_00166,876.5787768506143
OUT_00167,976.5855138991128
OUT_00168,979.3796858391436
OUT_00169,964.2815637094942
OUT_00170,954.1718610297404
OUT_00171,964.5896510359138
OUT_00172,1796.8163946702953
OUT_00173,1464.3305120402863
OUT_00174,934.4168100605608
OUT_00175,949.4022838636332
OUT_00176,942.2110243850296
OUT_00177,892.9866893251545
OUT_00178,1267.7153169762564
OUT_00179,999.791276011995
OUT_00180,945.0094419136176
OUT_00181,1329.7044210404542
OUT_00182,958.7088362084872
OUT_00183,920.029062211916
OUT_00185,897.8099963783634
OUT_00186,1016.134085718144
OUT_00187,955.2224665549412
OUT_00188,937.6531254464288
OUT_00189,949.6381229070493
OUT_00190,961.205929154744
OUT_00191,975.0311995606064
OUT_00192,915.9071347159232
OUT_00193,906.4505085087524
OUT_00194,950.1080915144968
OUT_00195,954.3363201451068
OUT_00196,969.1515635197864
OUT_00197,816.3525038994284
OUT_00198,941.5949108556346
OUT_00199,883.5466107963427
OUT_00200,978.8318740095656
OUT_00201,696.3861030863238
OUT_00202,894.3548123850096
OUT_00203,921.3135308403956
OUT_00204,904.895453639042
OUT_00205,1071.7859490282156
OUT_00206,818.5007971038749
OUT_00207,964.8434225153784
OUT_00208,959.2017493188094
OUT_00209,999.21746900703
OUT_00210,903.94425372514
OUT_00211,939.903982624922
OUT_00212,936.7386468438552
OUT_00213,981.5344821959716
OUT_00214,1661.9594025016213
OUT_00215,1002.0030491217784
OUT_00216,956.5855572914955
OUT_00217,1004.8979228956032
OUT_00218,891.975997713127
OUT_00219,961.5710252372738
OUT_00220,989.9877386311216
OUT_00221,945.2697589584602
OUT_00222,989.2326824979132
OUT_00223,936.912516133856
OUT_00224,871.9027508596707
OUT_00225,962.7463590748476
OUT_00226,1081.5509125622648
OUT_00227,977.279535465343
OUT_00228,884.9322526890868
OUT_00229,868.7827566527765
OUT_00230,838.1835212832951
OUT_00231,927.5347864916796
OUT_00232,968.143891282963
OUT_00233,891.7689417563232
OUT_00234,930.5586486356184
OUT_00235,904.0970442307618
OUT_00236,853.8268979070157
OUT_00237,893.9593259863664
OUT_00238,916.471431055505
OUT_00239,912.7395822674482
OUT_00240,947.4963205539788
OUT_00241,1003.8005848770176
OUT_00242,949.4071972430992
OUT_00243,989.8814106370266
OUT_00244,824.8008608894211
OUT_00245,872.8113636850287
OUT_00246,1453.762745303488
OUT_00247,1307.6080862098888
OUT_00248,846.0985509742738
OUT_00249,978.240236473278
OUT_00250,1642.2547782656482
OUT_00251,933.0211551863616
OUT_00252,1875.8311389752705
OUT_00253,1018.4630797738162
OUT_00254,854.9830403629549
OUT_00255,922.416323597392
OUT_00256,841.1514216065626
OUT_00257,1470.653791389413
OUT_00258,1487.5738153958664
OUT_00259,943.8593517718624
OUT_00260,895.5433300101038
OUT_00261,953.3400138747068
OUT_00262,944.7558319344134
OUT_00263,961.618630399639
OUT_00264,933.6914259280638
OUT_00265,983.1328084949034
OUT_00266,951.0235194794078
OUT_00267,958.0245805248376
OUT_00268,943.3623615936356
OUT_00269,899.3878847720655
OUT_00270,1031.7858228585794
OUT_00271,839.898054787657
OUT_00272,911.6909801936184
OUT_00273,981.2281653730812
OUT_00274,898.0862589182165
OUT_00275,989.3416515360964
OUT_00276,826.0386257161747
OUT_00277,894.1168472982878
OUT_00278,995.6111735044808
OUT_00279,1482.6997133108491
OUT_00280,971.204249605358
OUT_00281,848.0343118826833
OUT_00282,947.492743668683
OUT_00283,882.0437670922544
OUT_00284,875.6545377590193
OUT_00285,933.4370022268772
OUT_00286,921.460592729419
OUT_00287,921.4957803982312
OUT_00288,946.841857649036
OUT_00289,886.5308114584625
OUT_00290,923.9599205994404
OUT_00291,1626.9824052228728
OUT_00292,924.4340002577848
OUT_00293,908.8552875814814
OUT_00294,901.0189535658712
OUT_00295,871.1160254695716
OUT_00296,1008.0707369224648
OUT_00297,895.7029523299358
OUT_00298,899.1593654384876
OUT_00299,952.9924491998764
OUT_00300,1007.4920696606698
OUT_00301,965.4840490844864
OUT_00302,1019.4999280467642
OUT_00303,1125.5429924667417
OUT_00304,847.0542666368219
OUT_00305,830.3074445333293
OUT_00306,951.7226370536996
OUT_00307,1011.644363124937
OUT_00308,1009.1916652206672
OUT_00309,969.921704490125
OUT_00310,944.8666417787896
OUT_00311,958.6191025792428
OUT_00312,989.474083768096
OUT_00313,1018.36631834444
OUT_00314,854.8153994814999
OUT_00315,916.0417191100248
OUT_00316,908.0475534283108
OUT_00317,999.5115714233264
OUT_00318,976.8242797258376
OUT_00319,900.2612861943543
OUT_00320,889.3024758444594
OUT_00321,963.0650715682748
OUT_00322,1075.540894829848
OUT_00323,927.8767140401164
OUT_00324,853.7717497992899
OUT_00325,955.6559115335484
OUT_00326,1003.2350715560924
OUT_00327,898.4030166714944
OUT_00328,915.7346564702568
OUT_00329,940.8230890190904
OUT_00330,952.8998951020204
OUT_00331,937.9326567108104
OUT_00332,835.1181176016313
OUT_00333,956.8843728393324
OUT_00334,979.8386115346136
OUT_00335,924.6335538451856
OUT_00336,920.8561340370884
OUT_00337,928.2547658067796
OUT_00338,970.077616811542
OUT_00339,1510.5352262125082
OUT_00340,994.1735507054216
OUT_00341,918.8944922366728
OUT_00342,1005.5232939170116
OUT_00343,1012.0816864082236
OUT_00344,915.5926576500988
OUT_00345,985.2090233031672
OUT_00346,991.2422338830308
OUT_00347,944.8634520726026
OUT_00348,877.4551292055858
OUT_00349,969.0174747750592
OUT_00350,1482.342444341363
OUT_00351,965.289185416106
OUT_00352,852.5695094190767
OUT_00353,1027.155410593283
OUT_00354,947.7351214876315
OUT_00355,918.5112068832668
OUT_00356,889.8648765491466
OUT_00357,884.501308373583
OUT_00358,892.10221094468
OUT_00359,991.5871263251756
OUT_00360,915.1425036791206
OUT_00361,1480.8157656475855
OUT_00362,929.494301743678
OUT_00363,953.14337703897
OUT_00364,911.6080087336352
OUT_00365,886.0469344561252
OUT_00366,860.9450763851961
OUT_00367,1488.5593810501207
OUT_00368,916.5202482169902
OUT_00369,964.1003512636938
OUT_00370,928.0513873380788
OUT_00371,924.0040891418442
OUT_00372,1014.9945472967388
OUT_00373,958.647090162059
OUT_00374,918.4784879381234
OUT_00375,897.6039650215813
OUT_00376,1020.4595276147104
OUT_00377,975.6504547896842
OUT_00378,1045.685070856174
OUT_00379,926.4499683632376
OUT_00380,979.878317114936
OUT_00381,971.1137716965468
OUT_00382,896.2513207419917
OUT_00383,894.2531810681819
OUT_00384,978.2288390901706
OUT_00385,980.8926070202056
OUT_00386,939.7426674097296
OUT_00387,1380.4621646621245
OUT_00388,966.096015845916
OUT_00389,925.8397657660606
OUT_00390,938.1021166780992
OUT_00391,884.2886178804162
OUT_00392,948.17122536757
OUT_00393,986.4371255792294
OUT_00394,956.8383843345335
OUT_00395,958.1723295338206
OUT_00396,946.8239945130312
OUT_00397,958.3444979479071
OUT_00398,997.4593310969598
OUT_00399,898.3152530890723
OUT_00400,959.7976013920246
OUT_00401,244.44804913646374
OUT_00402,885.7359118551437
OUT_00403,291.2250832813881
OUT_00404,118.46373795227706
OUT_00405,385.63704779400393
OUT_00406,171.0542452497015
OUT_00407,162.43568506521578
OUT_00408,231.79024473689486
OUT_00409,380.81793506718026
OUT_00410,313.60301277437725
OUT_00411,115.5194606217621
OUT_00412,98.7059548900788
OUT_00413,997.5857298986248
OUT_00414,129.52158874684594
OUT_00415,196.84498524282986
OUT_00416,360.76184352636346
OUT_00417,799.1042109111361
OUT_00418,272.5525764187348
OUT_00419,85.30660841729558
OUT_00420,347.03428993343005
OUT_00421,398.1031273331916
OUT_00422,327.11191476231886
OUT_00423,821.5923800545015
OUT_00424,803.1082755743347
OUT_00425,158.96742505275492
OUT_00426,301.3400203836604
OUT_00427,266.32887135255663
OUT_00428,1945.197166561518
OUT_00429,259.36016707495946
OUT_00430,142.04633510325104
OUT_00431,112.27056067445663
OUT_00432,2002.666600934134
OUT_00433,273.04984322836395
OUT_00434,1948.562233483154
OUT_00435,345.3286179384696
OUT_00436,163.86761223482478
OUT_00437,111.52178736391636
OUT_00438,320.5009282516758
OUT_00439,266.5743185010204
OUT_00440,177.2394535632899
OUT_00441,269.6725309510832
OUT_00442,136.51213243043154
OUT_00443,315.6238725586963
OUT_00444,322.0669839380597
OUT_00445,898.74108308395
OUT_00446,145.2509248525632
OUT_00447,330.55442260502116
OUT_00448,220.02107735709524
OUT_00449,2031.351275251187
OUT_00450,956.337722017032
OUT_00451,115.25355675900111
OUT_00452,489.6637545727585
OUT_00453,296.4731981949557
OUT_00454,308.70116899828867
OUT_00455,1912.0438833864405
OUT_00456,283.8321474894183
OUT_00457,961.4427104299716
OUT_00458,173.83503204854037
OUT_00459,330.147821301297
OUT_00460,311.1053441290068
OUT_00461,125.05288578170398
OUT_00462,135.4671336035663
OUT_00463,898.1426071355335
OUT_00464,240.24485717352857
OUT_00465,323.80363133018244
OUT_00466,988.0518478870896
OUT_00467,146.72750032129935
OUT_00468,1006.629304254142
OUT_00469,164.85883407388923
OUT_00470,280.25191250754835
OUT_00471,242.18638054196683
OUT_00472,290.815260555849
OUT_00473,206.81285884872196
OUT_00474,199.78623412269266
OUT_00475,127.21519435792096
OUT_00476,327.26040800519047
OUT_00477,142.3309929153726
OUT_00478,276.40215157987905
OUT_00479,119.44348533350589
OUT_00480,204.7779970790735
OUT_00481,136.89128138522142
OUT_00482,281.08372010026943
OUT_00483,141.9456671955872
OUT_00484,125.59941867315025
OUT_00485,318.88924639195835
OUT_00486,345.3068347647034
OUT_00487,192.82277556566584
OUT_00488,207.21926815371378
OUT_00489,338.41781415119
OUT_00490,146.06414933168807
OUT_00491,149.3159887065086
OUT_00492,891.1819450891569
OUT_00493,344.2471592598537
OUT_00494,118.34386259262696
OUT_00495,98.08998731348728
OUT_00496,152.8919626197954
OUT_00497,272.7046678012515
OUT_00498,333.0633259544703
OUT_00499,364.4960237071368
OUT_00500,187.54601181302863
OUT_00501,300.95423320484184
OUT_00502,287.50591602085063
OUT_00503,884.0762407821031
OUT_00504,242.47748334850874
OUT_00505,130.02599015032968
OUT_00506,1900.532199127097
OUT_00507,1926.4553181066508
OUT_00508,314.02545809346486
OUT_00509,279.05173646571814
OUT_00510,305.03610294902745
OUT_00511,285.9317553564798
OUT_00513,179.0455147164308
OUT_00514,169.41349509436003
OUT_00515,989.3767049731142
OUT_00516,128.96619898804005
OUT_00517,336.25925971056574
OUT_00518,254.7083689738609
OUT_00519,156.22473896665505
OUT_00520,266.8278527078139
OUT_00521,114.7263629240887
OUT_00522,135.3431705842435
OUT_00523,181.0464436312599
OUT_00524,118.59371174180876
OUT_00525,910.7443913820225
OUT_00526,306.94325797796245
OUT_00527,343.9547443762965
OUT_00528,299.9437328036361
OUT_00529,309.0044657028386
OUT_00530,972.0775091577268
OUT_00531,178.2589124330206
OUT_00532,132.5769170829121
OUT_00533,365.11876203063616
OUT_00534,982.160443882779
OUT_00536,105.8145451848326
OUT_00537,139.88256964472347
OUT_00538,381.801244127232
OUT_00539,968.0972845099192
OUT_00540,139.87147521760443
OUT_00541,353.3066621386638
OUT_00542,160.0841309904867
OUT_00543,228.91455753943825
OUT_00544,230.09160736300322
OUT_00545,324.9983975846788
OUT_00546,250.9542330937385
OUT_00547,154.38147589107052
OUT_00548,407.57139164104984
OUT_00549,138.68165347465055
OUT_00550,273.1544981226118
OUT_00551,952.7129272570136
OUT_00552,149.79795304126162
OUT_00553,240.18664421073672
OUT_00554,163.8962770240998
OUT_00555,127.90945720730934
OUT_00556,298.68339407125274
OUT_00557,152.52777263689194
OUT_00558,121.91362705919161
OUT_00559,131.57908623650226
OUT_00560,301.0052633312223
OUT_00561,135.61545109238625
OUT_00562,144.94295983353783
OUT_00563,211.57295184940517
OUT_00564,119.91385861340954
OUT_00565,336.9375817347175
OUT_00566,215.4681894021016
OUT_00567,1025.8845786859033
OUT_00568,2015.597189252816
OUT_00569,131.15970875347205
OUT_00570,968.4526118920514
OUT_00572,214.47836703409527
OUT_00573,923.4852865786806
OUT_00574,325.0575347932518
OUT_00575,140.05658415021657
OUT_00576,280.1931712343108
OUT_00577,977.4089813648288
OUT_00578,144.43649523861728
OUT_00579,2073.4261214686235
OUT_00580,991.7366777463556
OUT_00581,946.0010937014852
OUT_00582,368.7848023468182
OUT_00583,129.36631141444545
OUT_00584,205.74192458320542
OUT_00585,333.02075791950455
OUT_00586,291.3021260659217
OUT_00587,259.5264188030853
OUT_00588,191.83956660548102
OUT_00589,997.0841399299026
OUT_00590,341.9941490162721
OUT_00591,921.627325827055
OUT_00592,124.67348583496586
OUT_00593,117.7918976370401
OUT_00594,304.584355409056
OUT_00595,336.64657709522515
OUT_00596,127.03689226946926
OUT_00597,182.8739507587219
OUT_00598,143.2757085237127
OUT_00599,88.86998977362684
OUT_00600,981.1301038741811
OUT_00601,377.07411694775254
OUT_00602,261.0895877456979
OUT_00603,938.527248658579
OUT_00604,329.3010405380068
OUT_00605,202.8098539746486
OUT_00606,1075.1482495289015
OUT_00607,842.203550220267
OUT_00608,323.987567526867
OUT_00609,290.4127134528518
OUT_00610,855.4856356348223
OUT_00611,138.85851653431715
OUT_00612,143.328998897828
OUT_00613,427.2635200900767
OUT_00614,985.441706304954
OUT_00615,177.77643346517152
OUT_00616,309.33786247858734
OUT_00617,295.1397933707899
OUT_00618,320.1775366058735
OUT_00619,2373.798638855785
OUT_00620,412.0498499403368
OUT_00621,362.1835971679366
OUT_00622,207.46547247622436
OUT_00623,209.86963132260223
OUT_00624,336.6974916993082
OUT_00625,288.5274361316357
OUT_00626,882.7345284086323
OUT_00627,259.1525385374749
OUT_00628,130.92853465004023
OUT_00629,339.3619359332467
OUT_00630,132.91149635668629
OUT_00631,140.96458958413717
OUT_00632,186.30161768016512
OUT_00633,1179.9759609236098
OUT_00634,333.75470123909605
OUT_00635,299.1057321070147
OUT_00636,293.71364824340793
OUT_00637,318.3885201103761
OUT_00638,339.92631869688864
OUT_00639,949.5227156208556
OUT_00640,317.801064959026
OUT_00641,128.27800001732268
OUT_00642,355.2930613181131
OUT_00643,226.1350778974097
OUT_00644,345.9304167926596
OUT_00645,238.61543888615915
OUT_00646,694.338784913469
OUT_00647,148.636114350952
OUT_00648,386.0389683922485
OUT_00649,967.2043280959144
OUT_00650,284.33233924093616
OUT_00651,112.85577581279499
OUT_00652,311.40362696950217
OUT_00653,143.0430506429097
OUT_00654,158.20772514140512
OUT_00655,149.0130774318897
OUT_00656,281.66196193184595
OUT_00657,106.47230904565352
OUT_00658,379.8448235244779
OUT_00659,140.88768968833182
OUT_00660,853.1767302457301
OUT_00661,256.4137414837456
OUT_00662,345.2175549039596
OUT_00663,350.76512909484137
OUT_00664,98.22000749739942
OUT_00665,140.56586682337252
OUT_00666,863.3972723027346
OUT_00667,283.37471173198986
OUT_00668,155.78603670357367
OUT_00669,202.80008758186887
OUT_00670,304.6740208941644
OUT_00671,326.5607385791088
OUT_00672,167.81047751015433
OUT_00673,265.1134422703546
OUT_00674,798.3029580170089
OUT_00675,110.70374919261305
OUT_00676,168.41962941933903
OUT_00677,330.9621782993864
OUT_00678,114.53046481610616
OUT_00679,165.09633705043333
OUT_00680,274.9616782175106
OUT_00681,109.59499013640536
OUT_00682,108.46933347162371
OUT_00683,365.2330692394488
OUT_00684,2065.758269706606
OUT_00685,87.48420363004938
OUT_00686,961.6301937532862
OUT_00687,922.9952330001937
OUT_00688,271.2797545713479
OUT_00689,2075.247134168253
OUT_00690,126.4353120647299
OUT_00691,1984.000579561592
OUT_00692,163.86761223482478
OUT_00693,341.6246785567944
OUT_00694,967.1529988915923
OUT_00695,147.96875890634982
OUT_00696,156.5206382517323
OUT_00697,287.97028716738487
OUT_00698,904.8424662122322
OUT_00699,1027.5638072756883
OUT_00700,149.24963869396487
OUT_00701,118.22553308581205
OUT_00702,143.66620827453485
OUT_00703,286.75671348519916
OUT_00704,349.7907115784003
OUT_00705,192.6474655316063
OUT_00706,262.5810648744184
OUT_00707,213.53243367717963
OUT_00708,93.95823046546616
OUT_00709,236.68452464302848
OUT_00710,311.27304656780683
OUT_00711,121.90872542959713
OUT_00712,910.7140013237428
OUT_00713,174.11982909957328
OUT_00714,214.59457734999782
OUT_00715,325.8368132881555
OUT_00716,153.33313236814507
OUT_00717,880.5370830355992
OUT_00718,148.79653586607552
OUT_00719,339.29409139615393
OUT_00720,985.9875099060422
OUT_00721,99.80315444514535
OUT_00722,267.2464954892139
OUT_00723,232.4022423354222
OUT_00724,146.85568809195163
OUT_00725,105.64907153236624
OUT_00726,985.3677325509474
OUT_00727,360.22474394033424
OUT_00728,837.7504002110302
OUT_00729,134.6931763352928
OUT_00730,280.364665167168
OUT_00731,966.5908672992636
OUT_00732,310.9473781254927
OUT_00733,238.76420037234078
OUT_00734,861.9761577245242
OUT_00735,191.2300952110591
OUT_00736,896.8180502682548
OUT_00737,919.9582415208838
OUT_00738,118.40041767704824
OUT_00739,154.03825744009237
OUT_00740,287.1945231396608
OUT_00741,269.2085804839543
OUT_00742,2133.735335151696
OUT_00744,324.4831091451269
OUT_00745,305.9657185839493
OUT_00746,804.1548824277345
OUT_00747,327.1748781622386
OUT_00748,157.0064361628192
OUT_00749,297.8772033932254
OUT_00750,261.06699250892376
OUT_00751,159.72931303164043
OUT_00752,169.5653612167911
OUT_00753,945.4105004152856
OUT_00754,143.0923898702132
OUT_00755,914.0575224186808
OUT_00756,275.65356677249304
OUT_00757,245.8070521097114
OUT_00758,328.0522471906616
OUT_00759,147.99257687253845
OUT_00760,140.18461079535763
OUT_00761,289.0045085653331
OUT_00762,107.72410283392183
OUT_00763,351.73811534386476
OUT_00764,331.88862226915035
OUT_00765,93.24212942289516
OUT_00766,138.838991834459
OUT_00767,328.421299354288
OUT_00768,125.67502378605715
OUT_00769,363.3338945480648
OUT_00770,221.8856275974127
OUT_00771,321.07397884889656
OUT_00772,328.3259186232876
OUT_00773,860.8647489267495
OUT_00774,134.35985674786238
OUT_00775,358.367315207678
OUT_00776,311.92800058926997
OUT_00777,289.2413373192217
OUT_00778,1929.3752312836364
OUT_00779,249.1299666575764
OUT_00780,178.60832215133945
OUT_00781,135.40555165464025
OUT_00782,262.6288564683723
OUT_00783,184.03548691169473
OUT_00784,126.52453218529656
OUT_00785,333.4243593473289
OUT_00786,246.04822038321586
OUT_00787,294.7917608036958
OUT_00788,291.42703149075976
OUT_00789,901.409064826162
OUT_00790,140.10157025992442
OUT_00791,1997.757306715465
OUT_00792,942.9025706804032
OUT_00793,274.303124819505
OUT_00794,194.05915433270417
OUT_00795,950.6805239024528
OUT_00796,155.53847187920167
OUT_00797,293.1589835228147
OUT_00798,265.3273473094145
OUT_00799,870.7580593225136
OUT_00800,949.0189491971364
OUT_00801,171.4103051039044
OUT_00802,249.31678138758352
OUT_00803,291.9926960652079
OUT_00804,111.892047910097
OUT_00805,106.6259871174733
OUT_00806,200.69273117266584
OUT_00807,156.45607876569
OUT_00808,281.05592532956507
OUT_00809,336.23033318593065
OUT_00810,213.54558322175257
OUT_00811,129.79594928297587
OUT_00812,173.14415592126406
OUT_00813,235.75863460063712
OUT_00814,174.11982909957328
OUT_00815,2540.7925864044314
OUT_00816,239.54538151313054
OUT_00817,227.28150269461202
OUT_00818,289.8687522405631
OUT_00819,152.7389152576635
OUT_00820,112.2667205099922
OUT_00821,180.70008657960145
OUT_00822,281.7586661307336
OUT_00823,915.7710489222763
OUT_00824,105.64495699887895
OUT_00825,307.3114205238491
OUT_00826,298.07454269912574
OUT_00827,163.45586001810386
OUT_00828,429.72018720322103
OUT_00829,198.5326138431022
OUT_00830,154.16898016011984
OUT_00831,137.61867324405668
OUT_00832,156.76545736432666
OUT_00833,317.1197444919645
OUT_00834,330.1323314731372
OUT_00835,322.16607158763327
OUT_00836,354.6343258584559
OUT_00837,932.8038162241996
OUT_00838,350.8773041675579
OUT_00839,177.57210337205444
OUT_00840,2045.986494185817
OUT_00841,144.20558953770404
OUT_00842,136.48749175828416
OUT_00843,357.95808875495163
OUT_00844,128.30854995588976
OUT_00845,286.12032026421315
OUT_00846,187.82800832081574
OUT_00847,215.6047731808157
OUT_00848,338.50729316878784
OUT_00849,250.381583594886
OUT_00850,151.58909501784834
OUT_00851,134.7401164595201
OUT_00852,329.9463976810455
OUT_00853,2036.59805635998
OUT_00854,304.6201484011705
OUT_00855,100.11919777852648
OUT_00856,2080.9697942894763
OUT_00857,953.6925777147252
OUT_00858,101.92403610277896
OUT_00859,162.9444431053388
OUT_00860,209.93169273252187
OUT_00861,111.46193992244967
OUT_00862,118.51371559785933
OUT_00863,144.94483598541035
OUT_00864,104.16646541173691
OUT_00865,299.0616306877112
OUT_00866,259.4440663466651
OUT_00867,280.6073340193509
OUT_00868,258.54538986225134
OUT_00869,476.405287827027
OUT_00870,283.57899691544316
OUT_00871,969.4123882476596
OUT_00872,163.9403524894707
OUT_00873,971.6677814077628
OUT_00874,338.58581939963693
OUT_00875,136.97628717857415
OUT_00876,142.68537310027372
OUT_00877,885.5535721067632
OUT_00878,284.9243918628049
OUT_00879,268.3924090812642
OUT_00880,199.5252684921104
OUT_00881,919.9195118471132
OUT_00882,139.20790754427043
OUT_00883,169.7721669851439
OUT_00884,328.7586907777094
OUT_00885,359.99289803734894
OUT_00886,1977.9762441680605
OUT_00887,141.13768081833456
OUT_00888,283.69745330342533
OUT_00889,350.16072762923864
OUT_00890,329.674809856407
OUT_00891,368.6749114594886
OUT_00892,454.7224053536716
OUT_00893,169.52519907796304
OUT_00894,161.91988512367956
OUT_00895,319.47152000232853
OUT_00896,112.41987325483738
OUT_00897,324.047349141775
OUT_00898,114.1750526744934
OUT_00899,378.1819115856572
OUT_00900,134.6159369648522
OUT_00901,174.19471198277267
OUT_00902,116.14308513636811
OUT_00903,949.5368750671678
OUT_00904,260.6668489579031
OUT_00905,108.0532068696874
OUT_00906,965.289552708637
OUT_00907,116.4890363292511
OUT_00908,133.82675710326765
OUT_00909,182.75296976900495
OUT_00910,199.94687484654065
OUT_00911,158.35627341467145
OUT_00912,899.1095683835028
OUT_00913,299.699601228897
OUT_00914,337.3573429113866
OUT_00915,170.47750514028766
OUT_00916,288.70527448355784
OUT_00917,297.17150025207275
OUT_00918,980.150719588564
OUT_00919,155.1497825268511
OUT_00920,322.11087710742345
OUT_00921,342.6005806707096
OUT_00922,118.12197228563278
OUT_00923,936.3577607629652
OUT_00924,242.16366495507413
OUT_00925,134.10842988383763
OUT_00926,156.24751294606534
OUT_00927,113.73578057466138
OUT_00928,135.76183940699352
OUT_00929,298.573294501016
OUT_00930,342.4024740367118
OUT_00931,117.34166271069829
OUT_00932,191.87408686525637
OUT_00933,988.408546837213
OUT_00934,913.4146034541972
OUT_00935,320.0541831084535
OUT_00936,121.91067889814968
OUT_00937,971.6800214271728
OUT_00938,303.8289987978646
OUT_00939,109.5974526499281
OUT_00940,126.35152825470075
OUT_00941,253.48690751367553
OUT_00942,267.97433711014526
OUT_00943,1018.7086977725372
OUT_00944,103.51139954407611
OUT_00945,333.225387875148
OUT_00946,114.4496511562996
OUT_00947,102.93919170149158
OUT_00948,204.89559773990817
OUT_00949,150.1859081193882
OUT_00950,127.66937291419045
OUT_00951,269.9667356889343
OUT_00952,831.3207255183515
OUT_00953,312.71791271459136
OUT_00954,928.838704378647
OUT_00955,309.1661496551851
OUT_00956,312.22328607515243
OUT_00957,165.71363709858292
OUT_00958,170.67814122287797
OUT_00959,127.48835519829188
OUT_00960,905.6161834603032
OUT_00961,179.9947052382739
OUT_00962,348.3891798746579
OUT_00963,286.46379318441825
OUT_00964,116.76864033638698
OUT_00965,2104.882375350365
OUT_00966,163.52991632232397
OUT_00967,168.38659097524362
OUT_00968,227.66714368524438
OUT_00969,297.16870832812106
OUT_00970,142.75036965740827
OUT_00971,299.9548782190375
OUT_00972,300.9236260424969
OUT_00973,915.0479167690788
OUT_00974,172.40040283348168
OUT_00975,157.83771352366662
OUT_00976,285.25475671041784
OUT_00977,123.45716587641375
OUT_00978,244.34355549768097
OUT_00979,219.49859153527484
OUT_00980,226.81049447881236
OUT_00981,382.9901883564759
OUT_00982,196.36072567684468
OUT_00983,147.00272655109364
OUT_00984,128.10774359978623
OUT_00985,390.0514976730036
OUT_00986,888.007075689213
OUT_00987,196.78485544502527
OUT_00988,315.6062205958286
OUT_00989,127.3986611853554
OUT_00990,996.4652044742852
OUT_00991,144.6211132053199
OUT_00992,255.1202064240356
OUT_00993,130.18745160501712
OUT_00994,1065.6745041538136
OUT_00995,1054.3914868119448
OUT_00996,2187.8310194399146
OUT_00997,325.53055142688373
OUT_00998,345.34765353063585
OUT_00999,324.6549697401774
OUT_01000,177.05151620046476
OUT_01001,180.736672491412
OUT_01002,104.7657285220403
OUT_01003,170.74974699112377
OUT_01004,102.8130793499148
OUT_01005,279.6096149209567
OUT_01006,2206.278781220381
OUT_01007,235.9833045467164
OUT_01008,308.44179444099956
OUT_01009,349.3247831939308
OUT_01010,261.03878971782876
OUT_01011,304.63273726867146
OUT_01012,333.8709578148965
OUT_01013,559.6444469737553
OUT_01014,253.2246765877208
OUT_01015,340.2985484681479
OUT_01016,248.6165480335583
OUT_01017,174.11982909957328
OUT_01018,968.6946579636508
OUT_01019,146.85995134570476
OUT_01020,270.9384859373392
OUT_01021,174.70822798176616
OUT_01022,152.0305681386746
OUT_01023,834.4428502551368
OUT_01024,321.26662542561223
OUT_01025,332.68272529209764
OUT_01026,233.72396677646577
OUT_01027,157.0639054303421
OUT_01028,151.4375296155468
OUT_01029,106.70283050995872
OUT_01030,158.45895482859802
OUT_01031,221.67760865155716
OUT_01032,1970.0433435224145
OUT_01033,132.17415435509878
OUT_01034,140.1730300890589
OUT_01035,282.2542544032215
OUT_01036,918.6090826678436
OUT_01037,287.1972861956227
OUT_01038,352.3230922141591
OUT_01039,321.61211336336874
OUT_01040,337.6044342594344
OUT_01041,304.98784245303585
OUT_01042,253.36574862401167
OUT_01043,161.70654165246606
OUT_01044,1922.4756499953028
OUT_01045,131.35138537103794
OUT_01046,279.5678850339076
OUT_01047,190.78111244217723
OUT_01048,173.8748654611538
OUT_01049,311.7481605940789
OUT_01050,140.88792014122637
OUT_01051,331.099939961361
OUT_01052,170.09406681148897
OUT_01053,127.61631058559163
OUT_01054,274.82666483504653
OUT_01055,322.3388651869827
OUT_01056,342.9059635576951
OUT_01057,139.87147521760443
OUT_01058,275.352972663106
OUT_01059,308.5539243170008
OUT_01060,338.53001371220546
OUT_01061,2001.9501000925463
OUT_01062,152.25431744635918
OUT_01063,421.68783208213387
OUT_01064,142.10011282115872
OUT_01065,138.28124309503463
OUT_01066,134.7401164595201
OUT_01067,151.34289069533776
OUT_01068,143.01836856274844
OUT_01069,255.7691581058607
OUT_01070,207.21926815371378
OUT_01071,164.35242848072582
OUT_01072,291.75890464388976
OUT_01073,949.5491470450391
OUT_01074,307.4956041439592
OUT_01075,343.787282383681
OUT_01076,316.64813562066223
OUT_01077,92.73887675447831
OUT_01078,105.67045765720222
OUT_01079,931.6932833860142
OUT_01080,276.23117517152883
OUT_01081,201.25847910959496
OUT_01082,168.60244693860713
OUT_01083,229.4454442106264
OUT_01084,324.0147812423242
OUT_01085,916.350426744024
OUT_01086,283.85286849122616
OUT_01087,132.6692804125387
OUT_01088,160.96260352204743
OUT_01089,131.76744107684223
OUT_01090,1000.5811174392752
OUT_01091,195.58329359700593
OUT_01092,441.1136730946242
OUT_01093,259.5895440809307
OUT_01094,308.93305070067476
OUT_01095,180.46916417141742
OUT_01096,142.9357257797616
OUT_01097,328.0999103396412
OUT_01098,235.46082899305404
OUT_01099,957.5091855779146
OUT_01100,1958.5676601966209
OUT_01101,108.01399869386124
OUT_01102,302.5753977994986
OUT_01103,128.46603344488742
OUT_01104,113.44893347662016
OUT_01105,920.2211780043182
OUT_01106,159.96869804423454
OUT_01107,927.4163543145172
OUT_01108,1974.91995916746
OUT_01109,318.1969961676021
OUT_01110,322.02631230277825
OUT_01111,320.2914968209953
OUT_01112,339.510227568299
OUT_01113,162.9444431053388
OUT_01114,158.28530647469222
OUT_01115,281.5824276118595
OUT_01116,360.5241187633065
OUT_01117,175.9850588403174
OUT_01118,114.11461311415502
OUT_01119,122.80436780821066
OUT_01120,180.736672491412
OUT_01121,323.29912793760457
OUT_01122,455.52909999794673
OUT_01123,266.37958397782216
OUT_01124,2189.165468731957
OUT_01125,173.83828407058436
OUT_01126,152.6367496999178
OUT_01127,131.76744107684223
OUT_01128,108.02402681991175
OUT_01129,136.4627487191103
OUT_01130,999.588080556349
OUT_01131,125.9963000518048
OUT_01132,140.9987579719529
OUT_01133,931.6050038906212
OUT_01134,913.8296218023266
OUT_01135,1053.3915342817602
OUT_01136,142.5529467387677
OUT_01137,282.901018982218
OUT_01138,300.316439812852
OUT_01140,129.35301851515447
OUT_01141,167.88134362596563
OUT_01142,431.17814044444754
OUT_01143,150.39285249915935
OUT_01144,152.42571226137844
OUT_01145,311.052243162424
OUT_01146,2055.593288218416
OUT_01147,131.73048833806925
OUT_01148,285.32876515042733
OUT_01149,304.4197665917778
OUT_01150,99.3132849239034
OUT_01151,131.87672728624182
OUT_01152,2120.592899872449
OUT_01153,973.4385502213264
OUT_01154,171.74090669793898
OUT_01155,120.66827535428251
OUT_01156,256.74802942598996
OUT_01157,328.59591222451684
OUT_01158,184.1060211362054
OUT_01159,142.55548218024614
OUT_01160,125.93884845181499
OUT_01161,232.9891318596277
OUT_01162,228.89320215308322
OUT_01163,144.16260553179578
OUT_01164,964.5478994020458
OUT_01165,114.4809734058643
OUT_01166,296.7203201132796
OUT_01167,181.8036567729937
OUT_01168,199.14719201321603
OUT_01169,142.4127941633675
OUT_01171,126.9418492132878
OUT_01172,212.190815725051
OUT_01173,303.20669295211513
OUT_01174,105.84106574604095
OUT_01175,890.0499041812748
OUT_01176,277.7973205953456
OUT_01177,139.88256964472347
OUT_01178,924.1344351021992
OUT_01179,230.0542695661108
OUT_01180,263.2778406715016
OUT_01181,129.9007574275605
OUT_01182,310.98728431540286
OUT_01183,121.4970742770288
OUT_01184,157.78116415193114
OUT_01185,92.81184814096164
OUT_01186,130.87460261057268
OUT_01187,193.24919802997928
OUT_01188,102.64592813435372
OUT_01189,145.69393016321794
OUT_01190,219.17535606162593
OUT_01191,316.5273206869819
OUT_01192,102.63575957697036
OUT_01193,161.70654165246606
OUT_01194,285.050554832184
OUT_01195,341.4791508582362
OUT_01196,100.28634283161323
OUT_01197,924.8220293864828
OUT_01198,244.92766669791348
OUT_01199,136.11329050615336
OUT_01200,315.76841159761716
OUT_01201,405.3244914371051
OUT_01202,100.46138245941933
OUT_01203,908.3664652347186
OUT_01204,292.33572017255847
OUT_01205,189.7013994191744
OUT_01206,112.53929130641352
OUT_01207,2029.63157204195
OUT_01208,210.424310942033
OUT_01210,314.7601104079481
OUT_01211,302.9598915802438
OUT_01212,2011.613180993037
OUT_01213,328.39655922943314
OUT_01214,879.8716125150078
OUT_01215,956.9047152555432
OUT_01216,111.78670344467349
OUT_01217,987.355948987784
OUT_01218,337.3437307105541
OUT_01219,137.05082670456852
OUT_01220,383.5441626160396
OUT_01221,1926.74576566842
OUT_01222,437.38818277325606
OUT_01223,286.5417416932921
OUT_01224,278.3385118570967
OUT_01225,306.5170261962777
OUT_01226,159.72255785980892
OUT_01227,195.33946355867448
OUT_01228,151.5665495232552
OUT_01229,145.761417608714
OUT_01230,284.6935893090252
OUT_01231,169.1585615384618
OUT_01232,242.11307536330523
OUT_01233,336.1488617446053
OUT_01234,189.74032691135227
OUT_01235,282.24599428475744
OUT_01236,992.4790085580642
OUT_01237,112.57091202092809
OUT_01238,363.09097580019
OUT_01239,1008.0046814572852
OUT_01240,249.97220500352668
OUT_01241,2099.762398363326
OUT_01242,358.97181406602874
OUT_01243,251.8538753590308
OUT_01244,105.61821167672262
OUT_01245,103.69543861994848
OUT_01246,949.3287003944856
OUT_01247,89.78925513283065
OUT_01248,422.58287621612976
OUT_01249,253.53439020058227
OUT_01250,295.5647051488351
OUT_01251,144.39694553020252
OUT_01252,193.18675206884382
OUT_01253,787.0002803060659
OUT_01254,99.09005561843158
OUT_01255,421.19153385280987
OUT_01256,114.06301213410114
OUT_01257,368.06831947147265
OUT_01258,302.88343556156616
OUT_01259,196.13493707547153
OUT_01260,114.91228689045558
OUT_01261,114.36223981722674
OUT_01262,932.93345981662
OUT_01263,915.164948683034
OUT_01264,118.4940441086626
OUT_01265,257.2119390790017
OUT_01266,314.1308637300083
OUT_01267,875.2856010586098
OUT_01268,258.90785176015913
OUT_01269,157.94588082807712
OUT_01270,950.924374721756
OUT_01271,126.3426930352696
OUT_01272,327.9456568309593
OUT_01273,1008.0440752377168
OUT_01274,164.31929247941738
OUT_01275,186.30161768016512
OUT_01276,187.65816269108208
OUT_01277,126.10920505330051
OUT_01278,305.72966128940436
OUT_01279,278.08159680065233
OUT_01280,320.09044838536346
OUT_01281,298.98305873109086
OUT_01282,225.76544254784292
OUT_01283,101.7046478616515
OUT_01284,313.81685118459444
OUT_01285,123.41490899532826
OUT_01286,124.53230413653594
OUT_01287,861.4903130344338
OUT_01288,913.0772408811908
OUT_01289,113.54344037002652
OUT_01290,301.5276562971442
OUT_01291,934.7195938362167
OUT_01292,974.9892056453986
OUT_01293,309.89224950967747
OUT_01294,133.42197128287123
OUT_01295,338.437627954597
OUT_01296,152.01029236363172
OUT_01297,200.24272541732535
OUT_01298,309.1039140201822
OUT_01299,1938.456381560718
OUT_01300,270.47977629432046
OUT_01301,180.0644714982486
OUT_01302,174.35399205821585
OUT_01303,215.4681894021016
OUT_01304,889.4978894082712
OUT_01305,193.53485226346854
OUT_01306,278.9240379749366
OUT_01307,329.20240696318353
OUT_01308,155.40851934624467
OUT_01309,421.94084394992
OUT_01310,163.2993363024419
OUT_01311,127.66937291419045
OUT_01312,195.90351108672473
OUT_01313,115.97777785169392
OUT_01314,319.17455238445046
OUT_01315,136.68711734534912
OUT_01316,2093.12391200745
OUT_01317,117.8556442665103
OUT_01318,112.15333128135195
OUT_01319,146.89458396021007
OUT_01320,123.34303003400274
OUT_01321,137.2723076509267
OUT_01322,126.16008054826543
OUT_01323,354.7543342903058
OUT_01324,186.85261240859128
OUT_01325,239.91757948999975
OUT_01326,113.24364094254165
OUT_01327,108.1631106096007
OUT_01328,295.1761655143037
OUT_01329,119.68617330386968
OUT_01330,92.38804262908265
OUT_01331,1008.4136272150656
OUT_01332,350.18650633721546
OUT_01333,114.7824842179932
OUT_01334,356.5618270323046
OUT_01335,85.89974074832355
OUT_01336,141.623984381395
OUT_01337,142.96382545234175
OUT_01338,933.38212369028
OUT_01339,272.81326499979275
OUT_01340,248.7761721465479
OUT_01341,126.45637734746724
OUT_01342,303.6827301127617
OUT_01343,141.96668227793435
OUT_01344,159.8965136669515
OUT_01345,280.25191250754835
OUT_01346,338.3375676844224
OUT_01347,262.43250356845283
OUT_01348,316.70013724561625
OUT_01349,129.5337503497541
OUT_01350,256.0277941672764
OUT_01351,125.56830347406571
OUT_01352,955.6766602101312
OUT_01353,177.57210337205444
OUT_01354,110.3567329926898
OUT_01355,868.7671695492822
OUT_01356,337.118593467416
OUT_01357,92.09107629090332
OUT_01358,283.9960716928233
OUT_01359,125.52860926794949
OUT_01360,310.6640451854938
OUT_01361,209.66365644882117
OUT_01362,2007.044184827612
OUT_01363,203.9071156534855
OUT_01364,293.2575862371476
OUT_01365,133.64094737706455
OUT_01366,310.0715866081981
OUT_01367,335.9712598288825
OUT_01368,176.08837210374244
OUT_01369,1026.362864365903
OUT_01370,81.64878512859806
OUT_01371,170.7902659568416
OUT_01372,249.31008535421168
OUT_01373,265.95358570833963
OUT_01374,336.2394608261271
OUT_01375,905.2478877163702
OUT_01376,2006.914326221476
OUT_01377,271.5442079294204
OUT_01378,227.95640814492373
OUT_01379,171.5609896575043
OUT_01380,307.22438116059806
OUT_01381,113.5237839091834
OUT_01382,932.5436897218042
OUT_01383,304.3397592687119
OUT_01384,182.38271454237187
OUT_01385,298.4179717789199
OUT_01386,300.81926196953754
OUT_01387,116.51787020593682
OUT_01388,285.0126119879579
OUT_01389,1049.8074395849935
OUT_01390,211.57295184940517
OUT_01391,1018.5955982152476
OUT_01392,326.6106738043864
OUT_01393,183.02100887141037
OUT_01394,199.35392012524898
OUT_01395,277.3921398794702
OUT_01396,1009.2911797659204
OUT_01397,181.30179160413044
OUT_01398,248.1694530674797
OUT_01399,169.69331525064106
OUT_01400,988.2722002469568
OUT_01401,319.0452318087517
OUT_01402,193.10909993677785
OUT_01403,324.6299750125961
OUT_01404,240.22647896106608
OUT_01405,502.98020963700117
OUT_01406,136.98512892986565
OUT_01407,232.4022423354222
OUT_01408,325.8188935359569
OUT_01409,948.8337056502
OUT_01410,1016.9109227627976
OUT_01411,916.4312260728948
OUT_01412,301.8090091671987
OUT_01413,307.4247207337149
OUT_01414,130.0271604544094
OUT_01415,104.64430339710037
OUT_01416,145.08171375970892
OUT_01417,290.25133175583323
OUT_01418,267.23139175860604
OUT_01419,297.3337789318366
OUT_01420,904.272491270151
OUT_01421,148.68777129912257
OUT_01422,113.86158268348763
OUT_01423,176.0133028456825
OUT_01424,162.47627443787275
OUT_01425,270.9613162148373
OUT_01426,127.66937291419045
OUT_01427,186.30161768016512
OUT_01428,282.4988928110549
OUT_01429,130.0271604544094
OUT_01430,147.38355124845816
OUT_01431,122.99838202854716
OUT_01432,228.78189122333816
OUT_01433,167.54392742516234
OUT_01434,92.67980350096408
OUT_01436,321.8449699713394
OUT_01437,960.7787262275532
OUT_01438,101.44590276025052
OUT_01439,315.85479220821554
OUT_01440,2014.3293825953003
OUT_01441,293.4219832201968
OUT_01442,257.9168370504731
OUT_01444,279.6265890919045
OUT_01445,300.7532763572832
OUT_01446,111.79381820333636
OUT_01447,857.5003691372611
OUT_01448,308.1106447372276
OUT_01449,346.9806518505715
OUT_01450,185.61355447682433
OUT_01451,300.6099288289092
OUT_01452,394.26146337078865
OUT_01453,925.444889721826
OUT_01454,179.9402864025884
OUT_01455,133.59705294855863
OUT_01456,124.06949608129872
OUT_01457,132.18940014131906
OUT_01458,307.64649452395
OUT_01459,120.54821448850127
OUT_01460,340.8469808061969
OUT_01461,894.8158940348474
OUT_01462,144.43649523861728
OUT_01463,271.07827036412533
OUT_01464,128.6297618290486
OUT_01465,134.62247083237355
OUT_01466,126.56942367725223
OUT_01467,151.4673993953695
OUT_01468,161.01395273672154
OUT_01469,158.67250932263053
OUT_01470,254.0846595120669
OUT_01471,1993.9875235603783
OUT_01472,1903.05919186538
OUT_01473,994.52734905212
OUT_01474,161.26561824295592
OUT_01475,123.62443494354821
OUT_01476,278.8122446784084
OUT_01477,139.2015639507475
OUT_01478,143.74929503759512
OUT_01479,132.77917539060053
OUT_01480,144.48371949584987
OUT_01481,841.991751197588
OUT_01482,135.60429041567917
OUT_01483,271.41475115786966
OUT_01484,220.21772225448893
OUT_01485,893.8170205754133
OUT_01486,148.57912467949987
OUT_01487,193.0543690716837
OUT_01488,90.51286443074618
OUT_01489,178.75537449210705
OUT_01490,292.5307554715629
OUT_01491,204.37089957758621
OUT_01492,139.88256964472347
OUT_01493,135.19181555867917
OUT_01494,144.00641297024092
OUT_01495,270.7704650959551
OUT_01496,121.67287141527412
OUT_01497,284.1539990461342
OUT_01498,272.1762954905952
OUT_01499,302.491334013618
OUT_01500,941.9821575792948
OUT_01501,141.76110453876458
OUT_01502,353.83649921272576
OUT_01503,954.790900025724
OUT_01504,284.2960426468818
OUT_01505,2087.747949445708
OUT_01506,886.1591227022471
OUT_01507,964.1431497398262
OUT_01508,179.11850842992231
OUT_01509,107.4068539961547
OUT_01510,302.0569474678169
OUT_01511,157.78116415193114
OUT_01512,98.6253079299544
OUT_01513,412.8786719044411
OUT_01514,1956.4714564503752
OUT_01515,143.62457910529665
OUT_01516,197.4492949515243
OUT_01517,268.5436214249255
OUT_01518,299.8370115100142
OUT_01519,143.8253941638199
OUT_01520,950.9245775799602
OUT_01521,318.3017838833927
OUT_01522,134.5319187260127
OUT_01523,309.568860907058
OUT_01524,264.001440014768
OUT_01525,120.76642274257205
OUT_01526,297.9223710697526
OUT_01527,965.765656147007
OUT_01528,2178.2250994089354
OUT_01529,138.4998255166667
OUT_01530,156.73876597371157
OUT_01531,203.84936391635088
OUT_01532,892.1500537783804
OUT_01533,123.76658984144444
OUT_01534,167.04663193158828
OUT_01535,120.2215059431915
OUT_01536,250.28237184648827
OUT_01537,244.19699363173277
OUT_01538,144.05929104788814
OUT_01539,121.20487432894068
OUT_01540,1018.270441234645
OUT_01541,163.69118973233668
OUT_01542,194.8785194276361
OUT_01543,141.7615670758661
OUT_01544,177.94374541345647
OUT_01545,364.568333429197
OUT_01546,332.7573851487607
OUT_01547,340.80613213839223
OUT_01548,160.92008151939208
OUT_01549,322.0708355599112
OUT_01550,320.6196615188196
OUT_01551,184.4442810242526
OUT_01552,358.2582215048388
OUT_01553,257.29964145961264
OUT_01554,2049.136168003851
OUT_01555,248.1694530674797
OUT_01556,127.1635460716482
OUT_01557,1985.268698251244
OUT_01558,111.60133491001444
OUT_01559,996.1096628111536
OUT_01560,931.6676248931026
OUT_01561,182.75116478933023
OUT_01562,294.81148447559514
OUT_01563,287.4601545486622
OUT_01564,162.40912705599953
OUT_01565,285.1335155236911
OUT_01566,133.1620287825584
OUT_01567,1961.2257471512348
OUT_01568,213.55254716147456
OUT_01569,139.24909815858337
OUT_01570,890.8792715862936
OUT_01571,197.29910258356048
OUT_01572,329.55456215050657
OUT_01573,135.99404773248244
OUT_01574,115.47474269625204
OUT_01575,346.36848848983215
OUT_01576,226.02571363970515
OUT_01577,299.76740466272867
OUT_01578,241.78537563344807
OUT_01579,191.9553559066637
OUT_01580,234.85662721148526
OUT_01581,257.6883205453934
OUT_01582,892.1554070115309
OUT_01583,311.1286825059678
OUT_01584,134.73748986499493
OUT_01585,94.38421028635342
OUT_01586,151.62347068408795
OUT_01587,113.40752865617252
OUT_01588,300.87434497088924
OUT_01589,320.016556455079
OUT_01590,111.31846760464786
OUT_01591,136.8466842928874
OUT_01592,145.2019731553513
OUT_01593,884.007780161345
OUT_01594,349.8866203811098
OUT_01595,2154.9759689089738
OUT_01596,304.7848634439456
OUT_01597,134.37756799083732
OUT_01598,406.6036899214496
OUT_01599,146.89458396021007
OUT_01600,132.1816962023009
OUT_01601,149.70522519533947
OUT_01602,313.32983582424305
OUT_01603,301.7678477617021
OUT_01604,175.27598322662013
OUT_01605,924.7941167135472
OUT_01606,388.1470919861285
OUT_01607,296.1061136841
OUT_01608,209.50568476819043
OUT_01609,314.0670439585525
OUT_01610,252.19517972093527
OUT_01611,133.02393135925658
OUT_01612,144.43649523861728
OUT_01613,97.78028637556059
OUT_01614,332.08638222350373
OUT_01615,169.41715325538885
OUT_01616,133.2367729431046
OUT_01617,154.1153698415966
OUT_01618,165.19011551782776
OUT_01619,381.0704067642676
OUT_01620,308.7008544228037
OUT_01621,965.597098228757
OUT_01622,193.59849845673565
OUT_01623,201.752974566531
OUT_01624,1996.9351837160336
OUT_01625,138.81629088462745
OUT_01626,151.96683208925006
OUT_01627,167.52052382254882
OUT_01628,138.75256174313301
OUT_01629,852.2877189227044
OUT_01630,125.7483779553904
OUT_01631,145.40238276975256
OUT_01632,191.83138603633356
OUT_01633,201.59370963496028
OUT_01634,928.843661807736
OUT_01635,278.40972048876256
OUT_01636,248.8715359419501
OUT_01637,140.45048061731245
OUT_01638,289.08227741
OUT_01639,1388.206301070045
OUT_01640,2328.10528875349
OUT_01641,2099.165778760078
OUT_01642,196.96208409542217
OUT_01643,129.90005547054628
OUT_01644,163.72820736766406
OUT_01645,165.36042591148134
OUT_01646,118.3979557114901
OUT_01647,113.26292887342984
OUT_01648,330.55442260502116
OUT_01649,112.36675399689334
OUT_01650,1926.2053833482305
OUT_01651,436.5047339831897
OUT_01652,207.31638511240837
OUT_01653,296.05346725941826
OUT_01654,900.4368962365154
OUT_01655,144.8681076460993
OUT_01656,941.5215025092444
OUT_01657,149.79795304126162
OUT_01658,241.56805521409277
OUT_01659,175.27598322662013
OUT_01660,244.8673447018916
OUT_01661,316.97714143714273
OUT_01662,292.76928381879566
OUT_01663,172.76066947482346
OUT_01664,149.08537390733818
OUT_01665,1978.5312625992613
OUT_01666,931.8290862956776
OUT_01667,292.9728236097697
OUT_01668,209.06002132731854
OUT_01669,177.15232852333276
OUT_01670,160.48559374563567
OUT_01671,143.2516341431339
OUT_01672,261.0247091259117
OUT_01673,152.42271059532928
OUT_01674,100.04477985865026
OUT_01675,272.35484153668153
OUT_01676,386.7853760524348
OUT_01677,255.38876184755043
OUT_01678,100.12450464669995
OUT_01679,908.4387575723943
OUT_01680,302.1875495225066
OUT_01681,156.57976032881697
OUT_01682,268.86227485789783
OUT_01683,182.75102124529832
OUT_01684,191.48893228144644
OUT_01685,112.96307224121334
OUT_01686,275.3570453659973
OUT_01688,321.4502015351538
OUT_01689,167.35526653886143
OUT_01690,186.79993412517118
OUT_01691,2015.7948095635336
OUT_01692,359.2777925162513
OUT_01693,121.74463356510525
OUT_01694,924.6510465809424
OUT_01695,339.57288194219745
OUT_01696,126.27944307527336
OUT_01697,337.31863890092615
OUT_01698,154.12325053101264
OUT_01699,89.78925513283065
OUT_01700,113.12877115286328
OUT_01701,288.7531507663897
OUT_01702,120.43942282866384
OUT_01703,160.32151780247938
OUT_01704,300.8283170491096
OUT_01705,983.9185735902254
OUT_01707,114.05253496708272
OUT_01708,299.1308250761949
OUT_01709,130.7845237179233
OUT_01710,328.47432552666226
OUT_01711,177.81829471946946
OUT_01712,1956.1493064837389
OUT_01713,96.91247268244896
OUT_01714,399.9190120756399
OUT_01715,271.03430499792034
OUT_01716,2067.8650376754067
OUT_01717,148.96244463425185
OUT_01718,285.3380938235373
OUT_01719,144.75262722246063
OUT_01720,185.45302850224613
OUT_01721,179.1351742622357
OUT_01722,154.38147589107052
OUT_01723,262.6178032614985
OUT_01724,136.25945024211953
OUT_01725,2091.206626945172
OUT_01726,99.63064916538107
OUT_01727,274.83627822333153
OUT_01728,165.5621999151304
OUT_01729,134.18368217753684
OUT_01730,324.7739653689265
OUT_01731,347.92188375995437
OUT_01732,282.39422026300275
OUT_01733,584.7840025339473
OUT_01734,292.6460037301928
OUT_01735,1058.581983639158
OUT_01736,1898.946455378748
OUT_01737,915.0661399283326
OUT_01738,286.65290081140176
OUT_01739,303.92277145804667
OUT_01740,957.9619064972452
OUT_01741,258.5254745517737
OUT_01742,278.58276496920143
OUT_01743,197.53782969685815
OUT_01744,328.39655922943314
OUT_01745,133.97319485203062
OUT_01746,330.3348306193159
OUT_01747,110.527629083722
OUT_01748,129.53608353540162
OUT_01749,966.9188376771114
OUT_01750,155.99476358001186
OUT_01751,161.91988512367956
OUT_01752,140.8231536327789
OUT_01753,102.45575277943036
OUT_01754,306.1923197929224
OUT_01755,346.10060158254424
OUT_01756,322.734071063763
OUT_01757,955.6932816621368
OUT_01758,1067.6180166322572
OUT_01759,212.46703287250125
OUT_01760,1974.967073335231
OUT_01761,215.26352305725436
OUT_01762,277.6727247761081
OUT_01763,283.3132711319521
OUT_01764,124.56114555083772
OUT_01765,125.8714654746215
OUT_01766,869.2044089452825
OUT_01767,913.597996921446
OUT_01768,294.54244223802624
OUT_01769,114.8262696318172
OUT_01770,259.739560346704
OUT_01771,192.27107035094969
OUT_01772,307.4486293995208
OUT_01773,109.5033849646944
OUT_01774,356.8503093275129
OUT_01775,905.0483978476498
OUT_01776,209.10956600045833
OUT_01777,208.38873891438624
OUT_01778,302.45923204175176
OUT_01779,251.89726217303811
OUT_01780,325.61961109244635
OUT_01781,206.92415339375577
OUT_01782,2066.091905306341
OUT_01783,175.36286202129622
OUT_01784,163.65244359091508
OUT_01785,1076.7440759563394
OUT_01786,127.60592694590643
OUT_01787,144.96333747719245
OUT_01788,274.606179937704
OUT_01789,295.7488740151081
OUT_01790,184.58581029195565
OUT_01791,426.24263562195233
OUT_01792,150.9343157035748
OUT_01793,148.12402508384372
OUT_01794,322.4017851740148
OUT_01795,298.88453261311
OUT_01796,245.16802041672065
OUT_01797,116.86870717716064
OUT_01798,235.76751578391068
OUT_01799,156.24751294606534
OUT_01800,247.80971467840163
OUT_01801,902.4324365560154
OUT_01802,963.9147975304506
OUT_01803,933.2480851163544
OUT_01804,367.0080364905408
OUT_01805,294.3074330581088
OUT_01806,1024.4324378688805
OUT_01807,132.6716817280929
OUT_01808,298.1048980139879
OUT_01809,295.1022991975738
OUT_01810,213.16061414967905
OUT_01811,114.86827186237608
OUT_01812,233.07997319957008
OUT_01813,359.38622929770474
OUT_01814,330.9464130776772
OUT_01815,124.23743987372279
OUT_01816,150.55507745477354
OUT_01817,135.22648558542963
OUT_01818,238.36088210034572
OUT_01819,419.5257985778338
OUT_01820,327.7255967482256
OUT_01821,2075.7809935918312
OUT_01822,163.69618845645104
OUT_01823,190.6981990570704
OUT_01824,160.90233107810786
OUT_01825,983.3298933733108
OUT_01826,1016.7113208470556
OUT_01827,971.5041212091857
OUT_01828,344.98804700310905
OUT_01829,105.62680968140184
OUT_01830,123.09238551078376
OUT_01831,90.83464391998704
OUT_01832,171.25451214093047
OUT_01833,209.51303984686788
OUT_01834,1014.3568159468928
OUT_01835,929.439903785903
OUT_01836,97.94176807171752
OUT_01837,138.20037176428644
OUT_01838,403.51690378759116
OUT_01839,294.5002563708507
OUT_01840,156.16337625466846
OUT_01841,1961.079268047789
OUT_01842,270.0628294040281
OUT_01843,142.38645095937477
OUT_01844,905.0348702170336
OUT_01845,159.11430698813652
OUT_01846,168.61382116771426
OUT_01847,971.8997569264336
OUT_01848,309.71949074546194
OUT_01849,189.9623785622908
OUT_01850,284.6935893090252
OUT_01851,921.8620171607804
OUT_01852,866.2762774141469
OUT_01853,345.3919211703764
OUT_01854,942.8563952072336
OUT_01855,147.87468906941908
OUT_01856,313.67640644547214
OUT_01857,219.92593651212965
OUT_01858,142.37380639703227
OUT_01859,156.76545736432666
OUT_01860,276.00607197696326
OUT_01861,280.5650151379592
OUT_01862,119.06157625760564
OUT_01863,269.52586167351694
OUT_01864,272.79696202740035
OUT_01865,121.0667842476844
OUT_01866,133.82073642283981
OUT_01867,131.09815235251503
OUT_01868,244.58904407993955
OUT_01869,2010.0226966352284
OUT_01870,197.62727978523114
OUT_01872,288.19471561429873
OUT_01873,336.5543305586916
OUT_01874,407.79008881984964
OUT_01875,289.0552544459325
OUT_01876,302.65094680033883
OUT_01877,989.7673307611008
OUT_01878,974.1437165828722
OUT_01879,1933.839126647668
OUT_01880,229.26778939290867
OUT_01881,268.7564560769828
OUT_01882,152.03750761637272
OUT_01883,103.53057974437199
OUT_01884,115.42201216953934
OUT_01885,346.422936957291
OUT_01886,183.6133702556233
OUT_01887,964.4994436089768
OUT_01888,137.49921505880775
OUT_01889,267.36349988684617
OUT_01890,127.66937291419045
OUT_01891,950.2689225542088
OUT_01892,262.62105275407043
OUT_01893,126.12669700271968
OUT_01894,343.8194855385934
OUT_01895,138.80305915483427
OUT_01896,202.5120887044763
OUT_01897,974.3537194412642
OUT_01898,296.9002132380925
OUT_01899,933.5776260705768
OUT_01900,319.6251888186199
OUT_01901,2041.068749813818
OUT_01902,394.26146337078865
OUT_01903,2087.9115951183176
OUT_01904,573.8647498940338
OUT_01905,102.03083629491708
OUT_01906,2009.928499575416
OUT_01907,981.8275213141262
OUT_01908,862.6498909492175
OUT_01909,251.94922023721224
OUT_01910,124.72637121099028
OUT_01911,310.05134625672827
OUT_01912,112.50601067887033
OUT_01913,283.22670404455005
OUT_01914,148.50060401258693
OUT_01915,112.85680757538027
OUT_01916,207.46547247622436
OUT_01917,295.1594601926735
OUT_01918,141.94744678342775
OUT_01919,126.11676915172356
OUT_01920,338.204662294352
OUT_01921,142.0409997813757
OUT_01922,127.26939006271223
OUT_01923,138.31481485700218
OUT_01924,129.38023420471842
OUT_01925,925.889061045492
OUT_01926,921.620818602352
OUT_01927,301.752112069308
OUT_01928,985.2338216552836
OUT_01929,326.7316930262572
OUT_01930,126.5666967169738
OUT_01931,463.2972787754031
OUT_01932,244.76595940743252
OUT_01933,273.5836207603308
OUT_01934,204.4765097585273
OUT_01936,235.06392095883405
OUT_01937,2012.4404657963764
OUT_01938,315.8710584553945
OUT_01939,304.64253495824926
OUT_01940,125.7483779553904
OUT_01941,396.87921244426826
OUT_01942,216.1851494683023
OUT_01943,182.95730896189568
OUT_01944,2016.9828668929256
OUT_01945,128.66204341842052
OUT_01946,326.52897522887474
OUT_01947,161.80797754360344
OUT_01948,325.8504342027296
OUT_01949,106.56287090898375
OUT_01951,878.13286365904
OUT_01952,144.9945169315656
OUT_01953,965.3697211390564
OUT_01954,471.2506889549418
OUT_01955,945.926269614913
OUT_01956,184.91339241736281
OUT_01957,167.04663193158828
OUT_01958,289.6646801088333
OUT_01959,250.06552293407267
OUT_01960,114.74071826721588
OUT_01961,958.8883705676828
OUT_01962,399.9190120756399
OUT_01963,940.6040565189098
OUT_01964,120.40313910884471
OUT_01965,299.768109748035
OUT_01966,117.74364782533138
OUT_01967,914.306239546005
OUT_01968,276.37782829293917
OUT_01969,99.9142240909956
OUT_01970,1991.5896143112152
OUT_01971,359.0804935207255
OUT_01972,144.9945169315656
OUT_01973,148.0172231491042
OUT_01974,111.41258413199733
OUT_01975,287.4313302391663
OUT_01976,244.30494714871557
OUT_01977,202.5908949156641
OUT_01978,100.68342962852192
OUT_01979,402.03643537859057
OUT_01980,310.30917128287206
OUT_01981,324.4851845885316
OUT_01982,1026.195195950267
OUT_01983,313.99920784047583
OUT_01984,902.0947604934264
OUT_01985,993.5532292404934
OUT_01986,106.16113051000328
OUT_01987,201.3779514923817
OUT_01988,255.5839548262989
OUT_01989,307.37010273377985
OUT_01990,135.81659335960063
OUT_01991,993.469701035932
OUT_01992,268.6869771442831
OUT_01993,188.36153647429992
OUT_01994,273.5192757603421
OUT_01995,232.4022423354222
OUT_01996,898.8644895972678
OUT_01997,896.714554163756
OUT_01998,136.7354071143112
OUT_01999,1004.9990434095484
OUT_02000,331.17649382314335
OUT_02001,119.13210584051248
OUT_02002,167.5008339589203
OUT_02003,129.04971645216995
OUT_02004,219.44213952987994
OUT_02005,225.73997193994956
OUT_02006,389.4091809470656
OUT_02007,262.9120584079026
OUT_02008,281.1306075451348
OUT_02009,313.67687940214125
OUT_02010,149.75928944914853
OUT_02011,150.36025112966843
OUT_02012,320.1234166420052
OUT_02013,112.12604762684461
OUT_02014,849.2389539296357
OUT_02015,148.9500903899788
OUT_02016,1516.7270194277737
OUT_02017,956.4661085045406
OUT_02018,279.9504689072283
OUT_02019,390.5718335788991
OUT_02020,108.5702982818833
OUT_02021,186.4999286074718
OUT_02022,1989.2119780094604
OUT_02023,614.4479864213838
OUT_02024,282.1684370818964
OUT_02025,2036.4326174125288
OUT_02026,366.4634030308523
OUT_02027,315.0242038263883
OUT_02028,264.71756898549404
OUT_02029,343.35189922786174
OUT_02030,308.3743574515802
OUT_02031,294.1035114929218
OUT_02032,356.9885009191163
OUT_02033,162.01718039389493
OUT_02034,1995.8417591362368
OUT_02035,207.97561398427064
OUT_02036,237.85366730617355
OUT_02037,112.59510010863583
OUT_02038,150.54296499861886
OUT_02039,291.7586954629054
OUT_02040,265.12453803349644
OUT_02041,112.15215703113248
OUT_02042,184.96630862632065
OUT_02043,279.32286442006557
OUT_02044,947.8838261478712
OUT_02045,270.26888681553527
OUT_02046,107.67624845519624
OUT_02047,1492.719074266945
OUT_02048,135.99039314380053
OUT_02049,104.79586760039552
OUT_02050,161.9639348959598
OUT_02051,353.765696392016
OUT_02053,141.30455546357177
OUT_02054,840.222619955515
OUT_02055,325.18361788544775
OUT_02056,2002.7096175076103
OUT_02057,324.4263606561417
OUT_02058,1037.1417505913253
OUT_02059,258.3591367073486
OUT_02060,152.21315999723467
OUT_02061,219.39507693589698
OUT_02062,95.99292413985658
OUT_02063,175.63259082114743
OUT_02064,159.84153361876545
OUT_02065,170.21339614705664
OUT_02066,974.972941088727
OUT_02067,118.37650342328155
OUT_02068,938.9536322475514
OUT_02069,112.84448678021488
OUT_02070,225.4112432717659
OUT_02071,144.7944006294254
OUT_02072,996.7011738263224
OUT_02073,2002.457303624761
OUT_02074,177.9842298577065
OUT_02075,91.09075399266749
OUT_02076,116.60881732023167
OUT_02077,90.61064771029687
OUT_02078,2059.8919467424016
OUT_02079,311.1771789519236
OUT_02080,137.732087202692
OUT_02081,172.03388894507611
OUT_02082,176.52516814937448
OUT_02083,1944.7966438483488
OUT_02084,348.3382791350744
OUT_02085,884.1558649526783
OUT_02086,368.0744808693709
OUT_02087,311.75024235503025
OUT_02088,916.6931797384495
OUT_02089,165.56347462410096
OUT_02090,160.54741895816514
OUT_02091,126.65342025311575
OUT_02092,308.5469217776866
OUT_02093,94.27346783590933
OUT_02094,884.6856123465184
OUT_02095,300.4449114594177
OUT_02096,2070.0884176565287
OUT_02097,960.3818649055864
OUT_02098,329.2261193069195
OUT_02099,318.60865526797505
OUT_02100,177.75561688379292
OUT_02101,182.7113158774569
OUT_02102,139.88256964472347
OUT_02103,317.6813258754294
OUT_02104,351.43302796929106
OUT_02105,110.08256499815386
OUT_02106,254.29386905020618
OUT_02107,106.10216736584762
OUT_02108,169.1053520504073
OUT_02109,335.47269283877887
OUT_02110,164.2621947753828
OUT_02111,163.64396004120528
OUT_02112,173.25757214756115
OUT_02113,327.5560157382478
OUT_02114,313.3810467999732
OUT_02115,184.5797598717442
OUT_02116,112.34474842254942
OUT_02117,298.2800550542403
OUT_02118,270.5642742554685
OUT_02119,280.882472133756
OUT_02120,127.25588456630953
OUT_02121,982.8365230151106
OUT_02122,154.38147589107052
OUT_02123,283.57252477573405
OUT_02124,357.6800125766942
OUT_02125,95.74589128030664
OUT_02126,155.23251078546508
OUT_02127,140.45048061731245
OUT_02128,877.2624333485631
OUT_02129,149.01088307780861
OUT_02130,275.78604346203537
OUT_02131,689.8300093287168
OUT_02132,283.08002400940586
OUT_02133,923.5757571257756
OUT_02134,283.16874873295023
OUT_02135,335.93577168275516
OUT_02136,899.1896400408039
OUT_02137,289.1116163082925
OUT_02138,1014.2368601031874
OUT_02139,1048.0515123358532
OUT_02140,159.0759034637468
OUT_02141,272.95856341383717
OUT_02142,252.79108640358925
OUT_02143,264.2904971286159
OUT_02144,138.2566658735404
OUT_02145,268.32850294481676
OUT_02146,1714.271199113197
OUT_02147,321.05703407416223
OUT_02148,339.1866176488837
OUT_02149,101.3231139434605
OUT_02150,118.03474751916389
OUT_02151,267.7861842277181
OUT_02152,2415.1690107393947
OUT_02153,109.08694834299648
OUT_02154,127.21106747713269
OUT_02155,260.2262893060587
OUT_02156,132.59982468107043
OUT_02157,288.0276526433817
OUT_02158,233.7488322280071
OUT_02159,173.7308484217558
OUT_02160,376.5508788929984
OUT_02161,372.92908558901837
OUT_02162,284.4153746852305
OUT_02163,391.3078755416873
OUT_02164,301.2454849578823
OUT_02165,145.70462238617202
OUT_02166,208.66741489781518
OUT_02167,143.38760437311862
OUT_02168,191.21195915205791
OUT_02169,134.66849473998457
OUT_02170,160.61310977913703
OUT_02171,208.61529271603953
OUT_02172,330.53116716010265
OUT_02173,240.29695365714804
OUT_02174,166.74593052484667
OUT_02175,116.27520570172108
OUT_02176,2057.4365904427627
OUT_02177,297.2662451856646
OUT_02178,162.97767720817248
OUT_02179,314.32226292698056
OUT_02180,1952.8148677361417
OUT_02181,914.3825975090988
OUT_02182,139.6245945278154
OUT_02183,272.77328637549687
OUT_02184,280.1006333957343
OUT_02185,368.770420401742
OUT_02186,131.8631261447717
OUT_02187,314.4792075155559
OUT_02188,188.09938407531823
OUT_02189,170.67814122287797
OUT_02190,2102.919342824554
OUT_02191,313.7963408679439
OUT_02192,285.2722546790281
OUT_02193,371.8983301838568
OUT_02194,165.97236160534942
OUT_02195,193.89668994712818
OUT_02196,288.1689666040869
OUT_02197,113.12936764535463
OUT_02198,172.55481267083223
OUT_02199,150.13794440367516
OUT_02200,329.481822029839
OUT_02201,992.7529390999337
OUT_02203,1037.5481271768408
OUT_02204,334.4371378389775
OUT_02205,935.1636673910108
OUT_02206,464.4849435970112
OUT_02207,906.0200282324582
OUT_02208,182.9542156678473
OUT_02209,178.75537449210705
OUT_02210,127.66816136962736
OUT_02211,169.02628397111138
OUT_02212,377.5031452767371
OUT_02213,95.7239956482145
OUT_02214,251.31421479723045
OUT_02215,359.8760960204764
OUT_02216,303.21429901854987
OUT_02217,866.821158307427
OUT_02218,337.9582838339763
OUT_02219,270.8802920280623
OUT_02220,209.8948644784257
OUT_02221,171.29325029101062
OUT_02222,160.01798415625532
OUT_02223,304.0697287150933
OUT_02224,294.7688487795738
OUT_02225,103.64364636641524
OUT_02226,317.80095083838734
OUT_02227,204.67158824783013
OUT_02228,270.33733175614
OUT_02229,271.95927625096897
OUT_02230,282.9066774184949
OUT_02231,113.70320350039081
OUT_02232,92.04813185253349
OUT_02233,133.07369640289463
OUT_02234,320.3472947886712
OUT_02235,154.38147589107052
OUT_02236,1942.5204640541783
OUT_02237,122.54233442487019
OUT_02238,946.2554860608794
OUT_02239,121.11646053923815
OUT_02240,128.6903652768302
OUT_02241,182.6288206376604
OUT_02242,915.4665382903892
OUT_02243,907.352993317724
OUT_02244,255.941103010841
OUT_02245,199.45893443663158
OUT_02246,920.2268188061618
OUT_02247,365.12974468903656
OUT_02248,348.0605944556028
OUT_02249,281.99354334256884
OUT_02250,145.33711071349174
OUT_02251,125.45578679185901
OUT_02252,222.45268774840346
OUT_02253,263.61317103739583
OUT_02254,273.7190957561981
OUT_02255,337.1017090842533
OUT_02256,209.45169694183116
OUT_02257,355.67135452637126
OUT_02258,116.04034547564244
OUT_02259,130.95776836707364
OUT_02260,134.13379516389742
OUT_02261,169.35068365906346
OUT_02262,133.72595525509612
OUT_02263,350.4449150803662
OUT_02265,170.26000882024965
OUT_02266,392.2266744223766
OUT_02267,1008.2014889365248
OUT_02268,101.0544290808358
OUT_02269,320.2827688946932
OUT_02270,123.91040031308124
OUT_02271,483.4479445388808
OUT_02272,299.3412553265673
OUT_02273,259.6171726647716
OUT_02274,571.7657653254336
OUT_02275,325.75000293580166
OUT_02276,84.6982506659222
OUT_02277,337.8209464326961
OUT_02278,130.55012755271744
OUT_02279,846.8454160952174
OUT_02280,320.2930281882477
OUT_02281,105.94673879428767
OUT_02282,158.73524450207125
OUT_02283,119.92636599794788
OUT_02284,335.1761506172505
OUT_02285,150.15700634457522
OUT_02286,830.3013793080905
OUT_02287,260.21102475431076
OUT_02288,328.9828891234161
OUT_02289,104.40244405492558
OUT_02290,145.17685683290165
OUT_02291,139.05121144027763
OUT_02292,139.38349141785926
OUT_02293,209.01108327555627
OUT_02294,168.57647297584302
OUT_02295,281.2310401677865
OUT_02296,239.78560557099752
OUT_02297,218.88072529975003
OUT_02298,969.0776409427174
OUT_02299,193.0543690716837
OUT_02300,98.5685033146517
OUT_02301,875.0799556673614
OUT_02302,158.28921557074335
OUT_02303,1013.4236268010412
OUT_02304,293.9462067210367
OUT_02305,309.2094311287223
OUT_02306,219.71431304248603
OUT_02307,189.71196759925914
OUT_02308,916.9316126183857
OUT_02309,95.7239956482145
OUT_02310,933.3952801608456
OUT_02311,297.8515045647832
OUT_02312,280.9356719158858
OUT_02313,339.3873963004056
OUT_02314,360.50980363270656
OUT_02315,186.1412409541612
OUT_02316,147.29325366423183
OUT_02317,215.62494358081068
OUT_02318,306.9641117110371
OUT_02319,138.5432088227146
OUT_02320,305.8857889809566
OUT_02321,165.86590500144905
OUT_02322,2010.9643250986785
OUT_02323,148.95327292596318
OUT_02324,426.9903862416735
OUT_02325,178.54810279104393
OUT_02326,97.82676134054404
OUT_02327,147.18158661765113
OUT_02328,116.16324612468864
OUT_02329,191.2300952110591
OUT_02330,217.7783968797709
OUT_02331,152.5463650573317
OUT_02332,258.5189144418055
OUT_02334,963.9718080719372
OUT_02335,277.5231714142756
OUT_02336,122.18822568006657
OUT_02338,174.11982909957328
OUT_02339,352.21789868725983
OUT_02340,124.00473578939125
OUT_02341,303.1339382071456
OUT_02342,308.67204181802674
OUT_02343,359.5609665812111
OUT_02344,859.2032303882063
OUT_02345,123.7187637406414
OUT_02346,920.3420154802012
OUT_02347,328.2789332753311
OUT_02348,189.26400213349547
OUT_02349,308.2190796788923
OUT_02350,331.73693015957576
OUT_02351,1973.190838136544
OUT_02352,304.6757445190219
OUT_02353,361.969466303646
OUT_02354,293.7490354065155
OUT_02355,339.0040631083061
OUT_02356,167.60455856291898
OUT_02357,87.62362960207173
OUT_02358,954.4427952378418
OUT_02359,199.401278909216
OUT_02360,207.21926815371378
OUT_02361,279.26079948214897
OUT_02362,224.94028796080275
OUT_02363,148.93702079572773
OUT_02364,352.2500556848834
OUT_02365,386.49434034080383
OUT_02366,163.0390408743718
OUT_02367,127.29894595206335
OUT_02368,150.5604708834273
OUT_02369,890.0888233178017
OUT_02370,142.78008626933456
OUT_02371,1966.4332736570327
OUT_02372,131.77771671674515
OUT_02373,2065.802807777512
OUT_02374,262.6380155102471
OUT_02375,251.71139843844293
OUT_02376,101.56687537145206
OUT_02377,179.96648119472107
OUT_02378,164.2621947753828
OUT_02379,309.5390545593304
OUT_02380,268.7564560769828
OUT_02381,108.5205530060424
OUT_02382,150.14720773204837
OUT_02383,2104.086577191832
OUT_02384,287.9547724962674
OUT_02385,939.6516153951696
OUT_02386,870.3338316887624
OUT_02387,1015.1850049727371
OUT_02388,168.82082784496092
OUT_02389,153.7112286855866
OUT_02390,302.81433633582
OUT_02391,276.8289229873397
OUT_02392,165.95407251165508
OUT_02393,143.35522399476983
OUT_02394,266.0655337149696
OUT_02395,230.70008094731656
OUT_02396,296.65398229028904
OUT_02397,155.2856396365823
OUT_02398,174.11982909957328
OUT_02399,886.7567210947527
OUT_02400,223.58457691905656
OUT_02401,2102.9406510004887
OUT_02402,144.16021423139424
OUT_02403,135.9139193858068
OUT_02404,986.4813920768768
OUT_02405,1021.7410966893534
OUT_02406,175.27598322662013
OUT_02407,263.14571729971436
OUT_02408,339.87698600882584
OUT_02409,301.17020311014056
OUT_02410,138.88950584931874
OUT_02411,534.0238835383464
OUT_02412,114.06824925200146
OUT_02413,163.66744175693577
OUT_02414,277.6692485793784
OUT_02415,974.281623224532
OUT_02416,916.3189039801086
OUT_02417,142.22531471741033
OUT_02418,791.6505836331063
OUT_02419,304.8244039796935
OUT_02420,130.4923618840007
OUT_02421,153.4902841422039
OUT_02422,2027.259147925732
OUT_02423,275.40714176882824
OUT_02424,92.62493455259529
OUT_02425,278.7012109913508
OUT_02426,104.09359555100103
OUT_02427,326.2165252696144
OUT_02428,305.8627076296333
OUT_02429,214.16069615687894
OUT_02430,273.38050803583883
OUT_02431,1911.612825836496
OUT_02432,187.94634094995277
OUT_02433,88.81356717200192
OUT_02435,115.82126686181729
OUT_02436,839.5205861420454
OUT_02437,2074.20846702622
OUT_02438,232.4022423354222
OUT_02439,349.64178835678496
OUT_02440,204.67090750462268
OUT_02441,166.1298940444691
OUT_02442,285.27399270703546
OUT_02443,202.43415251472263
OUT_02444,981.798280112316
OUT_02445,303.46197091038283
OUT_02446,318.27583761847706
OUT_02447,193.51140228611285
OUT_02448,171.7173109678987
OUT_02449,112.9407405887407
OUT_02450,329.41561132006944
OUT_02451,317.4084319157077
OUT_02452,1014.458317782558
OUT_02453,186.4999286074718
OUT_02454,306.8498990563795
OUT_02455,150.9260419126325
OUT_02456,179.18425703108377
OUT_02457,371.7490503860181
OUT_02458,951.2897984627464
OUT_02459,1985.9104934765464
OUT_02460,304.1679967728596
OUT_02461,227.79308288839206
OUT_02462,409.4207224453801
OUT_02463,219.86045332090026
OUT_02464,151.5665495232552
OUT_02465,219.35356245882946
OUT_02467,158.73747006043652
OUT_02468,143.89894171574292
OUT_02469,277.14027593825773
OUT_02470,328.35263534967225
OUT_02471,1937.6904892967043
OUT_02472,212.47802302823928
OUT_02473,117.75073627523436
OUT_02474,139.55252295404443
OUT_02475,1998.9116660305103
OUT_02476,180.593204462463
OUT_02477,147.06670764078115
OUT_02478,183.1998778524419
OUT_02479,952.3717873158909
OUT_02480,152.7389152576635
OUT_02481,139.72020176391345
OUT_02482,961.6637985855074
OUT_02483,159.41066352977643
OUT_02484,371.5294095020796
OUT_02485,128.01408600074677
OUT_02486,273.8804454575324
OUT_02487,126.79097280294262
OUT_02488,124.86249036347688
OUT_02489,252.24756749398
OUT_02490,299.6236955549068
OUT_02491,208.594137818719
OUT_02492,252.58640123565627
OUT_02493,141.13768081833456
OUT_02494,308.4765460948156
OUT_02495,219.45411464124945
OUT_02496,278.0198105203903
OUT_02497,192.8124793625787
OUT_02498,925.9490915376738
OUT_02499,244.1498975426538
OUT_02500,318.61917459751396
OUT_02501,868.75107703759
OUT_02502,286.9710076456379
OUT_02503,137.69546239022313
OUT_02504,158.54611131452717
OUT_02505,115.99781693221853
OUT_02506,209.86963132260223
OUT_02507,119.80278521632145
OUT_02508,134.19885274042258
OUT_02509,345.3309171175474
OUT_02510,277.8588336704586
OUT_02511,379.4468629775127
OUT_02512,274.8542543767562
OUT_02513,221.16816084511748
OUT_02514,935.8919611215232
OUT_02515,925.0068580943096
OUT_02516,783.7624524725039
OUT_02517,354.41148445756187
OUT_02518,490.4409699782826
OUT_02519,101.00038764105732
OUT_02520,406.9816450134169
OUT_02521,358.8769889968402
OUT_02522,355.5481243917471
OUT_02523,319.531925222219
OUT_02524,1023.4078688718256
OUT_02525,983.2724504350064
OUT_02526,148.28923330097365
OUT_02527,306.9886774713897
OUT_02528,262.20254253929374
OUT_02529,165.5621999151304
OUT_02530,285.24947283652523
OUT_02531,410.1876777428397
OUT_02532,162.38765218089313
OUT_02533,250.0622026140394
OUT_02534,305.4568867580746
OUT_02535,142.9367485218035
OUT_02536,215.81491217675557
OUT_02537,122.22853049698344
OUT_02538,868.1056165027964
OUT_02539,111.40437282646337
OUT_02540,279.4228485180556
OUT_02541,934.5532830283012
OUT_02542,110.80817165041807
OUT_02543,320.75035274448044
OUT_02544,291.6744689478375
OUT_02545,359.5609665812111
OUT_02546,101.4092850851048
OUT_02547,143.18138406500614
OUT_02548,239.3622274144168
OUT_02549,357.5329780833166
OUT_02550,124.06949608129872
OUT_02551,79.31038051428932
OUT_02552,898.3915676002213
OUT_02553,96.30090819753882
OUT_02554,98.9518065316664
OUT_02555,319.81959435863024
OUT_02556,156.76545736432666
OUT_02557,152.92418712106922
OUT_02558,228.16642113501797
OUT_02559,125.39656906417508
OUT_02560,144.46326858098848
OUT_02561,237.1951401593532
OUT_02562,104.92051725636425
OUT_02563,274.10286683159234
OUT_02564,163.36066710507643
OUT_02565,399.7632139054767
OUT_02566,328.09160662648173
OUT_02567,137.62712198590265
OUT_02568,327.24889069770154
OUT_02569,250.1164600514158
OUT_02570,254.02088556373872
OUT_02571,339.8581296460365
OUT_02572,107.30949406935792
OUT_02573,134.47904037069748
OUT_02574,258.3831925634339
OUT_02575,139.3628175478725
OUT_02576,2051.339914826
OUT_02577,161.70654165246606
OUT_02578,899.7637141171416
OUT_02579,268.3258874656965
OUT_02580,272.95370300986036
OUT_02581,332.15928479237266
OUT_02582,2114.273856588072
OUT_02583,174.52036639096792
OUT_02584,197.83469492823843
OUT_02585,179.98340286993914
OUT_02586,1932.71888557558
OUT_02587,139.89203269433557
OUT_02588,266.8278527078139
OUT_02589,165.22601390144294
OUT_02590,360.1650493833055
OUT_02591,939.4386936728862
OUT_02592,286.6234794457205
OUT_02593,999.7326152410236
OUT_02594,126.97291631089259
OUT_02595,178.53150476790285
OUT_02596,980.0299124576738
OUT_02597,896.4428962761281
OUT_02598,928.9218991431892
OUT_02599,2016.6153788581305
OUT_02600,351.2290264438826
OUT_02601,404.292869279729
OUT_02602,169.9228131056667
OUT_02603,932.0182791084324
OUT_02604,134.8214106473531
OUT_02605,303.2564108184322
OUT_02606,828.6597529875876
OUT_02607,130.94696905848605
OUT_02608,278.21577522458404
OUT_02609,104.2732121709313
OUT_02610,346.0334969206445
OUT_02611,242.7149452436896
OUT_02612,291.557920370419
OUT_02613,312.39327335886475
OUT_02614,250.22863301101697
OUT_02615,933.885148426956
OUT_02616,945.8838680540846
OUT_02617,2098.663614817633
OUT_02618,131.76744107684223
OUT_02619,309.44084514634795
OUT_02620,157.9765533261543
OUT_02621,301.7964295562325
OUT_02622,152.68163464436603
OUT_02623,136.2392370523598
OUT_02624,142.89347440533712
OUT_02625,353.3113044314017
OUT_02626,943.7876330673477
OUT_02627,365.7207608522608
OUT_02628,287.1047488322912
OUT_02629,93.40855339174858
OUT_02630,107.64919216208594
OUT_02631,179.89401377859224
OUT_02632,312.31948606651787
OUT_02633,159.0759034637468
OUT_02634,157.04267153313754
OUT_02635,124.68726516215432
OUT_02636,2029.6699944973216
OUT_02637,162.9444431053388
OUT_02638,332.46965134019683
OUT_02639,253.0741725516793
OUT_02640,337.11323411888867
OUT_02641,934.3162908991774
OUT_02642,156.22473896665505
OUT_02643,967.2035039769412
OUT_02644,278.20967052930416
OUT_02645,140.30950441320667
OUT_02646,160.95932970164407
OUT_02647,950.2934939119286
OUT_02648,128.85090019618886
OUT_02649,147.19660160028164
OUT_02650,243.1087479102949
OUT_02651,233.7216448483132
OUT_02652,125.222806655198
OUT_02653,144.75262722246063
OUT_02654,936.2646047797888
OUT_02655,208.38873891438624
OUT_02656,98.6180852455683
OUT_02657,166.18177110229811
OUT_02658,178.55220848126345
OUT_02659,111.0343185856478
OUT_02660,130.79239093378865
OUT_02661,289.047980993464
OUT_02662,298.697576138297
OUT_02663,324.4859249597976
OUT_02664,955.9004319997504
OUT_02665,1010.492303300539
OUT_02666,268.1602283844689
OUT_02667,153.1497428305673
OUT_02668,917.5390666593626
OUT_02669,212.99652262808945
OUT_02670,149.6191668438342
OUT_02671,194.87381949335662
OUT_02672,112.76365250916854
OUT_02673,132.7550723423973
OUT_02674,132.53967008843685
OUT_02675,151.74059868659813
OUT_02676,310.2687094132647
OUT_02677,190.9316580558326
OUT_02678,267.41555494805834
OUT_02679,96.60597354883367
OUT_02680,166.50129369963435
OUT_02681,128.90584750002893
OUT_02682,215.72612312789624
OUT_02683,143.05156941004878
OUT_02684,836.9003608606736
OUT_02685,150.0903301029876
OUT_02686,334.3885151703852
OUT_02687,117.84026971229586
OUT_02688,341.65690226293697
OUT_02689,154.38147589107052
OUT_02690,337.1847297638176
OUT_02691,907.2001123721697
OUT_02692,260.9900475655328
OUT_02693,285.050554832184
OUT_02694,97.862421828423
OUT_02695,141.13768081833456
OUT_02696,264.097846427766
OUT_02697,364.4908610482551
OUT_02698,392.1034309996356
OUT_02699,348.397346355569
OUT_02700,269.92896758896524
OUT_02701,819.1816109288111
OUT_02702,171.38543277413078
OUT_02703,325.4787723630188
OUT_02704,147.63860054276853
OUT_02705,231.48822413200546
OUT_02706,248.22120674176153
OUT_02707,217.1923980572776
OUT_02708,120.98328809628347
OUT_02709,99.19534733669302
OUT_02710,352.20165453821943
OUT_02711,186.04027319652437
OUT_02712,473.58331979079793
OUT_02713,134.72047191540224
OUT_02714,242.10140603386404
OUT_02715,130.86629768873976
OUT_02716,187.98957272812825
OUT_02717,957.4872707613924
OUT_02718,130.48795113806062
OUT_02719,199.29991577233898
OUT_02720,217.06432597137248
OUT_02721,2120.9696207722363
OUT_02722,271.9007073106002
OUT_02723,342.5941137814213
OUT_02724,99.21275410290468
OUT_02725,200.58959060532987
OUT_02726,120.60613403736218
OUT_02727,139.86977326845152
OUT_02728,937.1907781516658
OUT_02729,195.26561979320576
OUT_02730,408.59390012377867
OUT_02731,372.2717386033712
OUT_02732,327.2449086182813
OUT_02733,189.7013994191744
OUT_02734,895.4683512518877
OUT_02735,142.69258774808893
OUT_02736,310.1143951994665
OUT_02737,285.9317553564798
OUT_02739,329.50544539662167
OUT_02740,418.62119389586906
OUT_02741,224.80222910463127
OUT_02742,116.76864033638698
OUT_02743,135.84152727595867
OUT_02744,325.8843311993023
OUT_02745,99.7308879164664
OUT_02746,330.2456910837828
OUT_02747,116.56891112949204
OUT_02748,114.64016787407044
OUT_02749,261.88151117651313
OUT_02750,140.78093561357554
OUT_02751,943.6004083206255
OUT_02752,116.57106289994587
OUT_02753,317.3960441437712
OUT_02754,91.00177170468596
OUT_02755,2134.792585305214
OUT_02756,152.7389152576635
OUT_02757,156.24953151730875
OUT_02758,2090.70325419825
OUT_02759,149.79827295689913
OUT_02760,1024.3315084126912
OUT_02761,92.37514125363812
OUT_02762,106.6784250434967
OUT_02763,165.19011551782776
OUT_02764,125.7483779553904
OUT_02765,890.8667740460232
OUT_02766,257.75408405062217
OUT_02767,263.53687676664305
OUT_02768,146.29362209879633
OUT_02769,262.8293256136132
OUT_02770,316.7313412169409
OUT_02771,322.3388651869827
OUT_02772,550.0527851439243
OUT_02773,374.39211521556206
OUT_02774,238.72355548717843
OUT_02775,344.2757641800127
OUT_02776,959.1308132220076
OUT_02777,192.48520638467025
OUT_02778,328.39655922943314
OUT_02779,181.07826927517334
OUT_02780,350.9434179831769
OUT_02781,277.61261129785873
OUT_02782,1011.0221442962631
OUT_02783,2029.965314687067
OUT_02784,292.7776483737099
OUT_02785,185.86067037200772
OUT_02786,181.38712463080543
OUT_02787,264.1715684955904
OUT_02788,287.8538362517194
OUT_02789,156.21199550524776
OUT_02790,179.7763561233955
OUT_02791,306.719970914411
OUT_02792,841.0733828326534
OUT_02793,263.7986169648722
OUT_02794,104.26155098041626
OUT_02795,127.73865155792689
OUT_02796,142.69258774808893
OUT_02797,355.8100199419404
OUT_02798,320.55581003617937
OUT_02799,138.3460561011145
OUT_02800,342.84954327132186
OUT_02801,118.64739093808264
OUT_02802,310.36509890764427
OUT_02803,118.08093819223235
OUT_02804,131.85711177555032
OUT_02805,143.96108007095887
OUT_02806,348.56767478151414
OUT_02807,306.6058302714394
OUT_02808,233.66979761534552
OUT_02809,183.16911753123256
OUT_02810,379.0689508520457
OUT_02811,302.22933576053
OUT_02812,185.01727433141676
OUT_02813,192.03117261312573
OUT_02814,235.07277351300513
OUT_02815,149.80094780882612
OUT_02816,175.0763351035089
OUT_02817,321.11933918030024
OUT_02818,330.2085720785266
OUT_02819,336.0673819260172
OUT_02820,1001.1412012438054
OUT_02821,306.4987756850377
OUT_02822,127.37099485326294
OUT_02823,134.8228895234662
OUT_02824,348.0903789764431
OUT_02825,142.66802379374755
OUT_02826,185.30695782557552
OUT_02827,345.3461535324849
OUT_02828,139.3010576991325
OUT_02829,933.7756668358996
OUT_02830,265.7921770433548
OUT_02831,360.7321631065946
OUT_02832,952.7887036228464
OUT_02833,451.1440171865294
OUT_02834,303.54456086956907
OUT_02835,115.7762853949602
OUT_02836,2016.302705521822
OUT_02837,340.6141184096274
OUT_02838,264.8773330920384
OUT_02839,145.3402760242372
OUT_02840,952.802509388205
OUT_02841,2111.2573377311783
OUT_02842,327.2809300358349
OUT_02843,172.2544895189656
OUT_02844,146.89458396021007
OUT_02845,277.701926418571
OUT_02846,259.10115644584744
OUT_02847,332.08638222350373
OUT_02848,168.73156790785262
OUT_02849,328.83377820266776
OUT_02851,100.28114720410893
OUT_02852,277.4740749686171
OUT_02853,299.2377784005611
OUT_02854,2077.931900820776
OUT_02855,168.92549635131655
OUT_02856,210.0680146228716
OUT_02857,292.15711970958324
OUT_02858,920.7248755504172
OUT_02859,141.33607001157498
OUT_02860,2102.334475048251
OUT_02861,172.61472979422155
OUT_02862,177.33765294433124
OUT_02863,325.97553759912586
OUT_02864,292.3699582229629
OUT_02865,2024.6452475493584
OUT_02866,305.72803620158356
OUT_02867,151.5997114078175
OUT_02868,108.19744444641786
OUT_02869,210.0680146228716
OUT_02870,188.88688909953532
OUT_02871,188.76159342656118
OUT_02872,478.3878869809248
OUT_02873,297.3480204184556
OUT_02874,332.6478477666756
OUT_02875,272.7881761277576
OUT_02876,289.42719792857525
OUT_02877,162.77057092681997
OUT_02878,245.22103513534256
OUT_02879,107.56434497524305
OUT_02880,161.74132196918217
OUT_02881,281.94547490420297
OUT_02882,182.9542156678473
OUT_02883,1994.723419489044
OUT_02885,148.53576590936603
OUT_02886,291.01603469236915
OUT_02887,323.83599358549725
OUT_02888,134.28580401882556
OUT_02889,130.32856807931222
OUT_02890,912.283840207422
OUT_02891,87.7998121458279
OUT_02892,2032.9755509166785
OUT_02893,334.46286374432833
OUT_02894,117.86369590424698
OUT_02895,983.1034033514588
OUT_02896,857.4099643104529
OUT_02897,395.009224430467
OUT_02898,127.33265183377235
OUT_02899,176.81722897049048
OUT_02900,229.3179286719204
OUT_02901,356.6070102610061
OUT_02902,271.8846180043315
OUT_02903,212.94964735291157
OUT_02904,414.4848765933234
OUT_02905,155.17625539535834
OUT_02906,997.878300755651
OUT_02908,112.600055908129
OUT_02909,295.9015353065841
OUT_02910,279.16359787904616
OUT_02911,1974.692788606652
OUT_02912,198.13330321499515
OUT_02913,351.5074319900058
OUT_02914,283.69745330342533
OUT_02915,105.34067769306105
OUT_02916,251.5529276308578
OUT_02917,121.08872634265288
OUT_02918,194.87381949335662
OUT_02919,971.6785518533502
OUT_02920,300.305279222611
OUT_02921,452.9588240795151
OUT_02922,912.086366409764
OUT_02923,297.61509665857653
OUT_02924,356.2085830528856
OUT_02925,308.12029952584425
OUT_02926,181.1627021283931
OUT_02927,124.58087882864695
OUT_02928,173.31777624101483
OUT_02929,139.9843254551947
OUT_02930,960.4001072693706
OUT_02931,139.8354391770535
OUT_02932,297.83922046069864
OUT_02933,177.81829471946946
OUT_02934,110.99858986667975
OUT_02935,232.4022423354222
OUT_02936,2095.875631760916
OUT_02937,180.0644714982486
OUT_02938,150.0655624898138
OUT_02939,400.11709587267546
OUT_02940,127.30800859973826
OUT_02941,1957.1978167571776
OUT_02942,113.54715404065205
OUT_02943,122.5401875368685
OUT_02944,91.04533584178417
OUT_02945,330.55442260502116
OUT_02947,167.45489941158797
OUT_02948,129.19946888533835
OUT_02949,246.89587868717595
OUT_02950,2773.9344876701684
OUT_02951,126.31574682201648
OUT_02952,286.6910299722318
OUT_02953,235.49632724560257
OUT_02954,288.7018704650004
OUT_02955,152.34085041484056
OUT_02956,1231.530553193269
OUT_02957,132.42099090861757
OUT_02958,299.7785931379255
OUT_02959,311.82157839329307
OUT_02960,349.4799460782559
OUT_02961,176.21998677715249
OUT_02962,3004.8156209596145
OUT_02963,330.811571400635
OUT_02964,2079.107896397448
OUT_02965,137.33263244673145
OUT_02966,834.7847216592518
OUT_02967,108.36146994747045
OUT_02968,110.20656556319265
OUT_02969,962.6009165052036
OUT_02970,999.2860345434144
OUT_02971,352.78884478509843
OUT_02972,369.67821434344734
OUT_02973,334.0393663766919
OUT_02974,715.5498582699047
OUT_02975,266.8278527078139
OUT_02976,200.90448861675236
OUT_02977,351.3688136702824
OUT_02978,353.61949540522903
OUT_02979,117.85978856408458
OUT_02980,145.33711071349174
OUT_02981,163.7439904921453
OUT_02982,205.39359499345093
OUT_02983,371.9376331759231
OUT_02984,184.05823911359784
OUT_02985,318.1405401910204
OUT_02986,344.40261204798185
OUT_02987,159.90141857303595
OUT_02988,234.7600995181547
OUT_02989,266.3411544054061
OUT_02990,265.12310394175796
OUT_02991,123.42186041399844
OUT_02992,230.33141936367713
OUT_02993,281.18177755942247
OUT_02994,819.2789591352733
OUT_02995,219.75205633927484
OUT_02996,934.2443032418998
OUT_02997,931.788758734058
OUT_02998,138.20857888942615
OUT_02999,343.1325927789831
OUT_03000,294.00214242316645
OUT_03001,280.4012634249051
OUT_03002,277.993627782762
OUT_03003,136.26811157956246
OUT_03004,928.6337075761362
OUT_03005,260.3535774751723
OUT_03006,291.557920370419
OUT_03007,134.7647513077908
OUT_03008,144.32570410620963
OUT_03009,271.6028184718664
OUT_03010,158.26373995809038
OUT_03011,132.78446517549455
OUT_03012,114.27741929285007
OUT_03013,371.1008238097753
OUT_03014,281.5824276118595
OUT_03015,345.661249356744
OUT_03016,133.8985572340996
OUT_03017,282.86442499375363
OUT_03018,951.7064993081086
OUT_03019,372.8826021688839
OUT_03020,1962.6268338024752
OUT_03021,861.3205507531945
OUT_03022,143.8253941638199
OUT_03023,178.81323579888289
OUT_03024,329.0709454999831
OUT_03025,193.89594710784806
OUT_03026,113.6351495289995
OUT_03027,115.70117245083703
OUT_03028,279.0554349999925
OUT_03029,141.23940674832167
OUT_03030,136.29194236466353
OUT_03031,324.7740886773089
OUT_03032,260.6668489579031
OUT_03033,453.5874174187112
OUT_03034,196.61085469692765
OUT_03035,105.42778462609787
OUT_03036,934.0824708487744
OUT_03037,1948.542153043423
OUT_03038,805.1034005457809
OUT_03039,327.6448735725993
OUT_03040,823.4309438907202
OUT_03041,298.24854157927456
OUT_03042,210.26288191704862
OUT_03043,362.7553342620858
OUT_03044,140.42581619010195
OUT_03045,404.261807765363
OUT_03046,156.93446453127135
OUT_03047,192.48520638467025
OUT_03048,298.3873487806353
OUT_03049,153.6456833133666
OUT_03050,162.38765218089313
OUT_03051,129.0312368048721
OUT_03052,1013.6944277375684
OUT_03053,332.49959141747746
OUT_03054,202.49151051259025
OUT_03055,296.64706354533223
OUT_03056,868.3169267536773
OUT_03057,142.82326459661897
OUT_03058,106.65330928284465
OUT_03059,317.9429064328924
OUT_03060,166.1298940444691
OUT_03061,995.6120979159376
OUT_03062,113.84772800484146
OUT_03064,2010.240843470139
OUT_03065,2072.4829515763536
OUT_03066,151.57603364131887
OUT_03067,136.29194236466353
OUT_03068,351.3846520439533
OUT_03069,377.61582268663574
OUT_03070,972.2163821130038
OUT_03071,151.39765095284852
OUT_03072,285.9536083928863
OUT_03073,140.45048061731245
OUT_03074,340.42008192952835
OUT_03075,1991.986443212888
OUT_03076,390.783282922132
OUT_03077,1984.598678082311
OUT_03078,1975.275225907028
OUT_03079,165.70795229720522
OUT_03080,232.4022423354222
OUT_03081,277.81362191240595
OUT_03082,168.0328451925185
OUT_03083,92.38804262908265
OUT_03084,989.9464017809642
OUT_03085,248.3091936952376
OUT_03086,150.54700269671082
OUT_03087,451.3108372766997
OUT_03088,895.6676013068577
OUT_03089,324.7938032631726
OUT_03090,296.56043424180575
OUT_03091,127.5351773632315
OUT_03092,181.7409179800561
OUT_03093,1030.7232337765824
OUT_03094,261.0895877456979
OUT_03095,135.26729996385907
OUT_03096,133.42454965168324
OUT_03097,1050.4807503780305
OUT_03098,143.2757085237127
OUT_03099,921.797754558891
OUT_03100,195.0812097818946
OUT_03101,412.17185134352246
OUT_03102,306.7485070803682
OUT_03103,363.8852914850796
OUT_03104,142.24282254616668
OUT_03105,173.25757214756115
OUT_03106,159.2934567351743
OUT_03107,325.97650530234466
OUT_03108,131.3774488573324
OUT_03109,112.27320742184149
OUT_03110,343.66952931394616
OUT_03111,141.612088798612
OUT_03112,277.70479671960476
OUT_03113,328.38210816738774
OUT_03114,228.11740636587476
OUT_03115,192.3698245163878
OUT_03116,321.72938049906156
OUT_03117,187.1387942096495
OUT_03118,138.4156579037515
OUT_03119,240.45681442398111
OUT_03120,159.36460256610042
OUT_03121,150.1859081193882
OUT_03122,168.82082784496092
OUT_03123,190.95552087376225
OUT_03124,210.0680146228716
OUT_03125,345.348882034411
OUT_03126,131.25639763469013
OUT_03127,262.23398019911866
OUT_03128,112.15479346744536
OUT_03129,899.1272343002063
OUT_03130,165.37767344399032
OUT_03131,1976.411254579555
OUT_03132,164.23077918954797
OUT_03133,97.2531792297336
OUT_03134,998.8693064474468
OUT_03135,182.31069102947245
OUT_03136,272.2948201776614
OUT_03137,142.66802379374755
OUT_03138,121.76409108594002
OUT_03139,277.8707543802332
OUT_03140,171.07002450023782
OUT_03141,146.57763677827845
OUT_03142,277.48400167216886
OUT_03143,107.56434497524305
OUT_03144,125.98420142308136
OUT_03145,141.13768081833456
OUT_03146,340.15425429231504
OUT_03147,334.08432626090166
OUT_03148,2108.0180137275697
OUT_03149,143.45304333430173
OUT_03150,255.2817690395184
OUT_03151,322.85691326200947
OUT_03152,296.1061136841
OUT_03153,301.2813255410747
OUT_03154,886.498959095289
OUT_03155,336.7562845805763
OUT_03156,305.20880938317794
OUT_03157,935.9706193674274
OUT_03158,204.13968836555583
OUT_03159,136.73625166971243
OUT_03160,331.513628454238
OUT_03161,310.4351412905292
OUT_03162,148.75729937547453
OUT_03163,152.7389152576635
OUT_03164,923.7689922370854
OUT_03165,287.07512508424503
OUT_03166,117.69287576909775
OUT_03167,2010.9981270321032
OUT_03168,149.3409221325377
OUT_03169,129.07239168526215
OUT_03170,349.3463440754575
OUT_03171,269.3738035105149
OUT_03172,202.5908949156641
OUT_03173,151.05247636910724
OUT_03174,139.29950020390532
OUT_03175,311.72203304555535
OUT_03176,98.51320781222434
OUT_03177,173.17715531635628
OUT_03178,254.1364140363924
OUT_03179,267.9923236244556
OUT_03180,121.0720648034249
OUT_03181,180.13957020785054
OUT_03182,131.34902892561234
OUT_03183,954.2578222733353
OUT_03184,343.76527133187284
OUT_03185,215.26352305725436
OUT_03186,297.21202335697654
OUT_03187,141.31604443483386
OUT_03188,166.72915487634205
OUT_03189,271.54006181878367
OUT_03190,291.7261948972489
OUT_03191,926.5780679394428
OUT_03193,222.37587393877772
OUT_03194,353.9975727617916
OUT_03195,227.1936153927648
OUT_03196,312.32837188002685
OUT_03197,166.88120734953182
OUT_03198,126.55156339168846
OUT_03199,266.3493002852555
OUT_03200,244.2923802191236
OUT_03201,321.89298716667514
OUT_03202,122.31456259102187
OUT_03203,93.25111099517213
OUT_03204,416.65815752089907
OUT_03205,231.10918664826187
OUT_03206,368.05025662074246
OUT_03207,166.95991590936364
OUT_03208,1991.1318146153992
OUT_03209,130.7608903237711
OUT_03210,282.09270630751405
OUT_03211,275.53892472601274
OUT_03212,116.20506088897967
OUT_03213,312.84187430150223
OUT_03214,394.8043846625711
OUT_03215,310.9511089794729
OUT_03216,424.3950612383048
OUT_03217,311.38567382620744
OUT_03218,264.0941462757947
OUT_03219,166.31512308550163
OUT_03220,309.43925387790665
OUT_03221,335.6195872780867
OUT_03222,307.72386895891213
OUT_03223,252.42559590856433
OUT_03224,363.5363575628706
OUT_03225,130.78586644749475
OUT_03226,237.4854440081734
OUT_03227,281.32223552984
OUT_03228,1918.2306351142056
OUT_03229,2204.090851605908
OUT_03230,144.98291881834348
OUT_03231,398.2779580957357
OUT_03232,173.25507048441239
OUT_03233,861.7120621468422
OUT_03234,307.23245442177546
OUT_03235,121.03018698163949
OUT_03236,143.24711962526092
OUT_03237,136.55027436528377
OUT_03238,381.801244127232
OUT_03239,127.613148255434
OUT_03240,265.0523323673841
OUT_03241,145.17685683290165
OUT_03242,867.8458985375308
OUT_03243,177.81829471946946
OUT_03244,113.60079474662413
OUT_03245,288.7794576119185
OUT_03246,314.6373249824207
OUT_03247,169.62375876610895
OUT_03248,285.7646529587
OUT_03249,150.28148207683705
OUT_03250,112.40108525056806
OUT_03251,965.7385019560393
OUT_03252,964.6083193493042
OUT_03253,128.75848316659238
OUT_03254,126.41074467806031
OUT_03255,275.11660371440496
OUT_03256,335.68563190138855
OUT_03257,119.57411109357938
OUT_03258,362.2760214073172
OUT_03259,283.4208576127961
OUT_03260,930.5861521217277
OUT_03261,214.49959194907115
OUT_03262,283.2302200499388
OUT_03263,243.6994866989876
OUT_03264,1951.5939462832864
OUT_03265,273.12974087576606
OUT_03266,144.0713353399106
OUT_03267,163.97239860658127
OUT_03268,363.8059239546292
OUT_03269,272.1985908594013
OUT_03270,165.4400970491374
OUT_03271,849.404550716028
OUT_03272,323.53420554558164
OUT_03273,888.3329376502426
OUT_03274,1995.1190717089105
OUT_03275,253.77896153121998
OUT_03276,150.13355088110498
OUT_03277,139.26909856079484
OUT_03278,155.41543184057343
OUT_03279,170.54820600558273
OUT_03280,162.13755135386904
OUT_03281,2000.0403249104152
OUT_03282,308.2032566314408
OUT_03283,901.3183669763364
OUT_03284,165.19011551782776
OUT_03285,113.17143303989543
OUT_03286,236.1979079094871
OUT_03287,1925.579719823072
OUT_03288,345.586649002757
OUT_03289,170.59822540956748
OUT_03290,132.20908622094768
OUT_03291,151.39121779678453
OUT_03292,157.84592243841084
OUT_03293,311.57345620821576
OUT_03294,139.51740907498882
OUT_03295,251.64292308581872
OUT_03296,1975.0694819731448
OUT_03297,973.5450426546972
OUT_03298,157.33357243182795
OUT_03299,245.62220584355725
OUT_03300,277.1209340240179
OUT_03301,293.27478762276564
OUT_03302,956.6643733444758
OUT_03303,143.18138406500614
OUT_03304,107.31571890692442
OUT_03305,166.247715707197
OUT_03306,368.65728829297683
OUT_03307,210.86606728473862
OUT_03308,341.2340201907052
OUT_03309,119.0400611551222
OUT_03311,155.7892982440099
OUT_03312,967.3985678044633
OUT_03313,206.79975248916458
OUT_03314,111.1308360480248
OUT_03315,1975.7537198724017
OUT_03316,1024.1486403074896
OUT_03317,120.3380673647238
OUT_03318,114.62741178888444
OUT_03319,309.90349147544083
OUT_03320,98.50267914870705
OUT_03321,282.77398501807875
OUT_03322,408.2236370173009
OUT_03323,315.825344523859
OUT_03324,909.0001898484104
OUT_03325,2044.6967043960503
OUT_03326,114.1760105264695
OUT_03327,890.5347445139142
OUT_03328,936.4949078391038
OUT_03329,360.6745066572448
OUT_03330,1890.825718861168
OUT_03331,154.77128546127813
OUT_03332,399.9190120756399
OUT_03333,958.6779508881576
OUT_03334,980.0945465794885
OUT_03335,332.4786783522783
OUT_03336,294.0796613701356
OUT_03337,298.2429294043767
OUT_03338,208.79701276163976
OUT_03339,155.4845789547908
OUT_03340,313.94644886603425
OUT_03341,993.3392443116064
OUT_03342,144.68581346756667
OUT_03343,154.36258383187763
OUT_03344,933.1335632914452
OUT_03345,882.406423681755
OUT_03346,1979.7023920105185
OUT_03347,129.24603376440538
OUT_03348,193.20760599900635
OUT_03349,353.11116427506363
OUT_03350,297.3024678038478
OUT_03351,116.4884993396025
OUT_03352,274.9886355264863
OUT_03353,2072.898748966105
OUT_03354,126.62756545967616
OUT_03355,137.59441709099698
OUT_03356,79.5374537338892
OUT_03357,344.6603319310542
OUT_03358,1979.2193661124688
OUT_03359,889.9226593419659
OUT_03360,154.06607843162888
OUT_03361,293.3891020258088
OUT_03362,193.18163451431388
OUT_03363,163.55876222475908
OUT_03364,170.0554704824655
OUT_03365,149.4482590558703
OUT_03366,307.90631976697324
OUT_03367,326.9597209306242
OUT_03368,895.6685037930924
OUT_03369,184.82112514689825
OUT_03370,354.7403856715041
OUT_03371,274.889550222879
OUT_03372,109.84930914428962
OUT_03373,311.21367446989007
OUT_03374,159.67870199416592
OUT_03375,325.7673361962243
OUT_03376,208.58159253742272
OUT_03377,296.31453069719385
OUT_03378,95.29509335626793
OUT_03379,387.1409119796781
OUT_03380,177.9181293885476
OUT_03381,2234.175735645588
OUT_03382,135.39927548633958
OUT_03383,821.094155568505
OUT_03384,159.67870199416592
OUT_03385,93.62257960367764
OUT_03386,155.1083119061439
OUT_03387,915.6162431262128
OUT_03388,766.5000932437123
OUT_03389,190.02267060698247
OUT_03390,101.46861893090033
OUT_03391,995.2645745381508
OUT_03392,111.55140531942196
OUT_03393,299.4170060819506
OUT_03394,132.89414165439504
OUT_03395,862.4277835676478
OUT_03396,286.46661654948343
OUT_03398,191.83956660548102
OUT_03399,196.06343079839996
OUT_03400,366.7795549769403
OUT_03401,258.62182746689683
OUT_03402,2138.1183545376725
OUT_03403,127.14908304968708
OUT_03404,102.8298653238799
OUT_03405,112.34628231001068
OUT_03406,900.1354405516336
OUT_03407,276.61288148584885
OUT_03408,102.33326678198716
OUT_03409,322.681472099019
OUT_03410,168.91388940124043
OUT_03411,1966.2107062534228
OUT_03412,114.11461311415502
OUT_03413,955.9061514178404
OUT_03414,1001.40819374217
OUT_03415,1943.954584630559
OUT_03416,132.0968611394626
OUT_03418,987.7046850861896
OUT_03419,96.36369437989757
OUT_03420,209.86963132260223
OUT_03421,131.15845980938022
OUT_03422,121.32306279837688
OUT_03423,958.2088942068814
OUT_03424,962.4330615978562
OUT_03425,258.14128458249496
OUT_03426,171.8215391469272
OUT_03427,553.7949038476272
OUT_03428,127.66937291419045
OUT_03429,144.9945169315656
OUT_03430,286.24074908829226
OUT_03431,127.37413150407305
OUT_03432,124.17378961493394
OUT_03433,124.42856874375383
OUT_03434,237.26598970540786
OUT_03435,161.83291879379053
OUT_03436,857.4924098994844
OUT_03437,116.11321789369053
OUT_03438,358.6521638356138
OUT_03439,309.39256353834287
OUT_03440,174.17019308168497
OUT_03441,192.6474655316063
OUT_03442,235.5777533937563
OUT_03443,915.0346004809454
OUT_03444,973.0450584483862
OUT_03445,279.60756563820263
OUT_03446,885.8538734119139
OUT_03447,190.27953896258526
OUT_03448,311.2138139977232
OUT_03449,122.62195583267584
OUT_03450,264.8404714073044
OUT_03451,963.9975787152156
OUT_03452,206.82212981094017
OUT_03453,373.145702440135
OUT_03454,173.97585774334925
OUT_03455,453.5874174187112
OUT_03456,435.4945437385587
OUT_03457,325.6112194313488
OUT_03458,1986.63559520982
OUT_03459,144.43649523861728
OUT_03460,151.58909501784834
OUT_03461,111.42918790423442
OUT_03462,166.01898365112717
OUT_03463,120.48935397358404
OUT_03464,193.49753744343332
OUT_03465,306.2520312385202
OUT_03466,305.94302154660073
OUT_03467,948.9574282693532
OUT_03468,234.416256999929
OUT_03470,82.73949705103789
OUT_03471,234.74416725520788
OUT_03472,135.2405690682681
OUT_03473,182.754358050406
OUT_03474,156.05677581077188
OUT_03475,146.7927811142541
OUT_03476,317.99655354033416
OUT_03477,257.129750560027
OUT_03478,111.85425511537538
OUT_03479,170.39967749795392
OUT_03480,320.3426873675094
OUT_03481,130.0271604544094
OUT_03482,807.9789459102784
OUT_03483,99.55627226589556
OUT_03484,2159.2889672675537
OUT_03485,121.28720122558256
OUT_03486,175.60315165414815
OUT_03487,194.2733662839064
OUT_03488,132.5112233315054
OUT_03489,360.56161493157305
OUT_03490,117.65891024363812
OUT_03491,267.2290301736742
OUT_03492,966.3623675886
OUT_03493,2032.3830093848187
OUT_03494,338.7461074818893
OUT_03495,111.03219306922074
OUT_03496,325.7673361962243
OUT_03497,274.5484013845291
OUT_03498,231.90984289455716
OUT_03499,303.01660750043243
OUT_03500,114.52890489791297
OUT_03501,299.6877625989048
OUT_03502,296.1061136841
OUT_03503,311.5303934239299
OUT_03504,129.045599252657
OUT_03505,255.52586507943792
OUT_03506,262.524813267171
OUT_03507,151.79663398800255
OUT_03508,967.8916640786964
OUT_03509,112.76365250916854
OUT_03510,193.52598301313088
OUT_03511,311.3088078848661
OUT_03512,98.83350721037452
OUT_03513,984.4018696806916
OUT_03514,114.7824842179932
OUT_03515,252.58552992136168
OUT_03516,212.87935932827415
OUT_03517,183.16576153701618
OUT_03518,277.30097467629935
OUT_03519,975.3154082806695
OUT_03520,358.8717790174145
OUT_03521,335.70271439730755
OUT_03522,193.97373989578378
OUT_03523,121.53101399903736
OUT_03524,332.09682339586425
OUT_03525,176.89185513520744
OUT_03526,94.04022907094298
OUT_03527,155.76275490275773
OUT_03528,274.5473280726887
OUT_03529,351.21151621619447
OUT_03530,154.33468975547083
OUT_03531,271.23124974066224
OUT_03532,148.3148835784151
OUT_03533,977.1381138562316
OUT_03534,355.5353750961245
OUT_03535,140.34057529845975
OUT_03536,148.25661370161663
OUT_03537,270.1423762968321
OUT_03538,231.9518148727489
OUT_03539,135.65947119869958
OUT_03540,143.0430506429097
OUT_03541,303.4747224883582
OUT_03542,289.83733145772646
OUT_03543,160.41044173895438
OUT_03544,147.4734501599548
OUT_03545,307.8255793065629
OUT_03546,271.07827036412533
OUT_03547,286.4608502630375
OUT_03548,177.57210337205444
OUT_03549,2003.7635362697563
OUT_03550,291.3237885931461
OUT_03551,994.1422633616836
OUT_03552,344.11116084047774
OUT_03553,199.14719201321603
OUT_03554,298.43111389227164
OUT_03555,877.4403349799825
OUT_03556,2020.2408706905928
OUT_03557,391.20042691809516
OUT_03558,288.023697657499
OUT_03559,2097.71049128456
OUT_03560,306.06222053703675
OUT_03561,264.67570767384314
OUT_03562,128.65200475935103
OUT_03563,341.14162830048866
OUT_03564,304.33800961836386
OUT_03565,278.8122446784084
OUT_03566,159.88963644558078
OUT_03567,340.29227387664486
OUT_03568,217.97114927076504
OUT_03569,932.3784496450136
OUT_03570,1966.639294791221
OUT_03571,1009.9355303040844
OUT_03572,913.6901559080088
OUT_03573,296.1061136841
OUT_03574,308.6375605879317
OUT_03575,879.7440755209681
OUT_03576,128.00086200901956
OUT_03577,2082.7251690150733
OUT_03578,359.15030100931006
OUT_03579,911.3031316389316
OUT_03580,115.13497409014828
OUT_03581,219.28915220306263
OUT_03582,336.7704962211058
OUT_03583,251.8538753590308
OUT_03584,123.42965828584664
OUT_03585,263.82357854707226
OUT_03586,149.15113414796932
OUT_03587,302.18492171764086
OUT_03588,205.4955948535027
OUT_03589,123.4698893382348
OUT_03590,103.56261284350418
OUT_03591,1922.597011168078
OUT_03592,120.33220723572336
OUT_03593,136.48749175828416
OUT_03594,231.9930777327048
OUT_03595,264.088008626448
OUT_03596,321.23108553495246
OUT_03597,966.4913527856384
OUT_03598,1040.8827006359993
OUT_03599,436.5047339831897
OUT_03600,151.9193699691652
OUT_03601,248.8718715742613
OUT_03602,239.09096490487727
OUT_03603,223.3246943726731
OUT_03604,330.85377499883293
OUT_03605,113.9492712656685
OUT_03606,1075.8332885922068
OUT_03607,260.36105319720855
OUT_03608,138.30089865311578
OUT_03609,220.47785527469338
OUT_03610,117.3246868331673
OUT_03611,123.82841931892692
OUT_03612,150.91786082994653
OUT_03613,168.4444319376789
OUT_03614,182.03233699843938
OUT_03615,935.8320552288304
OUT_03616,984.6983744697428
OUT_03617,195.76866963092763
OUT_03618,156.21392386995578
OUT_03619,257.84680265827285
OUT_03620,307.2676129042243
OUT_03621,172.5596159039631
OUT_03622,919.1078558322408
OUT_03623,252.65377695953146
OUT_03624,122.91631987088984
OUT_03625,199.4567155885088
OUT_03626,614.4479864213838
OUT_03627,107.7338987819256
OUT_03628,325.65513196143405
OUT_03629,959.2029167013208
OUT_03630,328.85462611765865
OUT_03631,1012.1654447678314
OUT_03632,157.94588082807712
OUT_03633,294.1035114929218
OUT_03634,999.6621416683942
OUT_03635,2346.0941902780755
OUT_03636,144.18921066322622
OUT_03637,279.5589635030521
OUT_03638,196.68101900417068
OUT_03639,386.63347070263853
OUT_03640,132.19018491021515
OUT_03641,320.6925549221663
OUT_03642,183.38507708965776
OUT_03643,374.7928905880823
OUT_03644,962.4005154876196
OUT_03645,301.74887460593874
OUT_03646,452.9588240795151
OUT_03647,257.9031053155723
OUT_03648,327.1544896541637
OUT_03649,299.6827692492448
OUT_03650,142.32967575829613
OUT_03651,1436.551812939169
OUT_03652,294.32358166341845
OUT_03653,2071.099453946051
OUT_03654,117.89635714699476
OUT_03655,262.0448526007456
OUT_03656,139.88256964472347
OUT_03657,107.1248154825346
OUT_03658,174.93694787776013
OUT_03659,330.55442260502116
OUT_03660,143.35522399476983
OUT_03661,191.83956660548102
OUT_03662,195.83862880037717
OUT_03663,290.1592843426812
OUT_03664,257.4088382659945
OUT_03665,990.735940154968
OUT_03666,235.52837239177137
OUT_03667,955.9908646873132
OUT_03668,362.2734008618383
OUT_03669,907.7149573731068
OUT_03670,167.35930078082023
OUT_03671,342.3028180470318
OUT_03672,155.76275490275773
OUT_03673,170.21339614705664
OUT_03674,318.27162234972013
OUT_03675,207.21926815371378
OUT_03676,1995.95797360402
OUT_03677,129.45951857317047
OUT_03678,248.84125925141373
OUT_03679,235.24376149286456
OUT_03680,2042.137159688167
OUT_03681,146.15750454327554
OUT_03682,152.83967897340048
OUT_03683,162.46466154469127
OUT_03684,260.5251609852992
OUT_03685,464.4849435970112
OUT_03686,2066.926880492822
OUT_03687,142.10011282115872
OUT_03688,167.04663193158828
OUT_03689,126.01282742926936
OUT_03690,141.98268133225136
OUT_03691,124.82060631039673
OUT_03692,174.11982909957328
OUT_03693,116.76864033638698
OUT_03694,151.94189699752746
OUT_03695,331.6584897172127
OUT_03696,116.06159610217476
OUT_03697,304.3294450203579
OUT_03698,363.6865542120742
OUT_03699,943.135597220043
OUT_03700,332.9470305023692
OUT_03701,1015.4872633812456
OUT_03702,285.61971169660796
OUT_03703,275.798847545888
OUT_03704,242.53742928564805
OUT_03705,130.1133780177287
OUT_03706,175.0763351035089
OUT_03707,126.9418492132878
OUT_03708,268.7564560769828
OUT_03709,797.0389581342652
OUT_03710,269.5580497669554
OUT_03711,138.63247763432466
OUT_03712,100.28634283161323
OUT_03713,134.56655597795597
OUT_03714,302.98993105109605
OUT_03715,353.4986786784287
OUT_03716,109.17834983485054
OUT_03717,550.0527851439243
OUT_03718,311.60897170271465
OUT_03719,2036.043236821304
OUT_03720,160.9213620419705
OUT_03721,316.2472212718952
OUT_03722,111.79197011819598
OUT_03723,965.1744639504254
OUT_03724,1982.9412247912403
OUT_03725,105.34803645378157
OUT_03726,284.18059824434965
OUT_03727,226.01600611018534
OUT_03728,103.76011955409935
OUT_03729,331.7130932346264
OUT_03730,277.579500030952
OUT_03731,290.0513168928073
OUT_03732,315.56901054261
OUT_03733,150.15952502392398
OUT_03734,302.30953890376685
OUT_03735,268.7561748642507
OUT_03736,399.53754529122176
OUT_03737,231.190644587649
OUT_03738,342.56328941416297
OUT_03739,962.6375607584654
OUT_03740,311.736444543457
OUT_03741,2042.116542845104
OUT_03742,126.70940034091485
OUT_03743,281.00184385694143
OUT_03744,285.2059413160107
OUT_03745,98.93936189887248
OUT_03746,281.0367099228979
OUT_03747,121.90312916156932
OUT_03748,253.70020461884144
OUT_03749,157.2311325821443
OUT_03751,141.64725955809195
OUT_03752,116.33801626163019
OUT_03753,111.3594262617511
OUT_03754,970.4241947732326
OUT_03755,145.34698798892038
OUT_03756,240.9091883916832
OUT_03757,1935.1364652436607
OUT_03758,142.01554118310113
OUT_03759,116.44991296699544
OUT_03760,301.18504821774013
OUT_03761,178.55220848126345
OUT_03762,328.6565995005717
OUT_03763,114.92666540501033
OUT_03764,897.1402902754177
OUT_03765,157.40379706369237
OUT_03766,2001.4804502749923
OUT_03767,331.8634080105761
OUT_03768,122.09863388436362
OUT_03769,336.50690575723416
OUT_03770,346.23850386269254
OUT_03771,264.73116637088583
OUT_03772,877.6218196956587
OUT_03773,921.7223740607832
OUT_03774,153.30855752064193
OUT_03775,177.2394535632899
OUT_03776,137.7680002394874
OUT_03777,215.01167239922725
OUT_03778,112.76365250916854
OUT_03779,211.2918521111394
OUT_03780,212.42064499640134
OUT_03781,354.91646905389126
OUT_03782,301.1997549636473
OUT_03783,165.5621999151304
OUT_03784,442.7537403830893
OUT_03785,137.06842456695068
OUT_03786,2286.3700077272592
OUT_03787,289.3000452603471
OUT_03788,142.68398200380688
OUT_03789,286.5494202692099
OUT_03790,118.49904941169467
OUT_03791,959.3131347138852
OUT_03792,297.7836127811086
OUT_03793,226.60166908504803
OUT_03794,115.18505557448846
OUT_03795,310.3746915949788
OUT_03796,1038.714334290649
OUT_03797,139.2725362071257
OUT_03798,329.03575416521494
OUT_03799,252.7376206708361
OUT_03800,901.3940309847552
OUT_03801,228.29474197223655
OUT_03802,294.9788398583761
OUT_03803,895.8214850995862
OUT_03804,308.97819133859986
OUT_03805,164.23077918954797
OUT_03806,260.31198210345883
OUT_03807,234.7505400133677
OUT_03808,214.78569496866336
OUT_03809,126.84725487522161
OUT_03810,290.82280946640185
OUT_03811,139.70037700104348
OUT_03812,159.31779317285182
OUT_03813,148.44972325359456
OUT_03814,2049.107461555682
OUT_03815,942.4745638880812
OUT_03816,129.02483390410987
OUT_03817,191.48893228144644
OUT_03818,209.86864480054388
OUT_03819,264.9392925577581
OUT_03820,145.33711071349174
OUT_03821,354.1659627985896
OUT_03822,183.27016881653967
OUT_03823,245.36614312525555
OUT_03824,1034.2331542504462
OUT_03825,298.6680860910979
OUT_03826,130.032980789365
OUT_03827,132.30137270564393
OUT_03828,858.2180015229285
OUT_03829,1961.361075968582
OUT_03830,145.60546169859532
OUT_03831,476.24609909991887
OUT_03832,291.4561986045184
OUT_03833,956.9589071450476
OUT_03834,165.71363709858292
OUT_03835,339.3348221772567
OUT_03836,205.1599694026518
OUT_03837,148.77945963259492
OUT_03838,206.7145863780357
OUT_03839,180.30281355393754
OUT_03840,994.3890578745102
OUT_03841,939.0882312849068
OUT_03842,338.96681199000994
OUT_03843,324.6664314875302
OUT_03844,996.1575404967336
OUT_03845,145.12858685763504
OUT_03846,339.3095160155776
OUT_03847,1054.8794971154848
OUT_03848,348.3839842712062
OUT_03849,910.9585745754466
OUT_03850,878.1594065569852
OUT_03851,95.16410634389545
OUT_03853,285.1335155236911
OUT_03854,134.38933447382774
OUT_03855,165.83712320087687
OUT_03856,259.1525385374749
OUT_03857,195.83862880037717
OUT_03858,234.58293203970737
OUT_03859,86.73936381556923
OUT_03860,351.9809433742486
OUT_03861,934.8243383516644
OUT_03862,182.06811041877373
OUT_03863,872.7991141824939
OUT_03864,749.8683879901262
OUT_03865,129.39032886920597
OUT_03866,2145.4625603265026
OUT_03867,125.29795116657895
OUT_03868,185.41664127695887
OUT_03869,313.5312619328447
OUT_03870,163.88260648577292
OUT_03871,291.7261948972489
OUT_03872,178.75537449210705
OUT_03873,400.5629523556987
OUT_03874,192.85291292962268
OUT_03875,259.5482069132705
OUT_03876,1008.3866969229604
OUT_03877,293.2257796805152
OUT_03878,948.0647217075732
OUT_03879,139.83071840718208
OUT_03880,419.5257985778338
OUT_03881,118.23203717558144
OUT_03882,193.89594710784806
OUT_03883,234.0040579961109
OUT_03884,134.79505651166997
OUT_03885,2169.555345337328
OUT_03886,275.9546300839152
OUT_03887,223.29415640731972
OUT_03888,122.76831958638992
OUT_03889,339.66787604747515
OUT_03890,986.4185812042888
OUT_03891,298.89512193492544
OUT_03892,202.34559333444474
OUT_03893,981.4147713910246
OUT_03894,106.1686337879654
OUT_03895,928.1929941604247
OUT_03896,168.67496648475998
OUT_03897,334.69487382735826
OUT_03898,330.14872820038096
OUT_03899,331.4433294396171
OUT_03900,860.2874735334215
OUT_03901,208.93300143464006
OUT_03902,957.8873180688438
OUT_03903,92.38804262908265
OUT_03904,143.80019919176647
OUT_03905,365.8450447286828
OUT_03906,895.672901543466
OUT_03907,232.33885649855793
OUT_03908,154.38147589107052
OUT_03909,307.9917737104869
OUT_03910,952.4405213580084
OUT_03911,2017.6735198590347
OUT_03912,117.95045424589118
OUT_03913,154.36258383187763
OUT_03914,111.6201692245114
OUT_03915,98.13409197591947
OUT_03916,926.121334539404
OUT_03917,172.42892206742778
OUT_03918,911.8423302666664
OUT_03919,126.9234468997208
OUT_03920,876.9674952937866
OUT_03921,120.97747982132866
OUT_03922,306.86397854021766
OUT_03923,2021.0315950527
OUT_03924,246.12825863445957
OUT_03925,116.69498716259952
OUT_03926,861.1492684071382
OUT_03927,914.8120751426771
OUT_03928,2011.0328373014684
OUT_03929,122.54880363947262
OUT_03930,246.58858180034454
OUT_03931,322.52040627770884
OUT_03932,323.75432709771343
OUT_03933,92.98778261990735
OUT_03934,316.437809064381
OUT_03935,321.1634692040149
OUT_03936,454.7224053536716
OUT_03937,244.56301387926163
OUT_03938,144.16260553179578
OUT_03939,959.2947213055006
OUT_03940,290.404434126043
OUT_03941,437.4479534617767
OUT_03942,367.2817355004373
OUT_03943,129.8927242878647
OUT_03944,1935.9596168824944
OUT_03945,143.21106548271894
OUT_03946,117.0853530178364
OUT_03947,331.68518871848715
OUT_03948,114.2715946859649
OUT_03949,112.35225199403824
OUT_03950,140.8760726654642
OUT_03951,260.2156619274327
OUT_03952,165.5621999151304
OUT_03953,337.46477761318704
OUT_03954,2031.6618378070432
OUT_03955,289.1823797814655
OUT_03956,165.0158228239992
OUT_03957,1987.3951696117133
OUT_03958,415.28858879320427
OUT_03959,2026.752354207791
OUT_03960,833.7311470729413
OUT_03961,124.18549206454489
OUT_03962,125.67987571620955
OUT_03963,332.2173305822964
OUT_03964,322.31756682235766
OUT_03965,1140.3452048760996
OUT_03966,177.65512536766175
OUT_03967,1983.382036339504
OUT_03968,162.41432803941444
OUT_03969,196.1031702945945
OUT_03970,144.6255723484934
OUT_03971,140.2589519805347
OUT_03972,791.9065111283671
OUT_03973,224.06074807701526
OUT_03974,277.5054820162451
OUT_03975,362.1768964163297
OUT_03976,166.34996411303624
OUT_03977,167.17909467401063
OUT_03978,155.5292610780606
OUT_03979,294.6383257120092
OUT_03980,1004.2343034046344
OUT_03981,299.2609318809913
OUT_03982,918.7958511339046
OUT_03983,2126.2800385569994
OUT_03984,170.67981445627157
OUT_03985,277.74847903654216
OUT_03986,1013.0266580677306
OUT_03987,133.20893630077194
OUT_03988,896.869963436578
OUT_03989,168.10139103886954
OUT_03990,203.4640940559417
OUT_03991,876.352555877766
OUT_03992,296.9415948619985
OUT_03993,306.86800570907656
OUT_03994,973.1935931069864
OUT_03995,177.1038063853899
OUT_03996,175.27598322662013
OUT_03997,303.99509558619417
OUT_03998,195.4485097987607
OUT_03999,2025.5605120083296
OUT_04000,163.36066710507643
OUT_04001,140.45048061731245
OUT_04002,237.83702347050348
OUT_04003,203.70751364112832
OUT_04004,149.72514779124523
OUT_04005,951.7324334633888
OUT_04006,322.4372454225107
OUT_04007,284.63951833527335
OUT_04008,128.45323915263842
OUT_04009,918.1655510832333
OUT_04010,163.5456891618968
OUT_04011,253.7074385221302
OUT_04012,162.13755135386904
OUT_04013,968.2816513711508
OUT_04014,194.002355592171
OUT_04015,490.7257999737135
OUT_04016,202.79228568379153
OUT_04017,346.196569781537
OUT_04018,255.30489622632012
OUT_04019,112.15215703113248
OUT_04020,106.13976188151008
OUT_04021,922.9929882914636
OUT_04022,238.76593289261385
OUT_04023,293.71364824340793
OUT_04024,133.1189037459241
OUT_04025,285.7342293842781
OUT_04026,1006.8931782307576
OUT_04027,2032.4917637087683
OUT_04028,134.31518159607006
OUT_04029,104.93871308300011
OUT_04030,260.0326660268432
OUT_04031,264.26653444423573
OUT_04032,373.0051913997599
OUT_04033,355.81173620807874
OUT_04034,301.2638556479314
OUT_04035,117.6522283126324
OUT_04036,134.24045866744268
OUT_04037,243.67528551906807
OUT_04038,269.0497503157489
OUT_04039,315.4035462034181
OUT_04040,194.87381949335662
OUT_04041,152.7389152576635
OUT_04042,183.13503418594428
OUT_04043,127.93037668314977
OUT_04044,934.3043850998438
OUT_04045,317.0360296285027
OUT_04046,243.2874624315942
OUT_04047,203.02923566355707
OUT_04048,1035.0930561944313
OUT_04049,189.4598672121078
OUT_04050,901.7117190653948
OUT_04051,112.3381768723202
OUT_04052,874.5683135318083
OUT_04053,102.54038805837766
OUT_04054,143.21106548271894
OUT_04055,290.27490508260894
OUT_04056,1986.2589140027408
OUT_04057,297.7955706695541
OUT_04058,86.50978861494086
OUT_04059,958.1177389013512
OUT_04060,275.11660371440496
OUT_04061,952.2935281984052
OUT_04062,966.4046145033352
OUT_04063,927.0632766094564
OUT_04064,977.4682854179778
OUT_04065,151.2602324803327
OUT_04066,144.1039004926658
OUT_04067,321.4836311261891
OUT_04068,817.5641218784252
OUT_04069,320.81156597210213
OUT_04070,349.53649188365426
OUT_04071,987.0989083888662
OUT_04072,204.13968836555583
OUT_04073,114.43101875657445
OUT_04074,259.92934603760375
OUT_04075,285.15428222271964
OUT_04076,337.8631361124246
OUT_04077,239.91021475407433
OUT_04078,128.43006552905072
OUT_04079,139.9486238149933
OUT_04080,272.1762954905952
OUT_04081,243.62318239569066
OUT_04082,318.541026657257
OUT_04083,289.2101629225623
OUT_04084,174.33448433420423
OUT_04085,128.2373635100191
OUT_04086,163.71750665240592
OUT_04087,343.2819319494327
OUT_04088,320.1832248426988
OUT_04089,211.57295184940517
OUT_04090,337.6423255474383
OUT_04091,185.12858408002592
OUT_04092,364.83908840461737
OUT_04093,185.59631847816365
OUT_04094,283.1815742463922
OUT_04095,174.11982909957328
OUT_04096,148.6936525710982
OUT_04097,920.7500683856766
OUT_04098,292.44642704988865
OUT_04099,312.85637457724573
OUT_04100,221.90461605824748
OUT_04101,92.65303055982014
OUT_04102,901.6236596555492
OUT_04103,105.03746354348964
OUT_04104,151.39246334921083
OUT_04105,258.52712048192654
OUT_04106,283.78485506110786
OUT_04107,275.42423853580283
OUT_04108,995.1542883422784
OUT_04109,261.6655530101885
OUT_04110,315.2371445058727
OUT_04111,910.2379784411032
OUT_04112,138.56718330454098
OUT_04113,263.77081598747117
OUT_04114,273.4598490691246
OUT_04115,295.1235196315894
OUT_04117,103.45892952066187
OUT_04118,178.64437361803954
OUT_04119,925.3296197526494
OUT_04120,2002.355835005016
OUT_04121,332.0737306027128
OUT_04122,286.6719199034084
OUT_04123,262.2755594660839
OUT_04124,254.1364140363924
OUT_04125,154.36258383187763
OUT_04126,289.84241068025625
OUT_04127,257.06623351482773
OUT_04128,1928.696090794856
OUT_04129,166.7042087672565
OUT_04130,305.6677536559389
OUT_04131,1001.1781585751272
OUT_04132,184.5401347771102
OUT_04133,310.5595174476623
OUT_04134,121.80675754435651
OUT_04135,269.11290554028005
OUT_04136,2104.2438434689147
OUT_04137,289.46889173718614
OUT_04138,142.04306729529807
OUT_04139,904.8092095875592
OUT_04140,178.13874484972777
OUT_04141,198.4224440677037
OUT_04142,948.7343502981915
OUT_04143,975.1261904645028
OUT_04144,367.39903740498136
OUT_04145,148.13686186358962
OUT_04146,309.97129436967236
OUT_04147,139.89203269433557
OUT_04148,193.71958826980185
OUT_04149,139.89203269433557
OUT_04150,281.4324159848686
OUT_04151,270.9699197049059
OUT_04152,104.64430339710037
OUT_04153,144.67747630658914
OUT_04154,954.132810061969
OUT_04155,853.9053803735248
OUT_04156,238.20880879977415
OUT_04157,183.063254732643
OUT_04158,200.0020581029338
OUT_04159,125.15196299171537
OUT_04160,251.0957325780779
OUT_04161,2035.4625347505744
OUT_04162,172.645973571103
OUT_04163,178.01981206171317
OUT_04164,106.73707633002432
OUT_04165,884.3297038691347
OUT_04166,205.84758049294553
OUT_04167,102.92685453819995
OUT_04168,105.03746354348964
OUT_04169,143.07447185754845
OUT_04170,347.2167972039305
OUT_04171,2126.489997374323
OUT_04172,130.55012755271744
OUT_04173,250.10757918996717
OUT_04174,1004.5213851527247
OUT_04175,208.38873891438624
OUT_04176,260.55083009822687
OUT_04177,193.96257598334964
OUT_04178,315.2773497494482
OUT_04179,170.15363941829506
OUT_04180,295.2311388661016
OUT_04181,294.3434774491079
OUT_04182,252.42559590856433
OUT_04184,297.62593813808786
OUT_04185,301.3711369810201
OUT_04186,143.3486299574978
OUT_04187,352.12701930034603
OUT_04188,150.43418320596479
OUT_04189,370.9826617009588
OUT_04190,892.3043011440182
OUT_04191,173.992744164666
OUT_04192,166.30184560746852
OUT_04193,934.9234472547485
OUT_04194,986.270517516824
OUT_04195,159.42911560399352
OUT_04196,1260.2186330766997
OUT_04197,402.00515766798026
OUT_04198,302.99935154439123
OUT_04199,2067.096034465227
OUT_04200,327.1385135588979
OUT_04201,141.03021155722104
OUT_04202,208.63526472272528
OUT_04203,383.62370575023607
OUT_04204,138.3193748483683
OUT_04205,229.84028503049103
OUT_04206,2099.6950464222614
OUT_04207,331.32644961565484
OUT_04208,92.38804262908265
OUT_04209,331.7999040072378
OUT_04210,256.1226675877279
OUT_04212,332.4940523161256
OUT_04213,403.52260415139426
OUT_04214,335.52056043062817
OUT_04215,278.978628847856
OUT_04216,311.35498429412587
OUT_04217,1095.0140072361676
OUT_04218,184.5797598717442
OUT_04219,153.67569087292833
OUT_04221,789.8484392813672
OUT_04222,104.29149511567645
OUT_04223,235.07277351300513
OUT_04224,309.0387275898158
OUT_04225,503.27037878382555
OUT_04226,1000.111579804739
OUT_04227,382.2646407709668
OUT_04228,426.39273933820436
OUT_04229,308.6515054478851
OUT_04230,152.98868325517805
OUT_04231,348.82261263199456
OUT_04232,879.626955805995
OUT_04233,895.8477060929315
OUT_04234,125.76644571410624
OUT_04235,192.13004848265442
OUT_04236,281.7754559726125
OUT_04237,1965.6907066697183
OUT_04238,355.062574731143
OUT_04239,1900.8222028266853
OUT_04240,134.6250968093372
OUT_04241,277.10378784631905
OUT_04242,193.52598301313088
OUT_04243,136.90258306102362
OUT_04244,267.2935660110458
OUT_04245,315.3040782474171
OUT_04246,97.45144672980923
OUT_04247,298.8928704418026
OUT_04248,200.11495678980324
OUT_04249,290.1523191528595
OUT_04250,982.8263405369988
OUT_04251,1892.132286344938
OUT_04252,287.66570512032416
OUT_04253,112.30757565436434
OUT_04254,988.510943049306
OUT_04256,332.1876191942573
OUT_04257,162.36226417628055
OUT_04258,339.17388884666354
OUT_04259,925.5250911648202
OUT_04260,2101.908890155698
OUT_04261,996.6870432364204
OUT_04262,87.28898960799579
OUT_04263,346.8238491678101
OUT_04264,174.68130987292673
OUT_04265,161.01395273672154
OUT_04266,358.8769889968402
OUT_04267,145.33711071349174
OUT_04268,255.60685485456628
OUT_04269,952.236855373075
OUT_04270,349.5520259519837
OUT_04271,320.093878275803
OUT_04272,303.86979554785006
OUT_04273,189.90665870043128
OUT_04274,301.68837978719523
OUT_04275,246.53260314406387
OUT_04276,292.67772478994254
OUT_04277,138.61490161975942
OUT_04278,136.4336234491822
OUT_04279,164.28362286685814
OUT_04280,315.8964655847744
OUT_04281,255.48304166152974
OUT_04282,870.8427079804826
OUT_04283,248.2805738267069
OUT_04284,180.47158317469336
OUT_04285,271.07827036412533
OUT_04286,295.13010188800644
OUT_04287,257.4825674920718
OUT_04288,200.29937257459812
OUT_04289,185.94636567608
OUT_04290,226.624906348328
OUT_04291,310.9325896123556
OUT_04292,183.4512863205391
OUT_04293,839.99750125132
OUT_04294,285.42381453991504
OUT_04295,1995.148223979645
OUT_04296,263.77081598747117
OUT_04297,104.16646541173691
OUT_04298,255.5017052717979
OUT_04299,361.1680060124759
OUT_04300,115.6650741774472
OUT_04301,256.05268315460023
OUT_04302,424.9032274517209
OUT_04303,128.01408600074677
OUT_04304,959.795225088229
OUT_04305,235.2467854745125
OUT_04306,133.3651814099319
OUT_04307,92.73887675447831
OUT_04308,240.88247581629182
OUT_04309,978.1090396540052
OUT_04310,154.90069346791392
OUT_04311,164.68470669292614
OUT_04312,928.1342663365352
OUT_04313,117.30143769588666
OUT_04314,225.58723886157156
OUT_04315,259.24980877360895
OUT_04316,188.99010972201816
OUT_04317,345.4483448095315
OUT_04318,303.05975237420967
OUT_04319,152.71956801979184
OUT_04320,965.4739747681294
OUT_04321,289.2472458323101
OUT_04322,984.978475036952
OUT_04323,139.47312522486786
OUT_04324,307.7732544310239
OUT_04325,143.19831719105315
OUT_04326,318.8762598648348
OUT_04327,204.27116485667233
OUT_04328,975.7336908241195
OUT_04329,322.02069823256033
OUT_04330,326.89163412797626
OUT_04331,272.3877092922871
OUT_04332,136.2381423027535
OUT_04333,352.8860087661346
OUT_04334,351.0412364147741
OUT_04335,931.7437242558336
OUT_04336,160.14979101470786
OUT_04337,117.14762676588433
OUT_04338,123.25440732060802
OUT_04339,535.6112406790462
OUT_04340,189.30959706968588
OUT_04341,334.46997544860665
OUT_04342,937.0301502099044
OUT_04343,117.10819510799818
OUT_04344,220.96814160765538
OUT_04345,138.38205090694933
OUT_04346,204.24522065884733
OUT_04347,904.57304634431
OUT_04348,111.01728989955913
OUT_04349,951.730547090122
OUT_04350,349.51199052660775
OUT_04351,785.5047675867955
OUT_04352,349.34447281836896
OUT_04353,273.56288310719316
OUT_04354,203.97651569596917
OUT_04355,252.5374912087795
OUT_04356,989.5080392254116
OUT_04357,935.612481933282
OUT_04358,307.02141781832074
OUT_04359,1977.2859230631125
OUT_04360,266.3789169238688
OUT_04361,311.03346351695257
OUT_04362,153.3176596817533
OUT_04363,164.41411255548132
OUT_04364,117.04645378682228
OUT_04365,193.28526744260773
OUT_04366,252.04964614323737
OUT_04367,196.40379242357034
OUT_04368,2036.003035606569
OUT_04369,323.5858565833206
OUT_04370,377.1261683699608
OUT_04371,272.2526305859887
OUT_04372,83.83461413850124
OUT_04373,305.12001272116856
OUT_04374,202.16467381825717
OUT_04375,136.66976631368462
OUT_04376,153.07937034197454
OUT_04377,160.19334790583008
OUT_04378,158.46291644080898
OUT_04379,264.190541516989
OUT_04380,129.9291196023302
OUT_04381,156.18636258442376
OUT_04382,935.0001305841514
OUT_04383,223.26233900737708
OUT_04384,134.88401387742897
OUT_04385,1034.4224240239232
OUT_04386,374.8869607008844
OUT_04387,288.6880579769924
OUT_04388,280.25689239169986
OUT_04389,162.42384947936176
OUT_04390,309.23252724388857
OUT_04391,280.88763372284046
OUT_04392,353.56562191332586
OUT_04393,1976.07328820976
OUT_04394,147.45161818853305
OUT_04395,116.10004670043246
OUT_04396,125.70521782047255
OUT_04397,185.52640404164381
OUT_04398,91.54723698810535
OUT_04399,1220.7320293476294
OUT_04400,930.0236467001756
OUT_04401,159.35493934326857
OUT_04402,848.6508879125557
OUT_04403,155.52608540322078
OUT_04404,1014.4151437281222
OUT_04405,809.0924060180059
OUT_04407,274.3848182244287
OUT_04408,132.76339415958907
OUT_04409,2020.453387250228
OUT_04410,184.69065023677985
OUT_04411,223.68955256941098
OUT_04412,129.36281205347413
OUT_04413,967.6432856178664
OUT_04414,961.8837429284032
OUT_04415,1317.8289532980805
OUT_04416,117.41856860292428
OUT_04417,281.5824276118595
OUT_04418,312.8604870407502
OUT_04419,165.96398055774205
OUT_04420,89.19325607492574
OUT_04421,152.5370369206523
OUT_04422,925.548923229984
OUT_04423,261.7705379908809
OUT_04424,300.4554109647129
OUT_04425,145.99886676972142
OUT_04426,132.72494675128766
OUT_04427,176.51431570472698
OUT_04428,130.6573755282394
OUT_04429,281.3220137504395
OUT_04430,361.34892542483186
OUT_04431,305.5725837298448
OUT_04432,296.58622715566054
OUT_04433,901.5843301724376
OUT_04434,287.7435313128736
OUT_04435,858.3783535085604
OUT_04436,973.26912782346
OUT_04437,880.2604774489265
OUT_04438,889.9422818718244
OUT_04439,1011.8635013579192
OUT_04440,251.6044206919676
OUT_04441,166.73713471834046
OUT_04442,998.8324474063024
OUT_04443,191.83985438185644
OUT_04444,276.2648580967856
OUT_04445,118.94966082342083
OUT_04446,359.9010720431958
OUT_04447,201.49719205925945
OUT_04448,240.14295187612979
OUT_04449,977.6835405762116
OUT_04450,329.89245925514587
OUT_04451,284.4513330540608
OUT_04452,130.07147559844816
OUT_04453,343.3742216503188
OUT_04454,323.66595755499657
OUT_04455,122.56749775626969
OUT_04456,260.0836125562792
OUT_04457,328.4556643535216
OUT_04458,309.04572897344013
OUT_04459,162.9444431053388
OUT_04460,301.93823012380386
OUT_04461,114.2715946859649
OUT_04462,173.25757214756115
OUT_04463,195.8909004197357
OUT_04464,112.2977065302829
OUT_04465,360.9869599053751
OUT_04466,306.8951652891753
OUT_04467,359.40455975302416
OUT_04468,196.1531899825344
OUT_04469,83.75263715622609
OUT_04470,112.71199744619678
OUT_04471,991.7859859616212
OUT_04472,291.72227917593347
OUT_04473,136.36820416427582
OUT_04474,245.74462177199678
OUT_04475,95.1601728419908
OUT_04476,332.28272969693217
OUT_04478,926.7208325953908
OUT_04479,246.539880944103
OUT_04480,854.60603064198
OUT_04482,296.56043424180575
OUT_04483,177.77643346517152
OUT_04484,314.35617775983485
OUT_04485,294.28773562443365
OUT_04486,143.66620827453485
OUT_04487,812.7738809779748
OUT_04488,110.61980007694416
OUT_04489,1015.4352287444364
OUT_04490,112.9407405887407
OUT_04491,137.6124799806053
OUT_04492,959.7212377839186
OUT_04493,237.1951401593532
OUT_04494,168.82082784496092
OUT_04495,231.31267675867352
OUT_04496,219.59827734564476
OUT_04497,327.24824030958194
OUT_04498,333.1606278167618
OUT_04499,118.8974135563122
OUT_04500,2201.444638115925
OUT_04502,345.39960662943395
OUT_04503,347.77241703240395
OUT_04504,332.08638222350373
OUT_04505,242.8328597284167
OUT_04506,278.4172567700277
OUT_04507,931.4678665903176
OUT_04508,132.21067293493476
OUT_04509,896.7214259636335
OUT_04510,291.16808055529333
OUT_04511,155.76275490275773
OUT_04512,119.0035679883054
OUT_04513,117.42024171702664
OUT_04514,982.02800345501
OUT_04515,307.44590857615856
OUT_04516,248.01437479680607
OUT_04517,367.71813823873975
OUT_04518,282.6833861522871
OUT_04519,151.62347068408795
OUT_04520,1009.4955773358084
OUT_04521,97.32491550902485
OUT_04522,113.26380449089106
OUT_04523,992.6624800200382
OUT_04524,298.0628245440777
OUT_04525,272.8697571381204
OUT_04526,973.4764094925148
OUT_04527,110.88800180734994
OUT_04528,919.4913259168457
OUT_04529,154.3226844095812
OUT_04531,117.37825131731768
OUT_04532,278.38801331469284
OUT_04533,940.1162287076668
OUT_04534,167.71943751560832
OUT_04535,348.9308218430761
OUT_04536,325.7815944319527
OUT_04538,118.74477354002084
OUT_04539,184.2595267046683
OUT_04540,285.0176321208687
OUT_04541,291.5756872082676
OUT_04542,174.7978018482522
OUT_04543,140.45048061731245
OUT_04544,309.752666940993
OUT_04545,130.78801060830307
OUT_04546,98.90717648366292
OUT_04547,338.61738842482976
OUT_04548,165.06560216831744
OUT_04549,147.27944262353887
OUT_04550,317.6411328413949
OUT_04551,290.40630810883306
OUT_04552,325.6044875089695
OUT_04553,283.04977718952085
OUT_04554,116.40291066197673
OUT_04555,406.84224280910263
OUT_04556,1023.9020855202313
OUT_04557,112.24245980691796
OUT_04558,309.70025474606183
OUT_04559,218.6714319244502
OUT_04560,1023.079212469704
OUT_04561,257.75408405062217
OUT_04562,285.050554832184
OUT_04563,224.09723383158
OUT_04564,179.63289376979012
OUT_04565,323.2830765647321
OUT_04566,299.8329738052552
OUT_04567,146.8170802909838
OUT_04568,996.7255699472382
OUT_04569,1968.5729096607488
OUT_04570,127.33831678154816
OUT_04571,336.127228440156
OUT_04572,152.34085041484056
OUT_04573,303.8508375330006
OUT_04574,207.22880735083208
OUT_04575,378.7292367274062
OUT_04576,1002.3066853153751
OUT_04577,142.75191873118476
OUT_04578,242.06126110670212
OUT_04579,126.43577179974076
OUT_04580,326.7727009789301
OUT_04581,300.5015946363356
OUT_04582,117.73686580871926
OUT_04583,373.0902605639026
OUT_04584,147.20495087658597
OUT_04585,147.1870491673262
OUT_04586,302.73288239437454
OUT_04587,138.56564457998218
OUT_04588,301.82780901202335
OUT_04589,182.2763358173737
OUT_04590,295.1667440509468
OUT_04591,256.2598932050434
OUT_04592,327.2585416168543
OUT_04593,2052.7540397731213
OUT_04594,1008.7580662741434
OUT_04595,309.74605455917686
OUT_04597,272.81326499979275
OUT_04598,888.6024073082449
OUT_04599,228.5460095526798
OUT_04600,87.19468963973114
OUT_04601,114.47609415529315
OUT_04602,143.2696198289242
OUT_04603,348.9897953234643
OUT_04604,186.4999286074718
OUT_04605,145.6425353026691
OUT_04606,898.017469893897
OUT_04607,348.66992310652137
OUT_04608,213.21454227833203
OUT_04609,2019.4427163234925
OUT_04610,904.3416650714
OUT_04611,988.9226278282238
OUT_04612,938.3516194328672
OUT_04613,936.7350940742302
OUT_04614,114.67816370165144
OUT_04615,1001.5286408449022
OUT_04616,126.63424264964262
OUT_04617,238.5715344124083
OUT_04618,474.2863196556642
OUT_04619,341.6260852204801
OUT_04620,990.4907868550796
OUT_04621,324.4919869090645
OUT_04622,168.61382116771426
OUT_04623,128.01408600074677
OUT_04624,94.84661939676894
OUT_04625,144.1507672005164
OUT_04626,1002.4650231628442
OUT_04627,307.4304770426161
OUT_04628,243.7212034966648
OUT_04629,304.8233037604745
OUT_04630,294.3445189115483
OUT_04631,385.04962300937706
OUT_04632,127.49942018728372
OUT_04633,373.9330188605679
OUT_04634,297.42696668746987
OUT_04635,142.05204176350782
OUT_04636,135.55421168994897
OUT_04637,171.91893632944218
OUT_04638,141.86823259995475
OUT_04639,109.74149136146116
OUT_04640,2059.9119972682925
OUT_04641,432.63020229199344
OUT_04642,196.68101900417068
OUT_04643,152.18236409121778
OUT_04644,1009.4975406951536
OUT_04645,557.6970750012333
OUT_04646,335.92867807050914
OUT_04647,120.24004690654307
OUT_04648,321.82505414300283
OUT_04649,327.5437886073082
OUT_04651,994.9304067931944
OUT_04652,119.66131442133407
OUT_04653,105.30089724801206
OUT_04654,187.23438861881948
OUT_04655,146.01027469340266
OUT_04656,221.14231387973237
OUT_04657,134.13956772848562
OUT_04658,199.7012458716352
OUT_04659,124.00575843634095
OUT_04660,131.90304099753237
OUT_04661,315.6062205958286
OUT_04662,407.57139164104984
OUT_04663,128.18008943099446
OUT_04664,867.7143600502012
OUT_04665,108.91092508338274
OUT_04667,994.126339285649
OUT_04668,139.35936848526163
OUT_04669,291.6020059221754
OUT_04670,104.2039018984491
OUT_04671,327.80736642600533
OUT_04672,291.3237885931461
OUT_04673,129.54226446042946
OUT_04674,131.1325589495768
OUT_04675,316.37755906902095
OUT_04676,966.6158531449494
OUT_04677,169.8143018826983
OUT_04678,2074.733093754091
OUT_04679,879.926541981543
OUT_04680,106.36517283871603
OUT_04681,268.4689795655998
OUT_04682,200.9734687790485
OUT_04683,288.9063804357264
OUT_04684,338.204662294352
OUT_04685,264.68915752524185
OUT_04686,300.7540657932019
OUT_04687,283.6310288445321
OUT_04688,156.96071673652477
OUT_04689,246.2015136284023
OUT_04690,139.7962309337725
OUT_04691,289.8687522405631
OUT_04692,148.82069591250018
OUT_04693,103.65757894061603
OUT_04694,907.4452966556612
OUT_04695,355.8814285987228
OUT_04696,208.97612378412413
OUT_04697,277.88336034578765
OUT_04698,131.63227156600058
OUT_04699,331.0928894749921
OUT_04700,318.2004236835207
OUT_04701,946.1850888374038
OUT_04702,346.51358974927723
OUT_04703,931.5992849356564
OUT_04704,896.3741784963972
OUT_04705,150.21791259131928
OUT_04706,872.3430188448178
OUT_04707,283.44778497372306
OUT_04708,127.1210344121441
OUT_04709,137.48575243212036
OUT_04710,318.5788553670385
OUT_04711,128.53917433500314
OUT_04712,243.49098388217658
OUT_04713,931.2265211545672
OUT_04714,877.6628009483247
OUT_04715,143.1965780404853
OUT_04716,278.8935143461499
OUT_04717,91.07693486320376
OUT_04718,902.7640324457356
OUT_04719,142.34591078563707
OUT_04720,161.35408398006075
OUT_04721,279.4029312467589
OUT_04722,181.1306722702585
OUT_04723,303.8621159744464
OUT_04724,914.1123905495748
OUT_04725,178.62347457487596
OUT_04726,283.0791410001208
OUT_04727,143.0430506429097
OUT_04728,279.881014715859
OUT_04729,356.34697919349713
OUT_04730,165.93773842407023
OUT_04731,260.68582261474586
OUT_04732,111.98087944289747
OUT_04733,917.4495617791966
OUT_04734,933.295863170924
OUT_04735,206.46704831646525
OUT_04736,354.13331819871144
OUT_04737,980.6393690152664
OUT_04738,110.39464254892542
OUT_04739,163.66744175693577
OUT_04740,94.79408883613615
OUT_04741,115.47977069846628
OUT_04742,992.4426104010454
OUT_04743,262.23199145709964
OUT_04744,277.81243884240223
OUT_04745,271.07827036412533
OUT_04746,839.3527512587995
OUT_04747,265.58468057284966
OUT_04748,239.02391816003674
OUT_04749,117.23101193171254
OUT_04750,94.93601981306378
OUT_04751,962.4131779779078
OUT_04752,2017.4995712972463
OUT_04753,259.6641086352879
OUT_04754,348.0943405232915
OUT_04755,334.8267704348409
OUT_04756,331.8204226312793
OUT_04757,413.45945287837077
OUT_04758,906.959555381685
OUT_04759,226.45205092346396
OUT_04760,152.5816411475845
OUT_04761,320.3091074363939
OUT_04762,129.42861932410926
OUT_04763,179.6227084999297
OUT_04764,127.25588456630953
OUT_04765,322.2553643166159
OUT_04766,751.6138103093372
OUT_04768,979.8008176235136
OUT_04769,164.81050919860795
OUT_04770,424.60186821853466
OUT_04771,116.74280588668972
OUT_04772,953.7961558309288
OUT_04773,149.42035598129956
OUT_04774,317.16621505588995
OUT_04775,272.1576212884312
OUT_04776,290.0355278907141
OUT_04777,102.72531529073554
OUT_04778,157.78116415193114
OUT_04779,344.84417218575385
OUT_04780,134.98877458594353
OUT_04781,282.79094229696153
OUT_04782,303.9495435281001
OUT_04783,373.57170482537214
OUT_04784,292.1725511925684
OUT_04785,287.29598405388424
OUT_04786,369.33739665310753
OUT_04787,123.06142481764827
OUT_04788,332.0450441247837
OUT_04789,146.83641938195453
OUT_04790,2010.9524495528533
OUT_04791,1016.8502865076476
OUT_04792,200.38021561943899
OUT_04793,253.96925678266405
OUT_04794,193.6578546869496
OUT_04795,919.4837693647826
OUT_04796,245.1437840370664
OUT_04797,214.0069259347051
OUT_04798,955.9131960192722
OUT_04799,137.49526831606283
OUT_04800,152.7389152576635
OUT_04801,145.83356206621053
OUT_04802,122.40483971197156
OUT_04803,149.13771627915855
OUT_04804,990.560504970106
OUT_04805,179.3141950814847
OUT_04806,141.13768081833456
OUT_04807,319.02102995220605
OUT_04808,925.8528870144976
OUT_04809,124.74258184779403
OUT_04810,337.14926633084434
OUT_04811,940.352561082523
OUT_04812,2167.640519228016
OUT_04814,939.065886927202
OUT_04815,230.20646993121468
OUT_04816,298.9163201002912
OUT_04817,113.93383043054116
OUT_04818,300.05513541868964
OUT_04819,2203.031581474165
OUT_04820,329.9666480050356
OUT_04821,153.52903852469538
OUT_04822,145.16680832533484
OUT_04823,363.1130254550513
OUT_04824,112.19080331135235
OUT_04825,167.04663193158828
OUT_04826,139.4894938952424
OUT_04827,123.7453140177184
OUT_04828,144.19606783767892
OUT_04829,206.9177322177828
OUT_04830,974.3929402240252
OUT_04831,109.4992358923234
OUT_04832,325.6039672515241
OUT_04833,476.9650152800938
OUT_04834,140.85514746502045
OUT_04835,2128.170812638268
OUT_04836,297.1965234374884
OUT_04837,158.5882422888886
OUT_04838,105.04908560251624
OUT_04839,193.52598301313088
OUT_04840,141.3374432887112
OUT_04841,239.53862876257205
OUT_04842,331.69155289982314
OUT_04843,166.88120734953182
OUT_04844,986.8156181103136
OUT_04845,367.5756199192104
OUT_04846,113.72263911378964
OUT_04847,159.000749653661
OUT_04848,244.47562659418776
OUT_04849,330.5452305192957
OUT_04850,157.38220046972904
OUT_04851,329.4834942324058
OUT_04852,242.65213299984129
OUT_04853,2099.9684932246487
OUT_04854,905.7284414386859
OUT_04855,151.9193699691652
OUT_04856,323.64425105306697
OUT_04857,820.4139514082796
OUT_04858,117.67961364535977
OUT_04859,306.19235182944493
OUT_04860,296.0446137275247
OUT_04861,289.0695291554265
OUT_04862,280.37015694618344
OUT_04863,175.27598322662013
OUT_04864,289.9500625464813
OUT_04865,344.71549341105793
OUT_04866,252.76880942282304
OUT_04867,123.19724526578258
OUT_04868,285.42381453991504
OUT_04869,1017.5798821562722
OUT_04870,196.82312385760451
OUT_04871,145.33798072286024
OUT_04872,303.44521140480435
OUT_04873,920.4337830585292
OUT_04874,154.38147589107052
OUT_04875,124.3676802813762
OUT_04876,284.2868123113935
OUT_04877,331.54186451174445
OUT_04878,127.24281786655126
OUT_04879,2048.1669369751
OUT_04880,137.75788436619845
OUT_04881,110.18877756327457
OUT_04882,335.8338348070174
OUT_04883,156.22473896665505
OUT_04884,139.58051516677148
OUT_04885,903.157411382874
OUT_04886,260.0067906102778
OUT_04887,802.1920818050116
OUT_04888,140.6603285761791
OUT_04889,130.03195541962907
OUT_04890,99.45549785012356
OUT_04891,275.1514468564257
OUT_04892,872.9396378480241
OUT_04893,286.1772401445801
OUT_04894,121.76162153780524
OUT_04895,174.93694787776013
OUT_04896,150.4599177891599
OUT_04897,118.21987770210792
OUT_04898,923.654796116814
OUT_04899,323.1248118456712
OUT_04900,156.3592361920854
OUT_04901,309.730189988778
OUT_04902,125.2697934989884
OUT_04903,291.1268339474116
OUT_04904,326.1151339060891
OUT_04905,116.0107708332224
OUT_04906,239.8146465159468
OUT_04907,139.95228744961628
OUT_04908,186.96259482860484
OUT_04909,167.04663193158828
OUT_04910,277.7677041119074
OUT_04911,120.29521462925642
OUT_04912,284.417788614464
OUT_04913,937.3965566448894
OUT_04914,296.6254420695494
OUT_04915,100.79962867113538
OUT_04916,213.26868318038228
OUT_04917,309.0704236978115
OUT_04918,192.49022626825374
OUT_04919,1886.7289725229543
OUT_04920,315.3220337860844
OUT_04921,117.02434430810322
OUT_04922,263.2478269228317
OUT_04923,175.98104467734595
OUT_04924,902.426750819758
OUT_04925,958.7347686298268
OUT_04926,103.25949157554686
OUT_04927,251.510660013155
OUT_04928,237.96562722257997
OUT_04929,371.72042721401215
OUT_04930,137.8435791252812
OUT_04931,157.36435679488594
OUT_04932,242.7104041408461
OUT_04933,95.25076802633401
OUT_04934,187.6164301782448
OUT_04935,365.6021066335961
OUT_04936,283.3952061096089
OUT_04937,284.8265766218157
OUT_04938,124.43393699886502
OUT_04939,146.3215953388046
OUT_04940,201.65315636914596
OUT_04941,865.3173586964093
OUT_04942,945.0039469353696
OUT_04943,121.66806420222092
OUT_04944,963.7005985165608
OUT_04945,286.6719199034084
OUT_04946,92.55963406835608
OUT_04947,822.5625493042146
OUT_04948,198.19387621775718
OUT_04949,297.6209659315643
OUT_04950,291.01903784514326
OUT_04951,154.2313006625779
OUT_04952,340.6062890895988
OUT_04953,924.9572576323357
OUT_04954,296.5924708425365
OUT_04955,193.7219918976818
OUT_04956,119.63675803538261
OUT_04957,97.9882169045066
OUT_04958,200.68017328140797
OUT_04959,301.0840998638435
OUT_04960,166.99076509274497
OUT_04961,190.3207834819165
OUT_04962,2034.9071175567217
OUT_04963,320.399349437437
OUT_04964,213.54558322175257
OUT_04965,191.83138603633356
OUT_04966,161.2069336093145
OUT_04967,120.99363358582376
OUT_04968,351.7030446214624
OUT_04969,287.7852597557073
OUT_04970,154.5643111523942
OUT_04971,946.783246339932
OUT_04972,337.7966968352903
OUT_04973,1028.1370943735733
OUT_04974,362.0494065634933
OUT_04975,126.54559166961097
OUT_04976,134.44050678522046
OUT_04977,107.56434497524305
OUT_04978,304.84429421699
OUT_04979,2054.645068811119
OUT_04980,231.5067764615968
OUT_04981,148.99519870993447
OUT_04982,449.59915459819854
OUT_04983,831.1514548162611
OUT_04984,108.79975343148101
OUT_04985,900.5541739012057
OUT_04986,313.4755580550251
OUT_04987,136.2381423027535
OUT_04988,200.90032905036023
OUT_04989,133.20893630077194
OUT_04990,335.4882174818748
OUT_04991,211.87575703797071
OUT_04992,904.4775501665656
OUT_04993,115.10435331036648
OUT_04994,249.7699400313558
OUT_04995,272.4933597268176
OUT_04996,316.59311893080417
OUT_04997,184.83813197034817
OUT_04998,145.97486618109843
OUT_04999,301.16186921620664
OUT_05000,143.0430506429097
OUT_05001,100.28634283161323
OUT_05002,110.16849334751576
OUT_05003,120.63530161211337
OUT_05004,149.38461136433386
OUT_05005,328.8284117227668
OUT_05006,186.0725969062376
OUT_05007,1912.1331967319973
OUT_05008,146.51350220030758
OUT_05009,174.61370741997305
OUT_05010,144.43649523861728
OUT_05011,308.85708619745094
OUT_05012,255.38876184755043
OUT_05013,145.39706691000683
OUT_05014,332.5252911291111
OUT_05015,233.72024759488005
OUT_05016,264.39507676238895
OUT_05017,151.53176056076975
OUT_05018,278.6949328790965
OUT_05019,356.4308384868137
OUT_05020,242.11307536330523
OUT_05021,295.23085788631425
OUT_05022,84.95638501347065
OUT_05023,135.46810368224504
OUT_05024,286.00917879452936
OUT_05025,122.29920998503434
OUT_05026,340.8866786507719
OUT_05027,217.77314326166592
OUT_05028,174.74143281053975
OUT_05029,317.03695430123753
OUT_05030,214.59165011373315
OUT_05031,399.4577455758892
OUT_05032,189.7013994191744
OUT_05033,326.0464982092384
OUT_05034,295.74443792722155
OUT_05035,218.57767536069716
OUT_05036,136.53324964470733
OUT_05037,131.20819303984888
OUT_05038,118.08093819223235
OUT_05039,155.84230545626275
OUT_05040,115.0020372931765
OUT_05041,277.41263257547877
OUT_05042,674.1976301373048
OUT_05043,105.96341376070332
OUT_05044,312.38536415661133
OUT_05045,858.7747660578294
OUT_05046,907.6303066065559
OUT_05047,126.70847462436592
OUT_05048,195.4485097987607
OUT_05049,143.49631918804624
OUT_05050,1958.8112953116856
OUT_05051,87.40554212867974
OUT_05052,964.0986481083744
OUT_05053,219.4701305916317
OUT_05054,232.5746767673345
OUT_05056,308.9582090589753
OUT_05057,284.55688771688875
OUT_05058,215.5343873472142
OUT_05059,351.84611786315736
OUT_05060,104.40536187660005
OUT_05061,210.0680146228716
OUT_05062,115.76519505033724
OUT_05063,173.3439575082813
OUT_05064,365.908738625864
OUT_05065,285.1383901249158
OUT_05066,340.82856473536333
OUT_05067,114.72089490195523
OUT_05068,215.01167239922725
OUT_05069,109.32492401994716
OUT_05070,280.84052356461245
OUT_05071,2026.191100846488
OUT_05072,122.58732968810476
OUT_05073,304.746391009601
OUT_05074,165.221696261429
OUT_05075,119.37057554473999
OUT_05076,180.92280567827203
OUT_05077,171.4103051039044
OUT_05078,308.1040033515375
OUT_05079,946.709498836809
OUT_05080,287.70205803597446
OUT_05081,129.76632039676812
OUT_05082,267.15557360142185
OUT_05083,293.5022149555854
OUT_05084,276.5380571902509
OUT_05085,359.3928969577337
OUT_05086,243.6994866989876
OUT_05087,260.8389010413747
OUT_05088,167.89527794581696
OUT_05089,279.816957902276
OUT_05090,303.23246493250184
OUT_05091,912.0355582361956
OUT_05092,1988.0052140473008
OUT_05093,294.8630506428782
OUT_05094,336.0374105995767
OUT_05095,2096.497227569405
OUT_05096,208.15183742372542
OUT_05097,911.5228381336055
OUT_05098,195.81555356387938
OUT_05099,177.88103411992032
OUT_05100,140.68343506710076
OUT_05101,936.2281211823056
OUT_05102,286.7645199234101
OUT_05103,107.47695189315628
OUT_05104,903.8909210867682
OUT_05105,254.31699368257662
OUT_05106,210.19351411983976
OUT_05107,302.1390182830972
OUT_05108,120.39742155152872
OUT_05109,236.87356319831662
OUT_05111,112.92905110790075
OUT_05112,311.1263077659879
OUT_05113,168.6007030291968
OUT_05114,157.99256463208357
OUT_05115,893.5179402243919
OUT_05116,283.0947730584492
OUT_05117,212.11055702819743
OUT_05118,281.5824276118595
OUT_05119,229.69157283098903
OUT_05120,2034.8254803655973
OUT_05121,256.05268315460023
OUT_05122,1010.7306285633416
OUT_05123,236.2484407913408
OUT_05124,351.806335945372
OUT_05125,219.46782149460577
OUT_05126,140.06768033096557
OUT_05127,113.53641950980176
OUT_05128,272.75205895260035
OUT_05129,339.89581523847335
OUT_05130,902.0684905675032
OUT_05131,304.44904035384616
OUT_05132,154.38147589107052
OUT_05133,1923.072500639012
OUT_05134,292.0363457232252
OUT_05135,241.27541431086053
OUT_05136,286.7465429154069
OUT_05137,144.87774688579643
OUT_05138,128.47302937203597
OUT_05139,143.7998558967357
OUT_05140,248.3718241217534
OUT_05141,344.1175123299905
OUT_05142,953.693212026694
OUT_05143,324.711831398556
OUT_05144,128.49766422030666
OUT_05145,144.7349796473516
OUT_05146,143.1093307505544
OUT_05147,293.7607780197864
OUT_05148,207.85522519780966
OUT_05149,261.56421534518404
OUT_05150,280.7203716709013
OUT_05151,127.92874488250622
OUT_05152,109.80460353924646
OUT_05153,115.1883593212456
OUT_05154,110.45027547034144
OUT_05155,362.9894941136248
OUT_05156,2076.341016821566
OUT_05157,2023.2617201303792
OUT_05158,138.30089865311578
OUT_05159,312.192760971389
OUT_05160,202.5908949156641
OUT_05161,853.0900891159565
OUT_05162,968.7367199044602
OUT_05163,276.6840545560566
OUT_05164,92.61163277864638
OUT_05165,120.8955928817303
OUT_05166,1006.9784197774778
OUT_05167,291.4852566393158
OUT_05168,911.8829436225286
OUT_05169,189.7013994191744
OUT_05170,1483.106664787614
OUT_05171,237.1951401593532
OUT_05172,156.7645783574248
OUT_05173,162.97598367614245
OUT_05174,273.1774209592783
OUT_05175,828.7883083466927
OUT_05176,886.5169044372865
OUT_05177,136.60404309536247
OUT_05178,941.5631383313388
OUT_05179,414.1252034251516
OUT_05180,144.82705287249865
OUT_05181,1936.9847465912192
OUT_05182,141.13768081833456
OUT_05183,283.16874873295023
OUT_05184,125.741667835085
OUT_05185,945.2707912989754
OUT_05186,968.522703602356
OUT_05187,270.0174857174133
OUT_05188,1018.9835482227973
OUT_05189,132.41865989994108
OUT_05190,453.5874174187112
OUT_05191,196.68101900417068
OUT_05192,322.8179036939116
OUT_05193,331.0541758272274
OUT_05194,291.36097653716826
OUT_05195,331.9487809761866
OUT_05196,103.12722981360255
OUT_05197,903.7699147412724
OUT_05198,1933.677142359824
OUT_05199,398.2110007014419
OUT_05200,129.47704598765387
OUT_05201,960.6142132809024
OUT_05202,196.68101900417068
OUT_05203,394.14325002972464
OUT_05204,2067.320712417571
OUT_05205,1975.065494909485
OUT_05206,182.9542156678473
OUT_05207,273.0750369329386
OUT_05208,129.0176155719103
OUT_05209,247.93785621970798
OUT_05210,112.31100207386383
OUT_05211,298.0677441231607
OUT_05212,185.45302850224613
OUT_05213,161.80797754360344
OUT_05215,103.2505706436692
OUT_05216,896.8867389255572
OUT_05217,147.21187314430946
OUT_05218,278.74455523391987
OUT_05219,110.39969928587907
OUT_05220,274.7074708093679
OUT_05221,216.64423347174807
OUT_05222,997.3994984726088
OUT_05223,155.72004730188016
OUT_05224,111.66568326240639
OUT_05225,307.3004573495583
OUT_05226,173.85755278582766
OUT_05227,173.02091798269734
OUT_05228,241.2326128840318
OUT_05229,203.7022821984261
OUT_05230,1997.0691796549345
OUT_05231,1245.9138770828094
OUT_05232,277.14027593825773
OUT_05233,948.9431396675644
OUT_05234,321.8785082017424
OUT_05235,104.26155098041626
OUT_05236,199.1615900244601
OUT_05237,271.27696124830726
OUT_05238,167.86674346891087
OUT_05239,282.6372666090484
OUT_05240,337.6710654009073
OUT_05241,340.31305791102625
OUT_05242,184.03548691169473
OUT_05243,245.61585644267203
OUT_05244,311.46636647813455
OUT_05245,123.30710019299934
OUT_05246,170.68083397224268
OUT_05247,171.97716880633746
OUT_05248,287.9255169599017
OUT_05249,302.33196066058935
OUT_05250,2121.296464720722
OUT_05251,111.40437282646337
OUT_05252,300.1578789618026
OUT_05253,308.8057702352056
OUT_05254,145.10488910606338
OUT_05255,917.6851450434162
OUT_05256,959.3828549208882
OUT_05257,944.9911134093346
OUT_05258,122.4920040367675
OUT_05259,903.4065666570236
OUT_05260,277.14202260464447
OUT_05261,443.0781614427388
OUT_05262,113.04543463199421
OUT_05263,98.65132287489784
OUT_05264,919.5833631054178
OUT_05265,327.83607637064995
OUT_05266,213.54558322175257
OUT_05267,310.05182551562166
OUT_05268,434.50403078532776
OUT_05269,2029.0256672383264
OUT_05270,387.58400944803503
OUT_05271,850.5646492857699
OUT_05272,965.2851386168865
OUT_05273,154.94903915441947
OUT_05274,310.2035035262727
OUT_05275,119.75889365416047
OUT_05276,127.67286254073193
OUT_05277,384.3321432513612
OUT_05278,92.73887675447831
OUT_05279,244.2509077881832
OUT_05280,2021.8165622407016
OUT_05281,345.14815508316013
OUT_05282,290.61807547855403
OUT_05283,371.3508613538217
OUT_05284,144.28848697894583
OUT_05285,195.45261334421085
OUT_05286,892.3695949702783
OUT_05287,1000.9134176345384
OUT_05288,390.5718335788991
OUT_05289,386.2849440019993
OUT_05290,264.0080280575029
OUT_05291,180.8785523750452
OUT_05292,1001.7360403761832
OUT_05293,117.79294276738072
OUT_05294,280.51874975951597
OUT_05295,297.928179991284
OUT_05296,184.5881617709071
OUT_05297,1954.326700668465
OUT_05298,127.98614187635889
OUT_05299,861.5397343380042
OUT_05300,288.96239905862353
OUT_05301,288.5846070740424
OUT_05302,921.2940036277272
OUT_05303,94.22063331786605
OUT_05305,388.53508299794805
OUT_05306,140.54479708479673
OUT_05307,539.9200313193151
OUT_05308,120.17383706216106
OUT_05309,366.1701147737385
OUT_05310,121.69394649820234
OUT_05311,341.0102058334633
OUT_05312,91.5495511304373
OUT_05313,108.6061615065636
OUT_05314,273.6888572624177
OUT_05315,359.4209612182501
OUT_05316,292.40165269649293
OUT_05317,222.12837190561126
OUT_05318,946.2477426077209
OUT_05319,320.28560569544874
OUT_05320,302.4109509015016
OUT_05321,247.5452772707357
OUT_05322,167.9239575023743
OUT_05323,198.9002766904994
OUT_05324,295.67552089476925
OUT_05325,978.287014866826
OUT_05326,234.66260066204953
OUT_05327,242.96885371332164
OUT_05328,339.59107213628283
OUT_05329,1010.7797832235964
OUT_05330,139.88256964472347
OUT_05332,993.862377032301
OUT_05333,994.8645429689934
OUT_05334,149.7665074705691
OUT_05335,231.20758758278333
OUT_05336,267.36349988684617
OUT_05337,304.3593725536103
OUT_05338,252.757483691897
OUT_05339,182.3320387149247
OUT_05340,978.2400005760704
OUT_05341,326.0464982092384
OUT_05342,278.3088502077675
OUT_05343,293.18506498087976
OUT_05344,311.5693103909711
OUT_05345,176.33886711951232
OUT_05346,170.08578926636505
OUT_05347,361.54621343189143
OUT_05348,185.5650009065845
OUT_05349,906.4498143083854
OUT_05350,264.59090218790755
OUT_05351,863.1624495283279
OUT_05352,235.82793851546103
OUT_05353,116.76864033638698
OUT_05354,336.079342547588
OUT_05355,2912.5731411299803
OUT_05356,144.97141104083224
OUT_05357,957.1275429213098
OUT_05358,858.5206793155529
OUT_05359,189.13984957464987
OUT_05360,275.47490874690584
OUT_05361,85.62633637258584
OUT_05362,261.8990016037324
OUT_05363,176.15138531765066
OUT_05364,163.36066710507643
OUT_05365,191.27554478413447
OUT_05366,2015.5537835905984
OUT_05367,300.690413654881
OUT_05368,142.1458427799617
OUT_05369,281.0067123861181
OUT_05370,152.7389152576635
OUT_05371,174.11982909957328
OUT_05372,310.713230774274
OUT_05373,296.337791628516
OUT_05374,227.3489557979967
OUT_05375,954.955315609347
OUT_05376,152.93833659888915
OUT_05377,963.3097854350816
OUT_05378,120.61405018164803
OUT_05379,346.7871770058083
OUT_05380,141.84968311312412
OUT_05381,163.64076013423855
OUT_05382,168.48748388917974
OUT_05383,142.37380639703227
OUT_05384,937.5894814232224
OUT_05385,332.7790264950395
OUT_05386,110.9296810114391
OUT_05387,2098.4130142481936
OUT_05389,110.70374919261305
OUT_05390,160.58088952737444
OUT_05391,112.2614209800305
OUT_05392,318.10611591340694
OUT_05393,333.7438611645548
OUT_05394,194.8556081918656
OUT_05395,142.41993119326148
OUT_05396,390.24480838043854
OUT_05397,127.66937291419045
OUT_05398,375.6651404315363
OUT_05399,241.8561625266992
OUT_05400,128.83698323816117
OUT_05401,344.6710442932573
OUT_05402,293.714083504604
OUT_05403,898.9389161710499
OUT_05404,342.5722321466288
OUT_05405,260.9887665622669
OUT_05406,276.6705068492683
OUT_05407,981.7441568139473
OUT_05408,176.46190378078055
OUT_05409,266.36230996907057
OUT_05410,913.5790122440186
OUT_05411,220.24310544150325
OUT_05412,904.1574340234623
OUT_05413,157.64085890100907
OUT_05414,280.34614019609023
OUT_05415,341.13221545272347
OUT_05416,360.8677485778819
OUT_05417,222.2585440578514
OUT_05418,902.3573324846672
OUT_05419,281.5703709847036
OUT_05420,144.9945169315656
OUT_05421,410.4702528031333
OUT_05422,125.29934404812792
OUT_05423,229.91726703344568
OUT_05424,374.27276748177775
OUT_05425,203.91132942988935
OUT_05426,1928.3630747245768
OUT_05427,958.4861293611154
OUT_05428,1008.7798072888248
OUT_05429,221.05366958001372
OUT_05430,2065.230189122215
OUT_05431,291.3237885931461
OUT_05432,135.81361579488976
OUT_05433,111.19139853928704
OUT_05434,199.83501383291843
OUT_05435,343.7208558793634
OUT_05436,150.28148207683705
OUT_05437,507.09712569498276
OUT_05438,123.04152256422957
OUT_05439,290.3245880597505
OUT_05440,143.38524710784336
OUT_05441,129.0573970079018
OUT_05442,877.9159222058263
OUT_05443,325.2780441345891
OUT_05444,209.86963132260223
OUT_05445,282.02552740560327
OUT_05446,206.32165340603066
OUT_05447,292.2074997910969
OUT_05448,918.9883634402348
OUT_05449,126.95337230673044
OUT_05450,348.02683127760315
OUT_05451,370.2055626576712
OUT_05452,959.8451434116382
OUT_05453,2854.704043567521
OUT_05454,303.7969750090578
OUT_05455,189.16771454727464
OUT_05456,339.8433283738255
OUT_05457,111.55481757810824
OUT_05458,322.9276845282111
OUT_05459,948.425613588866
OUT_05460,135.40764645910102
OUT_05461,322.4773161980912
OUT_05462,272.4767379506468
OUT_05464,124.77550389521427
OUT_05465,2003.8936311596208
OUT_05466,339.1885954245985
OUT_05467,114.11461311415502
OUT_05468,166.83612663789836
OUT_05469,217.7737980812459
OUT_05470,2590.5983916474165
OUT_05471,132.93523410873985
OUT_05472,114.51416566924594
OUT_05473,350.3661577963898
OUT_05474,139.33969989261888
OUT_05475,140.1657003876611
OUT_05477,322.7849425384499
OUT_05478,922.2202293087282
OUT_05479,184.5881617709071
OUT_05480,176.39956442917335
OUT_05481,179.96648119472107
OUT_05482,1070.0287665121068
OUT_05483,829.1210650143229
OUT_05484,143.6613361485853
OUT_05485,2025.0305714187607
OUT_05486,950.3238762645124
OUT_05487,318.66693629508916
OUT_05488,264.4250583546775
OUT_05489,127.75326780611904
OUT_05490,893.9890650170232
OUT_05491,103.88274046961362
OUT_05492,312.6623560718122
OUT_05493,1022.5165222785538
OUT_05494,366.88917474144125
OUT_05495,928.4038358822112
OUT_05496,111.31846760464786
OUT_05497,905.736482615553
OUT_05498,120.03798353039062
OUT_05499,125.7483779553904
OUT_05500,412.0763131593906
OUT_05501,935.479396177256
OUT_05502,331.6309857082802
OUT_05503,161.01395273672154
OUT_05504,286.82635106381565
OUT_05505,372.8201193104901
OUT_05506,295.1616639138149
OUT_05508,950.7027899285796
OUT_05509,320.22114630502745
OUT_05510,450.03480355900865
OUT_05511,958.3675396991962
OUT_05512,306.6991278309836
OUT_05513,249.19676431300726
OUT_05514,885.4284543913731
OUT_05515,138.4998255166667
OUT_05516,280.1381368420781
OUT_05517,130.47050011054415
OUT_05518,110.70374919261305
OUT_05519,208.6231061536789
OUT_05520,208.38873891438624
OUT_05521,228.5004560110817
OUT_05522,309.7178197342061
OUT_05523,858.3958983223276
OUT_05524,159.15027024675854
OUT_05525,324.6293669332507
OUT_05526,199.94687484654065
OUT_05527,134.34290817725102
OUT_05528,239.50036913826435
OUT_05529,207.57634433088205
OUT_05530,353.4748824205092
OUT_05531,117.16111162923256
OUT_05532,277.3936628927419
OUT_05533,257.20936334883896
OUT_05534,114.30934910625069
OUT_05535,319.0594258311363
OUT_05536,317.16423346132325
OUT_05537,817.3865721244861
OUT_05538,366.02643921163656
OUT_05539,153.9096178990409
OUT_05540,975.504509300095
OUT_05541,151.3483709276828
OUT_05542,972.3512080325404
OUT_05543,846.7315835252016
OUT_05544,280.2615643677442
OUT_05545,334.0628843204446
OUT_05546,125.92999172851503
OUT_05547,177.2394535632899
OUT_05548,139.39198332030662
OUT_05549,120.54821448850127
OUT_05550,111.87492674257409
OUT_05551,860.9833016111128
OUT_05552,942.9626812601948
OUT_05553,308.9103363000912
OUT_05554,120.32544204448077
OUT_05555,880.9300538102816
OUT_05556,116.4186117313844
OUT_05557,106.36583606466426
OUT_05558,142.55579975330585
OUT_05559,231.6855502124895
OUT_05560,297.71894668078727
OUT_05561,166.16844369278985
OUT_05562,347.2131992800513
OUT_05563,302.52507264355046
OUT_05564,1868.764160333188
OUT_05565,909.5621752343834
OUT_05566,179.35752847526715
OUT_05567,186.45893689822685
OUT_05568,352.14839751362126
OUT_05569,897.7904500405123
OUT_05570,258.06311544562124
OUT_05571,944.2795834398046
OUT_05572,80.23715190188639
OUT_05573,287.3751644028898
OUT_05574,115.09526826812288
OUT_05575,998.7576818429516
OUT_05576,844.8477473956509
OUT_05577,862.510503097076
OUT_05578,2069.9952900256635
OUT_05579,949.3260361956076
OUT_05580,333.5426374334625
OUT_05581,111.62182177570661
OUT_05582,152.518864355208
OUT_05583,170.52369672605585
OUT_05584,295.29162869373226
OUT_05585,296.825098660007
OUT_05586,319.5673269765773
OUT_05587,267.59719428991275
OUT_05588,250.80339101797045
OUT_05589,211.31070138458338
OUT_05590,280.24866847898176
OUT_05591,281.6281301586708
OUT_05592,1961.2617396922928
OUT_05593,985.0202829816004
OUT_05594,286.21606619452774
OUT_05595,161.37632096755073
OUT_05596,187.14796353773727
OUT_05597,1984.5083780440311
OUT_05598,317.8947490237244
OUT_05599,204.13968836555583
OUT_05600,214.59457734999782
OUT_05601,240.61489351058285
OUT_05602,305.72803620158356
OUT_05603,399.44672618029483
OUT_05604,982.7608514753184
OUT_05605,186.05880543783448
OUT_05606,1963.851729393408
OUT_05607,349.3217797692397
OUT_05608,261.1774443554994
OUT_05609,349.9866018763092
OUT_05610,161.04392459002668
OUT_05611,139.47312522486786
OUT_05612,230.52576791742575
OUT_05613,948.3668460625406
OUT_05614,142.5231010788074
OUT_05615,347.62656659575447
OUT_05616,265.9715110693926
OUT_05617,129.97172868356057
OUT_05618,282.5754259750965
OUT_05619,901.3150074979388
OUT_05620,973.706244678007
OUT_05621,937.155930355424
OUT_05622,177.2394535632899
OUT_05623,145.58260273365372
OUT_05624,186.82770423632675
OUT_05625,176.34040143009648
OUT_05626,1022.516821187348
OUT_05627,121.9155525527702
OUT_05628,144.4564609458383
OUT_05629,173.94757465286966
OUT_05630,328.44107243703803
OUT_05631,194.18379146283456
OUT_05632,252.53143293923247
OUT_05633,312.2516458878029
OUT_05634,150.28148207683705
OUT_05635,128.18836431440036
OUT_05636,200.04697994466326
OUT_05637,194.90404646661545
OUT_05638,299.38420955508195
OUT_05639,1000.611953149456
OUT_05640,1139.092576700475
OUT_05641,152.19138331017814
OUT_05642,144.75262722246063
OUT_05643,194.43749625854178
OUT_05644,263.77483580235537
OUT_05645,327.22702411985745
OUT_05646,127.2589676682302
OUT_05647,331.67442929236216
OUT_05648,404.81705099955064
OUT_05649,96.49448171966759
OUT_05650,319.00245908330527
OUT_05651,270.1308395062
OUT_05652,281.5444570855059
OUT_05653,128.49766422030666
OUT_05654,184.27283587500926
OUT_05655,873.0646805662496
OUT_05656,302.6249133288746
OUT_05657,1030.0765371074474
OUT_05658,932.6661460720338
OUT_05659,379.44969373993166
OUT_05660,623.2571164259787
OUT_05661,268.05208645901394
OUT_05662,268.6200613801524
OUT_05663,133.20893630077194
OUT_05664,857.2634810653794
OUT_05665,272.4248717600547
OUT_05666,155.1497825268511
OUT_05667,279.6301433837852
OUT_05668,339.75582632307834
OUT_05669,259.55311384938517
OUT_05670,366.2984497160167
OUT_05671,347.9880281918308
OUT_05672,195.72954720237078
OUT_05673,133.20893630077194
OUT_05674,164.90800520884704
OUT_05675,112.56486329994168
OUT_05676,275.11660371440496
OUT_05677,281.0137038508646
OUT_05678,194.9662433563891
OUT_05679,303.96128460892874
OUT_05680,301.6600955566067
OUT_05681,165.62682754746675
OUT_05682,905.7284414386859
OUT_05683,166.74593052484667
OUT_05684,289.2859835877191
OUT_05685,296.29004949533106
OUT_05686,133.6206273256505
OUT_05687,99.18419270043736
OUT_05688,313.0949321128776
OUT_05689,376.9666112685702
OUT_05690,265.7921770433548
OUT_05691,892.5777455832315
OUT_05692,950.9257902509192
OUT_05693,299.29108788902334
OUT_05694,2061.657235278579
OUT_05695,136.97860699342874
OUT_05696,153.30867404397674
OUT_05698,302.6104787000073
OUT_05699,2022.9085960376112
OUT_05700,172.04479557930472
OUT_05701,104.21714844474111
OUT_05702,171.4597832405075
OUT_05703,898.9604521261167
OUT_05704,112.2698411344615
OUT_05706,127.21968932351074
OUT_05707,126.06407886920807
OUT_05708,140.91812064559738
OUT_05709,283.48828751913965
OUT_05710,137.150877768118
OUT_05711,879.4691872507885
OUT_05712,197.7535574723599
OUT_05713,152.15022699702823
OUT_05714,297.6422407633686
OUT_05715,162.60858382616505
OUT_05716,1020.9787406070236
OUT_05717,184.59838156888046
OUT_05718,902.9163385483408
OUT_05719,344.33427214534896
OUT_05720,194.30708987027054
OUT_05721,189.7013994191744
OUT_05722,301.14723126505567
OUT_05723,238.98488251517782
OUT_05724,122.7633635699694
OUT_05725,179.13876986107496
OUT_05726,290.22007744885576
OUT_05727,2072.925524330228
OUT_05728,219.46782149460577
OUT_05729,197.04186878436767
OUT_05730,116.1277120860289
OUT_05731,232.34980309275872
OUT_05732,926.8436052830642
OUT_05733,958.757774722834
OUT_05734,178.53853922019744
OUT_05735,122.45727648344808
OUT_05736,387.2489960593096
OUT_05737,202.45251901486444
OUT_05738,112.82232552664853
OUT_05739,328.9606919286456
OUT_05740,350.9921604317261
OUT_05741,143.48167051793095
OUT_05742,322.94929317194925
OUT_05743,1962.620463279973
OUT_05744,325.9721929986
OUT_05745,136.17999768281442
OUT_05746,162.99881399639816
OUT_05747,129.39032886920597
OUT_05748,167.4124544382394
OUT_05749,290.65617831771243
OUT_05750,305.4692272275914
OUT_05751,357.7025727506968
OUT_05752,345.6862015792664
OUT_05753,144.9003170498742
OUT_05754,290.8936403784213
OUT_05755,354.1659627985896
OUT_05756,321.90238948899906
OUT_05757,2014.0274686182647
OUT_05758,284.3436627247988
OUT_05759,125.12128542527584
OUT_05760,148.0722409393124
OUT_05761,282.25147831110866
OUT_05762,305.3038128945556
OUT_05763,198.16556409178773
OUT_05764,302.2415443824033
OUT_05765,242.70072539289708
OUT_05766,149.8345033155291
OUT_05767,185.45302850224613
OUT_05768,187.54601181302863
OUT_05769,299.23113838493305
OUT_05770,315.13518722492427
OUT_05771,128.01408600074677
OUT_05772,285.94527119140827
OUT_05773,300.3551970650976
OUT_05774,303.04068453995336
OUT_05775,145.07731533458326
OUT_05776,2056.65792543314
OUT_05777,887.2866111494236
OUT_05778,289.60885617725063
OUT_05779,141.40010819313306
OUT_05780,115.96844095338687
OUT_05781,126.94262470962911
OUT_05782,300.01825779468754
OUT_05783,285.1335155236911
OUT_05784,123.09238551078376
OUT_05785,248.70735217347757
OUT_05786,964.5425200216137
OUT_05787,144.75773478722306
OUT_05788,140.9697803905394
OUT_05789,143.0430506429097
OUT_05790,303.59291284358324
OUT_05791,156.16337625466846
OUT_05792,319.07996883206647
OUT_05793,246.04822038321586
OUT_05794,113.98879860935827
OUT_05795,167.30217157274032
OUT_05796,131.19828019506838
OUT_05797,267.95956851594684
OUT_05798,309.0432731422844
OUT_05799,173.9828283776428
OUT_05800,292.2743542709593
OUT_05801,270.48251120302723
OUT_05802,290.65617831771243
OUT_05803,903.682623966208
OUT_05804,982.08557984583
OUT_05805,150.98937013241678
OUT_05806,333.24416504112014
OUT_05807,265.1894181368562
OUT_05808,229.88621216969386
OUT_05809,345.63225441659824
OUT_05810,104.55478182646664
OUT_05811,292.5066375733103
OUT_05812,114.95605471164497
OUT_05813,850.5640705013202
OUT_05814,921.5802814975584
OUT_05815,317.2938344503356
OUT_05816,371.0260073193685
OUT_05817,182.9359852007772
OUT_05818,283.0522714580983
OUT_05819,170.52060094963073
OUT_05820,135.96335794488218
OUT_05821,145.17685683290165
OUT_05822,269.8345920198558
OUT_05823,176.50547877812917
OUT_05824,1498.585157610668
OUT_05825,2107.866233616368
OUT_05826,171.66965641893978
OUT_05827,137.74349846898536
OUT_05828,113.55731776936342
OUT_05829,344.629817743292
OUT_05830,333.85076980153497
OUT_05831,326.15709204620254
OUT_05832,112.71904139194515
OUT_05833,114.7014256034637
OUT_05834,238.1424622692242
OUT_05835,98.6091513483492
OUT_05836,276.2648580967856
OUT_05837,254.72804253338043
OUT_05838,2048.424790179233
OUT_05839,183.16574708830046
OUT_05840,111.4328212236337
OUT_05841,122.93829542029287
OUT_05842,247.5257542116275
OUT_05843,983.2491445051892
OUT_05844,109.50688093424698
OUT_05845,277.97037085650686
OUT_05846,962.856682723345
OUT_05847,969.9088677309918
OUT_05848,149.63114749651436
OUT_05849,900.2122447416532
OUT_05850,325.1832225095979
OUT_05852,957.1542379641244
OUT_05853,140.45048061731245
OUT_05854,971.175704913462
OUT_05855,230.6844794712688
OUT_05856,358.28171271816257
OUT_05857,129.22811264287526
OUT_05858,139.33969989261888
OUT_05859,144.78675340290778
OUT_05860,223.03458297017235
OUT_05861,116.8659577893898
OUT_05862,117.12705924816768
OUT_05863,92.72202816849222
OUT_05864,139.89203269433557
OUT_05865,114.7824842179932
OUT_05866,110.58459061526762
OUT_05867,320.4698120670332
OUT_05868,348.1925894145544
OUT_05869,300.8967475118436
OUT_05870,950.4470636469144
OUT_05871,299.8808433864703
OUT_05872,117.79935247234177
OUT_05873,252.227943621144
OUT_05874,525.4049571617891
OUT_05875,301.201862626344
OUT_05876,114.19348627948965
OUT_05877,302.77073630721725
OUT_05878,189.7013994191744
OUT_05879,964.396141312308
OUT_05880,128.3970660183545
OUT_05881,371.08799462497666
OUT_05882,328.6119806833974
OUT_05883,258.5189144418055
OUT_05884,343.70393090940274
OUT_05885,322.25806573223747
OUT_05886,288.4985183219633
OUT_05887,307.73811909107
OUT_05888,265.56284807915625
OUT_05889,264.9219789324
OUT_05890,936.2128536789075
OUT_05891,162.60858382616505
OUT_05892,960.994975750286
OUT_05893,344.0796264721929
OUT_05894,821.332650409236
OUT_05895,267.2935660110458
OUT_05896,193.20760599900635
OUT_05897,154.38147589107052
OUT_05898,164.2621947753828
OUT_05899,977.9008183022444
OUT_05900,309.9045089492725
OUT_05901,163.17768460779618
OUT_05902,354.1772251171428
OUT_05903,2073.7621605245545
OUT_05904,385.04962300937706
OUT_05905,106.55238294792
OUT_05906,141.34500170128032
OUT_05907,317.0970982483648
OUT_05908,218.52378723225223
OUT_05909,897.4948459529884
OUT_05910,231.55667922413855
OUT_05911,162.1543256066333
OUT_05912,130.363645797265
OUT_05913,206.9177322177828
OUT_05914,104.21798744169995
OUT_05915,287.4641977478764
OUT_05916,323.4568360961689
OUT_05917,220.81264846234947
OUT_05918,306.18313470939626
OUT_05919,112.9407405887407
OUT_05920,160.74019509149934
OUT_05921,235.44473849146223
OUT_05922,389.5036964927552
OUT_05923,252.41025124462962
OUT_05924,281.5852192799548
OUT_05925,289.5792863785934
OUT_05926,144.9945169315656
OUT_05927,1989.8108731110333
OUT_05928,146.82863406683057
OUT_05929,261.0727942047293
OUT_05930,186.09833949677144
OUT_05931,212.04021547985832
OUT_05932,329.06599148938415
OUT_05933,345.6671248999666
OUT_05934,492.287850626138
OUT_05935,139.9016954354116
OUT_05936,2130.4499239597108
OUT_05937,971.0892516643822
OUT_05938,2058.834593735075
OUT_05939,317.73383276342526
OUT_05940,1953.0263814777104
OUT_05941,158.41949683926384
OUT_05942,183.81730096895728
OUT_05943,966.73164938673
OUT_05944,180.43717339722227
OUT_05945,256.0955879953781
OUT_05946,190.3207834819165
OUT_05947,2044.7000948164523
OUT_05948,1248.847785533051
OUT_05949,518.7097530760799
OUT_05950,252.58552992136168
OUT_05951,136.5838897220553
OUT_05952,207.21926815371378
OUT_05953,201.6770597316318
OUT_05954,276.76789836181507
OUT_05955,404.6288919523723
OUT_05956,968.996150524908
OUT_05958,302.5799211830897
OUT_05959,287.2658111781588
OUT_05960,918.4290776607668
OUT_05961,99.31705962502384
OUT_05962,315.0796864056086
OUT_05963,147.54983164713252
OUT_05964,95.083174685662
OUT_05965,306.5105224098469
OUT_05966,282.24751404788543
OUT_05967,218.5607278628198
OUT_05968,146.0754783250155
OUT_05969,279.32286442006557
OUT_05970,326.3523789703278
OUT_05971,356.14999206248245
OUT_05972,154.91662275307192
OUT_05973,335.50977701528757
OUT_05974,296.1061136841
OUT_05975,339.25231347188094
OUT_05976,189.13984957464987
OUT_05977,129.6132162101655
OUT_05978,339.1251273297528
OUT_05979,382.05689767169633
OUT_05980,246.8412608938496
OUT_05981,1974.9248977528896
OUT_05982,292.57053540608814
OUT_05983,147.5295920386909
OUT_05984,893.4998898836207
OUT_05985,111.10341755825648
OUT_05986,148.5344934417922
OUT_05987,216.4842432036944
OUT_05988,278.9079363318363
OUT_05989,208.38873891438624
OUT_05990,176.5101269161431
OUT_05991,209.3995653491699
OUT_05992,844.64345354732
OUT_05993,166.30295504749537
OUT_05994,141.1514354204715
OUT_05995,140.20224415773004
OUT_05997,123.35016415740608
OUT_05998,274.6736814749295
OUT_05999,164.75089022775276
OUT_06000,132.19018491021515
OUT_06001,198.03678594416743
OUT_06002,307.1773418413213
OUT_06003,158.88572829676824
OUT_06004,136.06575054949494
OUT_06005,332.1712911435088
OUT_06006,296.91063705035475
OUT_06008,318.4082356269373
OUT_06009,304.1560289232066
OUT_06010,180.2383268311586
OUT_06011,112.62806443283635
OUT_06012,701.0290804256462
OUT_06013,970.9240864290164
OUT_06014,353.1316257297258
OUT_06015,136.95958849091528
OUT_06016,980.878633737854
OUT_06017,177.5386885763749
OUT_06018,186.34222263009698
OUT_06019,115.06815238047187
OUT_06020,306.6487684820128
OUT_06021,130.35044451134283
OUT_06022,132.5809340260611
OUT_06023,1960.3315252424568
OUT_06024,147.7293190077594
OUT_06025,238.59152160649748
OUT_06026,1007.833079535859
OUT_06027,311.716347979565
OUT_06028,155.34046348278315
OUT_06029,210.5060991423237
OUT_06030,2017.2538106790028
OUT_06031,156.18791862625264
OUT_06032,861.8954554649198
OUT_06033,2103.1838451260137
OUT_06034,258.484410567993
OUT_06035,238.20880879977415
OUT_06036,126.4353120647299
OUT_06037,265.8070155130805
OUT_06038,342.1558125476771
OUT_06039,279.80009651236685
OUT_06040,262.60879133186245
OUT_06041,949.045789078127
OUT_06042,383.6111913116264
OUT_06043,160.9213902194308
OUT_06044,2019.0139104771133
OUT_06045,122.96807537985264
OUT_06046,87.67731150596123
OUT_06047,969.269484535227
OUT_06048,126.37507887455662
OUT_06049,1008.9362980164244
OUT_06050,908.420090645916
OUT_06051,126.09658559293463
OUT_06052,297.4770132525
OUT_06053,313.6367982599054
OUT_06054,148.5690910792209
OUT_06055,369.2329011871108
OUT_06056,189.03868018070983
OUT_06057,365.9190468098079
OUT_06058,163.55974316061145
OUT_06059,370.09498561423993
OUT_06060,109.35443759101376
OUT_06061,273.17478114373296
OUT_06062,911.1676856958808
OUT_06063,323.1803406179148
OUT_06064,360.20221047908353
OUT_06065,292.4844957973354
OUT_06066,144.44262560884744
OUT_06067,130.39731966924415
OUT_06068,164.49881726164722
OUT_06069,167.26129897157134
OUT_06070,328.39655922943314
OUT_06071,124.02307713572527
OUT_06072,930.9097341969382
OUT_06073,132.18940014131906
OUT_06074,133.1189037459241
OUT_06075,306.0795113658517
OUT_06076,187.88416004838635
OUT_06077,378.9946491750688
OUT_06078,207.78952070174773
OUT_06079,183.48371913564384
OUT_06080,282.82295216775907
OUT_06081,2002.6251194249887
OUT_06082,855.9037312664731
OUT_06083,1991.3468199228453
OUT_06084,107.9755045619353
OUT_06085,302.04605535010114
OUT_06086,981.3846009322614
OUT_06087,366.8291587961963
OUT_06088,890.6465115016058
OUT_06089,128.01408600074677
OUT_06090,309.333298651683
OUT_06091,101.48165226430235
OUT_06092,259.62756832736255
OUT_06093,2366.643449652234
OUT_06094,276.13450239589264
OUT_06095,159.7582006411972
OUT_06096,936.6812150258714
OUT_06097,1052.824568055002
OUT_06098,280.60467303344353
OUT_06099,305.0277501212624
OUT_06100,981.3037009085914
OUT_06101,322.39934542535804
OUT_06102,369.4511160666681
OUT_06103,960.882054286556
OUT_06104,285.7698854441113
OUT_06105,132.99022972646688
OUT_06106,250.8967914254755
OUT_06107,912.544800357106
OUT_06108,135.4647940364093
OUT_06109,882.8676907561467
OUT_06110,325.7673361962243
OUT_06111,571.7657653254336
OUT_06112,291.7197306483376
OUT_06113,143.35522399476983
OUT_06114,332.46965134019683
OUT_06115,311.86668127086455
OUT_06116,124.92376219864744
OUT_06117,208.76876993954605
OUT_06118,239.8694863766464
OUT_06119,2021.0974794598835
OUT_06120,132.72597533887097
OUT_06121,135.00028354164687
OUT_06122,174.80474025922777
OUT_06123,234.1318932389973
OUT_06124,338.2180532641884
OUT_06125,129.92044828706565
OUT_06126,125.9825031800308
OUT_06127,355.7861287426816
OUT_06128,326.9343224336151
OUT_06129,123.39132631230314
OUT_06130,296.0984915874796
OUT_06132,193.97373989578378
OUT_06133,97.86858738744614
OUT_06134,266.1794746578526
OUT_06135,818.740864598501
OUT_06136,947.3527911398962
OUT_06137,281.3894068328062
OUT_06138,156.67511970607472
OUT_06139,206.18615238878093
OUT_06140,295.0265530703815
OUT_06141,119.7530448704656
OUT_06142,1026.8393205411862
OUT_06143,162.8665557269005
OUT_06144,392.4891933749648
OUT_06145,292.98120932351463
OUT_06146,209.96235065407984
OUT_06147,273.9084915667485
OUT_06148,315.37662262906355
OUT_06149,312.4157194045832
OUT_06150,309.8057556868019
OUT_06151,1989.2446553364423
OUT_06152,109.40961383438884
OUT_06153,117.98854727906036
OUT_06154,170.1936984754572
OUT_06155,941.9461871357008
OUT_06156,198.03165432519825
OUT_06157,949.7527903710752
OUT_06158,392.7332880274376
OUT_06159,2051.22449822065
OUT_06160,255.56863895816693
OUT_06161,305.55763039757244
OUT_06162,327.4006495140458
OUT_06163,160.9018385104005
OUT_06164,256.17134318202733
OUT_06165,384.504481823962
OUT_06166,215.85216118445706
OUT_06167,285.9678973891652
OUT_06168,945.0152012788564
OUT_06169,201.74972924037175
OUT_06170,900.4040778581644
OUT_06171,181.99102381338392
OUT_06172,1958.5893227633333
OUT_06173,151.689824057733
OUT_06174,274.47255569573656
OUT_06175,138.5627987496718
OUT_06176,318.13726124581086
OUT_06177,152.61067764691887
OUT_06178,183.14313878041318
OUT_06179,111.892047910097
OUT_06180,99.45557923354279
OUT_06181,349.05280113818964
OUT_06182,1003.0883251131058
OUT_06183,193.52598301313088
OUT_06184,112.86128552382104
OUT_06185,276.3258741287525
OUT_06186,905.4608373280639
OUT_06187,125.72431628996615
OUT_06188,127.74152422614378
OUT_06189,2022.963640682138
OUT_06190,85.54522266288313
OUT_06191,193.10909993677785
OUT_06192,363.0258054655447
OUT_06193,296.8285697898888
OUT_06194,135.22115356722122
OUT_06195,127.66937291419045
OUT_06196,315.6674751796756
OUT_06197,315.36058873470097
OUT_06198,160.21621011559304
OUT_06199,142.30994490639517
OUT_06200,264.9006936037638
OUT_06201,142.62009162594063
OUT_06202,148.28968259030756
OUT_06203,906.3635198682856
OUT_06204,252.41025124462962
OUT_06205,1920.822406909304
OUT_06206,340.7948837036772
OUT_06207,120.9636401020227
OUT_06208,168.82082784496092
OUT_06209,273.7128628258661
OUT_06210,2124.079815767688
OUT_06211,171.6160437957137
OUT_06212,311.22687483532036
OUT_06213,108.47450659005838
OUT_06214,321.1198102329927
OUT_06215,1344.336025384167
OUT_06216,124.69429538917164
OUT_06217,327.4947496612381
OUT_06218,355.521320221318
OUT_06219,95.33360059018072
OUT_06220,110.33366176802964
OUT_06221,272.6288466936542
OUT_06222,136.5319621375039
OUT_06223,128.64946215562838
OUT_06224,345.1825570662487
OUT_06225,151.23574266819662
OUT_06226,114.62528275363135
OUT_06227,311.3426260172089
OUT_06228,977.043575463251
OUT_06229,349.81735633270625
OUT_06230,205.1736278303765
OUT_06231,151.9193699691652
OUT_06232,913.2584763211228
OUT_06233,324.10100477478625
OUT_06234,184.91600630448573
OUT_06235,167.0152864832252
OUT_06236,222.2392770466405
OUT_06237,322.0925491019681
OUT_06238,344.4625715089413
OUT_06239,166.19684198428234
OUT_06240,206.73558380667808
OUT_06241,141.6992502260711
OUT_06242,830.3228682787698
OUT_06243,178.1959036539872
OUT_06244,304.0755320574322
OUT_06245,365.12974468903656
OUT_06246,950.9728192062024
OUT_06247,240.51857310334563
OUT_06248,260.53693491509694
OUT_06249,329.7127714414966
OUT_06250,341.34233009610085
OUT_06251,281.7034318970261
OUT_06252,893.8744933513794
OUT_06253,367.5756199192104
OUT_06254,123.38160022050475
OUT_06255,916.5757108812888
OUT_06256,274.14578164593144
OUT_06257,974.7196934897828
OUT_06258,127.89156597640117
OUT_06259,315.69310870552425
OUT_06260,147.89998120030006
OUT_06261,254.00444816987573
OUT_06262,963.416034190468
OUT_06263,126.4290175665181
OUT_06264,1923.1593814574176
OUT_06265,109.31218469076316
OUT_06266,247.01699959788448
OUT_06267,162.3010569759527
OUT_06268,356.4577656457951
OUT_06269,114.66901003191829
OUT_06270,163.532390470896
OUT_06271,989.1738705039226
OUT_06272,268.409646796193
OUT_06273,102.51391691854452
OUT_06274,155.1497825268511
OUT_06275,298.96235445373384
OUT_06276,298.1847907560757
OUT_06277,301.51443478678806
OUT_06278,2081.8617587003137
OUT_06279,913.51050849336
OUT_06280,308.43432764160565
OUT_06281,262.5721092123278
OUT_06282,107.02972384731736
OUT_06283,125.2979908670552
OUT_06284,914.1927271833974
OUT_06285,121.55101058750168
OUT_06286,167.04663193158828
OUT_06287,122.72508076127332
OUT_06288,406.84224280910263
OUT_06289,781.5397650248663
OUT_06290,148.80192874938504
OUT_06292,144.43649523861728
OUT_06293,287.6263301242922
OUT_06294,104.71487283817636
OUT_06295,202.73577787919643
OUT_06296,239.66094848204867
OUT_06297,206.842768044206
OUT_06298,120.74573426853773
OUT_06299,313.95976660423565
OUT_06300,260.6991080412454
OUT_06301,243.19121115458873
OUT_06302,196.2055215998401
OUT_06303,174.06374362607727
OUT_06304,1997.4696795863808
OUT_06305,151.96683208925006
OUT_06306,308.62054383130646
OUT_06307,156.2389773159427
OUT_06308,295.30751300840035
OUT_06309,120.00248221744025
OUT_06310,361.54621343189143
OUT_06311,314.07102260500216
OUT_06312,149.69827765559592
OUT_06313,140.1702674850128
OUT_06314,106.66255693707387
OUT_06315,952.5340013658904
OUT_06316,321.0244365235903
OUT_06317,102.04457972087897
OUT_06318,105.25982766226626
OUT_06319,311.52266020549115
OUT_06320,271.8290760535617
OUT_06321,2747.654064334333
OUT_06322,149.8770866660474
OUT_06323,865.8855637454183
OUT_06324,233.85560697113056
OUT_06325,100.927152404677
OUT_06326,296.4823787592807
OUT_06327,960.4107443597076
OUT_06328,243.70616217468194
OUT_06329,165.9038194035135
OUT_06330,130.0271604544094
OUT_06331,245.59992705384647
OUT_06332,923.4840706954162
OUT_06333,184.58581029195565
OUT_06334,127.33510111834826
OUT_06335,151.95072844090808
OUT_06336,821.7963220438869
OUT_06337,128.6149526568576
OUT_06338,276.40280696366176
OUT_06339,238.67594226687825
OUT_06340,990.2487195538796
OUT_06341,241.34895385338567
OUT_06342,283.1868831446787
OUT_06343,211.57295184940517
OUT_06344,133.03835933838627
OUT_06345,192.6474655316063
OUT_06346,111.57321130625093
OUT_06347,247.46719950080262
OUT_06348,279.52547475872336
OUT_06349,247.2497836266568
OUT_06350,308.25456398000784
OUT_06351,386.9475172476212
OUT_06352,336.39074043467826
OUT_06353,268.1748586301927
OUT_06355,428.6944292035246
OUT_06356,2020.0759333466967
OUT_06357,182.9542156678473
OUT_06358,2012.4300585954336
OUT_06359,286.53706232879375
OUT_06360,174.73104078647955
OUT_06361,830.9956180260883
OUT_06362,171.4418341370551
OUT_06363,173.25757214756115
OUT_06364,140.9674591223751
OUT_06365,324.4923543995093
OUT_06366,159.67870199416592
OUT_06367,990.780363615164
OUT_06368,233.2432690765704
OUT_06369,288.3326777576106
OUT_06370,895.1247207494714
OUT_06371,135.97669861171275
OUT_06372,341.8131051528144
OUT_06373,1953.777746998365
OUT_06374,180.46523852908956
OUT_06375,920.2929322846225
OUT_06376,321.7086181809664
OUT_06377,270.652005763255
OUT_06378,124.20049940979715
OUT_06379,313.5198397824266
OUT_06380,134.7647513077908
OUT_06381,2051.941312825845
OUT_06382,253.4427098995976
OUT_06383,250.2540440481644
OUT_06384,131.45026553024132
OUT_06385,205.1700871982331
OUT_06386,876.6886963607566
OUT_06387,1912.481108071973
OUT_06388,105.06882844268912
OUT_06389,102.54159319237269
OUT_06390,286.35418902651026
OUT_06391,250.98244480927895
OUT_06392,1957.1483276157849
OUT_06393,104.03111559538208
OUT_06394,144.6255723484934
OUT_06395,165.02214977178522
OUT_06396,164.41205669339612
OUT_06397,118.43416330985701
OUT_06398,172.62506771604777
OUT_06399,265.39930684920625
OUT_06400,281.3772216295265
OUT_06401,138.20968181643556
OUT_06402,893.1689157294735
OUT_06403,1025.7793836441374
OUT_06404,976.196646573092
OUT_06405,343.3593749222238
OUT_06406,978.0714641645916
OUT_06407,177.11626357550145
OUT_06408,166.14285984686148
OUT_06409,148.88252310373846
OUT_06410,2026.068056428568
OUT_06411,78.0007435319294
OUT_06412,165.06560216831744
OUT_06413,347.28876978936665
OUT_06414,1918.9417750529
OUT_06415,809.7421284347965
OUT_06416,315.51609812822306
OUT_06417,2000.9993424785816
OUT_06418,131.3731764816196
OUT_06419,151.4640485015039
OUT_06420,1933.7151915214176
OUT_06421,118.1704008056943
OUT_06422,191.48893228144644
OUT_06423,154.38147589107052
OUT_06424,280.47440248917815
OUT_06425,131.7071773459805
OUT_06426,137.34090360864857
OUT_06427,905.962289931496
OUT_06428,187.4112988681488
OUT_06429,105.06038615732628
OUT_06430,305.84625019675923
OUT_06431,323.4548172450571
OUT_06432,959.8749205929024
OUT_06433,358.2036665240364
OUT_06434,322.430954276592
OUT_06435,184.6221013987565
OUT_06436,987.2193482976088
OUT_06437,112.2880009889924
OUT_06438,148.91068318305128
OUT_06439,2076.779518267359
OUT_06440,359.294435294459
OUT_06441,391.3080633553312
OUT_06442,276.40215157987905
OUT_06443,154.00706390919083
OUT_06444,185.33338374449156
OUT_06445,290.4228080785328
OUT_06446,122.24408979336587
OUT_06447,130.80711053094183
OUT_06448,284.96617402114686
OUT_06449,103.04678766898364
OUT_06450,163.00853453063792
OUT_06451,173.389970141458
OUT_06452,162.40912705599953
OUT_06453,121.69220220980992
OUT_06454,332.41526463541715
OUT_06456,210.38392627319996
OUT_06457,170.68417215847103
OUT_06458,443.73384549229826
OUT_06459,229.53960066802296
OUT_06460,331.826489652481
OUT_06461,141.56695646187228
OUT_06462,966.8916486680232
OUT_06463,161.30063943641034
OUT_06464,176.41581465570212
OUT_06465,402.3206384553202
OUT_06466,944.9989932143044
OUT_06467,254.0184223632902
OUT_06468,135.19181555867917
OUT_06469,144.9945169315656
OUT_06470,349.6635129666389
OUT_06471,311.2126819124352
OUT_06472,959.6134682962236
OUT_06473,276.1126392875889
OUT_06474,237.3019018039506
OUT_06475,371.1529366549552
OUT_06476,294.0980024869473
OUT_06477,140.45048061731245
OUT_06478,296.39017225519217
OUT_06479,140.57796417622762
OUT_06480,314.79154727364306
OUT_06481,327.96276745085686
OUT_06482,96.41672343277912
OUT_06483,120.86848928062112
OUT_06484,357.24855286880364
OUT_06485,138.9665627006669
OUT_06486,174.4185832161936
OUT_06487,274.3937925320581
OUT_06488,196.0371794598553
OUT_06489,131.93678589789172
OUT_06490,948.5966329444994
OUT_06491,118.23995530086384
OUT_06492,323.69604849781945
OUT_06493,290.8108111083532
OUT_06494,161.39909761098608
OUT_06495,190.4720999934878
OUT_06496,298.7919626476019
OUT_06497,159.11216388315032
OUT_06498,141.26099621671372
OUT_06499,2045.184269336312
OUT_06500,145.87237341071378
OUT_06501,982.394036207821
OUT_06502,943.7480762537753
OUT_06503,184.82838305120342
OUT_06504,129.39032886920597
OUT_06505,156.59785285088273
OUT_06506,147.26848424988611
OUT_06507,837.8256762950349
OUT_06508,220.5934320650926
OUT_06509,279.2081226552874
OUT_06510,115.21149335435176
OUT_06511,191.83138603633356
OUT_06512,323.6205288777282
OUT_06513,162.9444431053388
OUT_06514,233.89553702474998
OUT_06515,302.5566276176896
OUT_06516,271.07827036412533
OUT_06517,148.15783677178234
OUT_06518,948.7393918842988
OUT_06519,337.4237033554029
OUT_06520,120.0359176910822
OUT_06521,126.9418492132878
OUT_06522,327.64107586817096
OUT_06523,345.01084948520605
OUT_06524,142.73854960685887
OUT_06525,235.35682287458235
OUT_06526,285.48065179249835
OUT_06527,233.07997319957008
OUT_06528,126.3260277569369
OUT_06529,912.2720111577692
OUT_06530,223.0924321030167
OUT_06531,301.2454590474646
OUT_06532,330.9752032650237
OUT_06533,173.99575857819588
OUT_06534,283.17854264336194
OUT_06535,832.5448101136597
OUT_06536,319.2229888389027
OUT_06537,143.83713859334517
OUT_06538,934.5047542858404
OUT_06539,186.63490859474314
OUT_06540,990.8088258537144
OUT_06541,179.11190686318056
OUT_06542,143.26531277047357
OUT_06543,262.79891795046325
OUT_06544,201.2570704749329
OUT_06545,919.0891387545038
OUT_06546,251.23396911917024
OUT_06547,188.280769234022
OUT_06548,136.29713014553778
OUT_06549,171.4103051039044
OUT_06550,250.70960526304896
OUT_06551,296.2469806487745
OUT_06552,270.0383396228716
OUT_06553,334.19273930924874
OUT_06554,122.78248628152612
OUT_06555,337.9729337747996
OUT_06556,2089.6770381114025
OUT_06557,304.5483742518103
OUT_06558,292.0153946229186
OUT_06559,971.3725276469768
OUT_06560,156.76545736432666
OUT_06561,332.326940033179
OUT_06562,328.06044717639554
OUT_06563,131.911670443175
OUT_06564,106.48307373139546
OUT_06565,961.4656131982427
OUT_06566,381.801244127232
OUT_06567,392.50033163612244
OUT_06568,295.5285835419712
OUT_06569,279.13215630547046
OUT_06570,173.25757214756115
OUT_06571,272.1868087596901
OUT_06572,215.70937325773593
OUT_06573,483.4479445388808
OUT_06574,897.8616802367513
OUT_06575,276.356413185242
OUT_06576,218.57767536069716
OUT_06577,249.95123507860387
OUT_06578,211.51343876077414
OUT_06579,931.7866996310652
OUT_06580,121.77612511320332
OUT_06581,103.05628884993553
OUT_06582,141.55203924924552
OUT_06583,129.2827265339342
OUT_06584,193.52598301313088
OUT_06585,174.11982909957328
OUT_06586,254.32889294562705
OUT_06587,905.7284414386859
OUT_06588,173.98664472258145
OUT_06589,1961.377861550936
OUT_06590,910.5670501023892
OUT_06593,284.5942575204668
OUT_06594,321.33661833250596
OUT_06595,423.03277312830346
OUT_06596,271.2082665193998
OUT_06597,191.78296804548225
OUT_06598,107.5458054065599
OUT_06599,991.3280078876098
OUT_06600,308.99035647345465
OUT_06601,142.34082249217286
OUT_06602,84.43703614700081
OUT_06603,264.5443611772914
OUT_06604,359.74041589113983
OUT_06605,145.33711071349174
OUT_06606,184.47727858658072
OUT_06607,188.13918718247658
OUT_06608,879.0999125791723
OUT_06609,338.6953125561605
OUT_06610,292.937067177809
OUT_06611,115.59800487314385
OUT_06612,324.9533972717667
OUT_06613,970.071919807592
OUT_06614,99.88550318301162
OUT_06615,932.3064755030364
OUT_06616,303.3852358892678
OUT_06617,363.83064839654105
OUT_06618,197.09149455082084
OUT_06619,151.34289069533776
OUT_06620,193.20760599900635
OUT_06621,139.1638008297419
OUT_06622,145.43076388843707
OUT_06623,150.77714221438438
OUT_06624,368.4048853123491
OUT_06625,2043.54987387042
OUT_06626,346.0107808677901
OUT_06627,192.48520638467025
OUT_06628,253.4038352816115
OUT_06629,940.0968460981288
OUT_06630,359.2899895180949
OUT_06631,946.2356082579264
OUT_06632,151.58909501784834
OUT_06633,110.27658386114817
OUT_06634,289.9373111263618
OUT_06635,336.55142285241834
OUT_06636,283.69745330342533
OUT_06637,288.42601815284667
OUT_06638,140.845228518702
OUT_06639,150.28148207683705
OUT_06640,138.81622460248693
OUT_06641,126.4353120647299
OUT_06642,178.15067530275826
OUT_06643,145.80554607600408
OUT_06644,144.9945169315656
OUT_06645,888.6386598180522
OUT_06646,278.59327782585274
OUT_06647,299.75747874282456
OUT_06648,861.9671071373962
OUT_06649,236.134673693697
OUT_06650,124.11823117044904
OUT_06651,256.19826904360326
OUT_06652,188.09938407531823
OUT_06653,155.1702060984057
OUT_06654,167.35930078082023
OUT_06655,942.8546587934763
OUT_06656,230.62439425838505
OUT_06657,298.6343670656702
OUT_06658,2071.1888660866334
OUT_06659,280.57066377875196
OUT_06660,2066.6532414978387
OUT_06661,117.74486456775897
OUT_06662,368.7858128886684
OUT_06663,1922.765463760925
OUT_06664,361.3437278902862
OUT_06665,101.31940538558992
OUT_06666,317.4546966863285
OUT_06667,150.86326622745702
OUT_06668,278.5231587055161
OUT_06669,117.93206014410929
OUT_06670,120.01954470260775
OUT_06671,134.63177344624378
OUT_06672,182.7690541105755
OUT_06673,184.0058287495352
OUT_06674,140.56586682337252
OUT_06675,125.80864516406784
OUT_06676,113.12936764535463
OUT_06677,933.0209045830312
OUT_06678,322.2572160381237
OUT_06679,331.4089575718745
OUT_06680,308.67204181802674
OUT_06681,101.88883896562542
OUT_06682,923.223856134618
OUT_06683,366.26602794064587
OUT_06684,251.57661005771934
OUT_06685,144.58291400431756
OUT_06686,296.4668343630094
OUT_06687,343.1325927789831
OUT_06688,117.26002985148729
OUT_06690,358.8150242483295
OUT_06691,148.1635941130856
OUT_06692,327.9707005851618
OUT_06693,190.3207834819165
OUT_06694,336.6503481972153
OUT_06695,393.9692783509664
OUT_06696,962.4847648189904
OUT_06697,280.60467303344353
OUT_06698,945.6177929316436
OUT_06699,1931.3433087601115
OUT_06700,114.30648922858012
OUT_06701,253.74847466705884
OUT_06702,317.13243378360505
OUT_06703,295.4190558776611
OUT_06704,331.0272974105648
OUT_06705,364.1431460402332
OUT_06706,332.0062865584385
OUT_06707,315.4574022518019
OUT_06708,138.2922265638258
OUT_06709,219.46985515448952
OUT_06710,246.14550843835016
OUT_06711,942.6268703859196
OUT_06712,100.33141199037242
OUT_06713,151.53560353142478
OUT_06714,117.2449220926632
OUT_06716,170.74974699112377
OUT_06717,318.61126107118446
OUT_06718,989.2762689233222
OUT_06719,190.3879238287831
OUT_06720,1116.6271691656646
OUT_06721,274.81587162538557
OUT_06722,122.53510170639444
OUT_06723,214.95683983843307
OUT_06724,1004.985314821902
OUT_06725,985.7867348716294
OUT_06726,258.63079460643564
OUT_06727,305.4364150470115
OUT_06728,110.1697824974331
OUT_06729,238.98488251517782
OUT_06730,124.20255534843999
OUT_06731,219.35356245882946
OUT_06732,100.96730253958049
OUT_06733,1943.4520258298528
OUT_06734,339.1003041493586
OUT_06735,114.77144223327608
OUT_06736,953.90338557554
OUT_06737,112.99627954020602
OUT_06738,135.0090386147063
OUT_06739,278.2653802786866
OUT_06740,105.11358930116126
OUT_06741,327.98796154894256
OUT_06742,139.683450367937
OUT_06743,118.6223558622159
OUT_06744,928.8369428310326
OUT_06745,268.06328257867983
OUT_06746,306.19627750186174
OUT_06747,879.061540882788
OUT_06748,196.78317188103495
OUT_06749,320.06967999520066
OUT_06750,167.6252612754903
OUT_06751,260.29198106616354
OUT_06752,154.74853159056156
OUT_06753,302.5055816052884
OUT_06754,108.65221402816913
OUT_06755,136.29194236466353
OUT_06756,420.83506728897777
OUT_06757,324.0147812423242
OUT_06758,418.2811984652259
OUT_06759,213.87235728051473
OUT_06760,984.189386995538
OUT_06761,130.9406045039477
OUT_06762,152.9385886200908
OUT_06763,931.7691995321402
OUT_06764,1022.7211790195812
OUT_06765,297.4627546022248
OUT_06766,281.1729976020385
OUT_06767,314.7359616813487
OUT_06768,238.20880879977415
OUT_06769,122.11921753286128
OUT_06770,107.18367027055255
OUT_06771,205.6525920991446
OUT_06772,122.3540219573747
OUT_06773,265.98010583338515
OUT_06774,360.7563563049396
OUT_06775,306.3483970220787
OUT_06776,207.46547247622436
OUT_06777,978.508937451148
OUT_06778,225.4112432717659
OUT_06779,172.116235653896
OUT_06780,162.9444431053388
OUT_06781,209.46353916741776
OUT_06782,130.17944830246407
OUT_06783,237.33016119027513
OUT_06784,316.78211995926483
OUT_06785,327.08808378792185
OUT_06786,182.84900915222738
OUT_06787,430.2571617121897
OUT_06788,162.8665557269005
OUT_06789,146.82549979715952
OUT_06790,268.3254513419907
OUT_06791,227.95640814492373
OUT_06792,283.16874873295023
OUT_06793,339.95934139290966
OUT_06794,91.61132667895504
OUT_06795,298.58103488596095
OUT_06796,110.58865188300027
OUT_06797,882.8419251565911
OUT_06798,936.6723734524396
OUT_06799,139.87147521760443
OUT_06800,326.67070266238466
OUT_06801,217.82579360155762
OUT_06802,345.8709358529431
OUT_06803,342.4878469787093
OUT_06804,567.2698849445599
OUT_06805,169.27405960963742
OUT_06806,144.4775518847576
OUT_06807,155.4564422167882
OUT_06808,312.1400441177897
OUT_06809,302.5252287816749
OUT_06810,2002.6879132070824
OUT_06811,436.5047339831897
OUT_06812,141.13768081833456
OUT_06813,122.58963123835544
OUT_06814,110.7841509846686
OUT_06815,1026.3640426917098
OUT_06816,344.19617076262733
OUT_06817,992.5043004575774
OUT_06818,1967.5851996510496
OUT_06819,279.0437707314902
OUT_06820,163.7301078175217
OUT_06821,227.5296122738072
OUT_06822,252.16586693444597
OUT_06823,328.19444039052246
OUT_06824,142.62374710829016
OUT_06825,273.9703966122602
OUT_06826,1087.0727185950018
OUT_06827,264.73567938232753
OUT_06828,110.53420848370186
OUT_06829,110.98164914171235
OUT_06830,1268.132466018988
OUT_06831,271.27696124830726
OUT_06832,373.4945474325528
OUT_06833,268.68074276922107
OUT_06834,283.0337537774993
OUT_06835,152.91486148725593
OUT_06836,294.6651554608525
OUT_06837,247.27885796642045
OUT_06838,337.31863890092615
OUT_06839,941.6103400310436
OUT_06840,286.4297260003587
OUT_06841,349.3389618044159
OUT_06842,151.79791615127692
OUT_06843,1010.3741840018306
OUT_06844,114.7622665994617
OUT_06845,288.62270490192594
OUT_06846,111.2947410245806
OUT_06847,182.9542156678473
OUT_06848,205.80694460790764
OUT_06849,345.740354740807
OUT_06850,135.80827696098717
OUT_06851,299.6296701357876
OUT_06852,103.71464520251266
OUT_06853,161.4506794317634
OUT_06854,141.2917387332606
OUT_06855,314.3079460653937
OUT_06856,252.8036354677323
OUT_06857,128.49766422030666
OUT_06858,91.30235326643889
OUT_06859,167.1566119469522
OUT_06860,944.6809326993828
OUT_06861,241.39451227172634
OUT_06863,964.6453265242524
OUT_06864,122.38611833333653
OUT_06865,357.9895132350303
OUT_06866,318.6556915058896
OUT_06867,930.3211211397356
OUT_06868,248.50800263894848
OUT_06869,136.29194236466353
OUT_06870,119.68618494325482
OUT_06871,149.56944798622882
OUT_06872,163.11134936731477
OUT_06873,204.6651111623253
OUT_06874,184.5797598717442
OUT_06875,159.67870199416592
OUT_06876,360.7321631065946
OUT_06877,260.8257268848745
OUT_06878,159.87374950444533
OUT_06879,912.836124186
OUT_06880,833.5614292838604
OUT_06881,1298.9900507037323
OUT_06882,913.634265868072
OUT_06883,153.12042669971285
OUT_06884,305.9477251638603
OUT_06885,105.34067769306105
OUT_06886,225.95955753554404
OUT_06887,236.66169516779098
OUT_06888,1065.7376292337822
OUT_06889,168.61382116771426
OUT_06890,84.88585051585281
OUT_06891,290.025280752331
OUT_06892,171.97716880633746
OUT_06893,251.9002493358543
OUT_06894,344.28543191385893
OUT_06895,106.24627764830107
OUT_06896,137.7102424818586
OUT_06897,279.26079948214897
OUT_06898,194.87381949335662
OUT_06899,129.72901598159316
OUT_06900,144.6255723484934
OUT_06901,302.34684551923425
OUT_06902,231.07671066659128
OUT_06903,142.5759828476047
OUT_06904,278.88637853584225
OUT_06905,287.5315532048046
OUT_06906,1399.0071286186574
OUT_06907,130.0271604544094
OUT_06908,127.66937291419045
OUT_06909,188.07404672375887
OUT_06910,362.77893421432
OUT_06911,158.56633948999766
OUT_06912,296.1061136841
OUT_06913,169.77456988821623
OUT_06914,367.72563580975407
OUT_06915,936.8051394354984
OUT_06916,132.7974572461975
OUT_06917,295.028446311487
OUT_06918,153.59283030133943
OUT_06919,158.56633948999766
OUT_06920,159.29538359160742
OUT_06921,151.34289069533776
OUT_06922,874.151278140616
OUT_06923,229.8293002850643
OUT_06924,113.14681028832553
OUT_06925,150.91508217193183
OUT_06926,148.87381019940483
OUT_06927,142.9002350193457
OUT_06928,420.83506728897777
OUT_06929,150.8436692675943
OUT_06930,369.3724800625977
OUT_06931,92.71151419995233
OUT_06932,312.68463081038465
OUT_06933,242.27793808787536
OUT_06934,424.9032274517209
OUT_06935,166.0373446122753
OUT_06936,306.666435122077
OUT_06937,145.33711071349174
OUT_06938,946.174995485312
OUT_06939,380.9263347256021
OUT_06940,2099.842514700183
OUT_06941,263.67317899227265
OUT_06942,378.57929368898846
OUT_06943,320.4507085904137
OUT_06944,172.00596174247275
OUT_06945,244.76978359700254
OUT_06946,216.6174418205021
OUT_06947,286.251978587713
OUT_06948,865.130145329882
OUT_06949,288.8121252480453
OUT_06950,282.94077643512844
OUT_06951,109.42786894309916
OUT_06952,967.9889755418434
OUT_06953,106.81848184233245
OUT_06954,160.18579850281145
OUT_06955,161.16035557782993
OUT_06956,300.0750519210068
OUT_06957,470.5335960444017
OUT_06958,144.14662937122492
OUT_06959,150.90700779480446
OUT_06960,133.41773766291652
OUT_06961,388.76567518809105
OUT_06962,91.3956503757046
OUT_06963,269.5743648712122
OUT_06964,121.27156513063214
OUT_06965,207.1089701795642
OUT_06966,219.71431304248603
OUT_06967,309.49431923315944
OUT_06968,156.76545736432666
OUT_06969,175.48153103663873
OUT_06970,267.96911255388494
OUT_06971,248.40439290316795
OUT_06972,376.0190196929113
OUT_06973,325.97650530234466
OUT_06974,311.47306935245166
OUT_06975,75.4824372781957
OUT_06976,899.8243886019841
OUT_06977,304.7046409889566
OUT_06978,149.76341717733732
OUT_06979,158.36037645098492
OUT_06980,199.70716844196915
OUT_06981,1980.5004427624133
OUT_06982,143.18138406500614
OUT_06983,179.9947052382739
OUT_06984,258.8165689776443
OUT_06985,1990.3537665892327
OUT_06986,209.86963132260223
OUT_06988,309.3964076602864
OUT_06989,274.0245995731922
OUT_06990,922.275931032804
OUT_06991,188.25824111963743
OUT_06992,137.2439744882661
OUT_06993,102.57718866630414
OUT_06994,127.15714905133758
OUT_06995,136.29194236466353
OUT_06996,905.3860881315704
OUT_06997,289.37886002021907
OUT_06999,330.9789878465453
OUT_07000,1001.8895224677752
OUT_07001,351.79185443411654
OUT_07002,1057.758717523158
OUT_07003,347.28887553610394
OUT_07004,178.42314723766415
OUT_07005,145.18502731679925
OUT_07006,231.5190887094863
OUT_07007,315.0999359152926
OUT_07008,2081.0653095648395
OUT_07009,335.2297863484823
OUT_07010,316.1902428808755
OUT_07011,308.67204181802674
OUT_07012,937.1900240031893
OUT_07013,1949.9708619206604
OUT_07014,313.49210453631565
OUT_07015,125.2109407139608
OUT_07016,1955.1602481749485
OUT_07017,326.3529862680698
OUT_07018,301.26028671928145
OUT_07019,128.01408600074677
OUT_07020,915.039697523968
OUT_07021,427.20465594871223
OUT_07022,191.1784358069826
OUT_07023,312.0297733572274
OUT_07024,291.90086021151603
OUT_07025,128.16205971242033
OUT_07026,1852.5695091784992
OUT_07027,2001.6411479179287
OUT_07028,158.39193182234268
OUT_07029,930.19887240046
OUT_07030,144.82534379057157
OUT_07031,889.6336773893938
OUT_07032,216.16890461360643
OUT_07033,385.943391119913
OUT_07034,322.3388651869827
OUT_07035,454.73300400020884
OUT_07036,112.2360900444929
OUT_07037,282.23733625101937
OUT_07038,110.33051560154658
OUT_07039,161.93411707218357
OUT_07040,333.97574872844166
OUT_07041,117.33410912419409
OUT_07042,290.5409047262881
OUT_07043,164.2621947753828
OUT_07044,281.8990853092254
OUT_07045,302.033927210226
OUT_07046,319.3598772270092
OUT_07047,128.2321609288205
OUT_07048,1032.9231138886148
OUT_07049,383.46001291471225
OUT_07050,288.517290819202
OUT_07051,328.4487945934825
OUT_07052,227.56795893304448
OUT_07053,162.36147866628355
OUT_07054,311.6455896656885
OUT_07055,390.5718335788991
OUT_07056,1001.4543981885794
OUT_07057,895.9795295740621
OUT_07058,234.21757966337725
OUT_07059,145.0495682445907
OUT_07060,128.92105372004636
OUT_07061,947.3133796161306
OUT_07062,306.1590349915214
OUT_07063,231.49224621433598
OUT_07064,293.5619641203439
OUT_07065,971.497789734046
OUT_07066,109.74061560313912
OUT_07067,353.81697314815955
OUT_07068,1946.131250041628
OUT_07069,113.308734724283
OUT_07070,290.0565278369719
OUT_07071,256.05268315460023
OUT_07072,163.0390408743718
OUT_07073,110.51181266270234
OUT_07074,193.8708989368652
OUT_07075,135.11083433962762
OUT_07076,151.99287532209473
OUT_07077,173.10352241260614
OUT_07078,257.0153421780926
OUT_07079,88.51803560032847
OUT_07080,1932.8639309532896
OUT_07081,346.4234117002108
OUT_07082,162.8665557269005
OUT_07083,147.45850861779002
OUT_07084,312.71791271459136
OUT_07085,430.0184968595686
OUT_07086,123.63214264351528
OUT_07087,114.1253589932646
OUT_07088,331.1517377700713
OUT_07089,2062.24609836548
OUT_07090,314.34965176152247
OUT_07091,258.1813689627055
OUT_07092,194.78010446771862
OUT_07093,935.9437698705892
OUT_07094,232.880751150758
OUT_07095,100.1477974478582
OUT_07096,254.11383594840137
OUT_07097,309.38748679697846
OUT_07098,164.58088765498132
OUT_07099,320.1531987392809
OUT_07100,441.7698533834775
OUT_07101,952.4002538528536
OUT_07102,159.88149640692316
OUT_07103,309.6455164256581
OUT_07104,99.66014562658522
OUT_07105,250.2515943896229
OUT_07106,231.81895619648546
OUT_07107,141.11803631464062
OUT_07108,933.3025177047734
OUT_07109,143.4520471027371
OUT_07110,159.24256616494782
OUT_07111,305.0514330925465
OUT_07112,273.3546116707371
OUT_07113,329.2469603315004
OUT_07114,290.2535527829256
OUT_07115,335.0305552474771
OUT_07116,164.2621947753828
OUT_07117,207.21926815371378
OUT_07118,375.5136206056619
OUT_07119,249.58916925819352
OUT_07120,301.8079591725088
OUT_07121,1030.2325962603911
OUT_07122,853.3427039979127
OUT_07123,288.7693635334324
OUT_07124,1003.2641112733978
OUT_07125,139.45986623775053
OUT_07126,319.9496109445883
OUT_07127,184.5797598717442
OUT_07128,92.72202816849222
OUT_07129,309.2076849403785
OUT_07130,221.72880780173855
OUT_07131,115.1102908889776
OUT_07132,307.4870445513502
OUT_07133,269.472783614508
OUT_07134,122.64191180280706
OUT_07135,2064.7800722792845
OUT_07136,116.7265421346407
OUT_07137,111.67713587816776
OUT_07138,952.005885753629
OUT_07139,144.68801094079657
OUT_07140,160.19334790583008
OUT_07141,979.7963406950992
OUT_07142,125.95384347593743
OUT_07143,174.11982909957328
OUT_07144,976.1810542490794
OUT_07145,136.51637187788765
OUT_07146,137.18333609974076
OUT_07147,995.1829076481696
OUT_07148,994.7188655798084
OUT_07149,371.6286592098176
OUT_07150,901.05761629507
OUT_07151,196.05646222653397
OUT_07152,138.61980667524688
OUT_07153,121.11236913975125
OUT_07154,142.37408170016622
OUT_07155,312.5675750393155
OUT_07156,952.9110052306422
OUT_07157,303.8330836629882
OUT_07158,149.9316488698713
OUT_07159,148.52423817092952
OUT_07160,132.6422319569685
OUT_07161,2169.1082707573714
OUT_07162,106.73497604287576
OUT_07163,138.48763124163827
OUT_07164,219.35356245882946
OUT_07165,142.41059462260043
OUT_07166,289.05944496586596
OUT_07167,167.54059289119266
OUT_07168,98.87913438649109
OUT_07169,304.6117786992019
OUT_07170,128.38654700873016
OUT_07171,391.3078755416873
OUT_07172,100.42842763423049
OUT_07173,192.6474655316063
OUT_07174,134.86055301731506
OUT_07175,125.7483779553904
OUT_07176,130.27776737811857
OUT_07177,2237.9536078535725
OUT_07178,259.2381341183417
OUT_07179,131.49449004138327
OUT_07180,150.15952502392398
OUT_07181,342.1041972803276
OUT_07182,290.4511121521324
OUT_07183,932.2247189545308
OUT_07184,297.11891163670964
OUT_07185,316.16842800271394
OUT_07186,157.03717057510443
OUT_07187,939.6234171999384
OUT_07188,389.4168951380791
OUT_07189,318.4701982983237
OUT_07190,117.79839079249275
OUT_07191,204.66156531983805
OUT_07192,260.14887082597176
OUT_07193,329.9248853334098
OUT_07194,923.155370900251
OUT_07195,939.6175580209064
OUT_07196,302.6599575122204
OUT_07197,123.9747363427571
OUT_07198,166.50402268297708
OUT_07199,312.099183401596
OUT_07200,107.55651052146963
OUT_07201,336.02242309919245
OUT_07202,290.09310159670144
OUT_07203,373.116939494407
OUT_07204,123.74048787929564
OUT_07206,136.66976631368462
OUT_07207,267.86413915749364
OUT_07208,146.3469680362312
OUT_07209,405.1821738882634
OUT_07210,169.22600977624876
OUT_07211,127.66937291419045
OUT_07212,329.9551419373602
OUT_07213,144.43649523861728
OUT_07214,1301.2507263436091
OUT_07215,2036.2799780187504
OUT_07216,199.70716844196915
OUT_07218,243.71931844811783
OUT_07219,977.7653263385704
OUT_07220,119.29759389377922
OUT_07221,111.70227730962
OUT_07222,110.64776226335508
OUT_07223,423.03277312830346
OUT_07225,2041.8362404043403
OUT_07226,217.80386217860513
OUT_07227,944.7216724160428
OUT_07228,229.56028206322136
OUT_07229,127.43460439035856
OUT_07230,131.3799367372877
OUT_07231,111.36420153688844
OUT_07232,282.47481980422816
OUT_07233,1978.918247631871
OUT_07234,117.31772530783313
OUT_07235,336.7877531349583
OUT_07236,153.9909556183542
OUT_07237,170.59822540956748
OUT_07238,307.041849136629
OUT_07239,270.64657038277994
OUT_07240,141.42208918559294
OUT_07241,124.25329887183176
OUT_07242,426.4732130134262
OUT_07243,359.01940167866866
OUT_07244,142.88054065245845
OUT_07245,352.11332265545303
OUT_07246,145.85533842407912
OUT_07247,289.7343578968094
OUT_07248,132.63058501279022
OUT_07249,285.050554832184
OUT_07250,1917.3275089418
OUT_07251,309.9791148295497
OUT_07252,328.832382111843
OUT_07253,169.22600977624876
OUT_07254,199.94687484654065
OUT_07255,195.0965488433504
OUT_07256,273.4739886796032
OUT_07257,326.3213735501243
OUT_07258,969.1146657542732
OUT_07259,906.3329791950064
OUT_07260,142.9562829507658
OUT_07261,143.0222816950284
OUT_07262,311.07243598566185
OUT_07263,882.9624104839141
OUT_07264,174.11982909957328
OUT_07265,115.35830845849014
OUT_07266,971.2303300558584
OUT_07267,108.48125387947837
OUT_07268,271.40306923813307
OUT_07269,316.5402103712556
OUT_07270,156.22473896665505
OUT_07271,112.5750254525546
OUT_07272,353.31885450827144
OUT_07273,1024.0899402595717
OUT_07274,962.5346822618044
OUT_07275,109.26675841892153
OUT_07276,1993.196837091352
OUT_07277,143.18138406500614
OUT_07278,201.74972924037175
OUT_07279,131.22057805250952
OUT_07280,317.00578409946365
OUT_07281,982.1978113843902
OUT_07282,302.7183631402369
OUT_07283,404.38330193867984
OUT_07284,266.62705726625416
OUT_07285,2311.238523305285
OUT_07286,270.67184870049505
OUT_07287,192.6474655316063
OUT_07288,247.4814531386715
OUT_07289,930.5637525729863
OUT_07290,254.70293877039683
OUT_07291,145.53403099008187
OUT_07292,183.774210731716
OUT_07293,213.01061809435134
OUT_07294,213.25638955632303
OUT_07295,144.1945038742982
OUT_07296,358.24415586275614
OUT_07297,109.34078665604363
OUT_07298,988.59711605781
OUT_07299,97.43911378953477
OUT_07300,986.5137768660892
OUT_07301,148.62116686405258
OUT_07302,352.76814478037795
OUT_07303,117.46077840680834
OUT_07304,84.80875782628506
OUT_07305,929.7901218418124
OUT_07306,150.630990394261
OUT_07307,989.2823108785112
OUT_07308,123.3704515716941
OUT_07309,297.97423358006745
OUT_07310,123.19538483556067
OUT_07311,314.40107711992084
OUT_07312,165.06708398306918
OUT_07313,116.00948545444442
OUT_07314,885.4858364057167
OUT_07315,270.4437656757698
OUT_07316,2054.2437306363927
OUT_07317,863.9221481242201
OUT_07318,287.82151260311946
OUT_07319,142.8624799228013
OUT_07320,251.8538753590308
OUT_07321,1912.6353170892185
OUT_07322,342.261999234391
OUT_07323,199.25057247530384
OUT_07324,971.0299664040868
OUT_07325,121.227238660391
OUT_07326,183.77776872868424
OUT_07327,946.0458269870836
OUT_07328,274.54503829048053
OUT_07329,328.4250837126113
OUT_07330,448.8842611924922
OUT_07331,907.7503054944106
OUT_07332,115.10270941597628
OUT_07333,317.91675251733534
OUT_07334,294.9198785528058
OUT_07335,948.0151303526286
OUT_07336,129.16336568578623
OUT_07337,257.38394953550426
OUT_07338,147.13882959793034
OUT_07340,141.46090846704595
OUT_07341,916.13593874884
OUT_07342,166.68317236362466
OUT_07343,375.7773226843635
OUT_07344,133.376797679023
OUT_07345,120.12787191132348
OUT_07346,275.6502287274029
OUT_07347,309.8181019727889
OUT_07348,275.53892472601274
OUT_07349,925.296081013928
OUT_07350,206.46704831646525
OUT_07351,256.0992446099023
OUT_07352,125.72364211357076
OUT_07353,224.460656653691
OUT_07354,960.230498350688
OUT_07355,206.05513125025334
OUT_07356,337.0519825215777
OUT_07357,312.87530239609345
OUT_07358,131.94743376913
OUT_07359,125.66953535269667
OUT_07360,164.2306449065669
OUT_07361,187.54601181302863
OUT_07362,344.9635114226702
OUT_07363,122.97390719867384
OUT_07364,257.74643213855865
OUT_07365,325.2730358420048
OUT_07366,168.60244693860713
OUT_07367,940.0987492538618
OUT_07368,958.5434137305252
OUT_07370,98.57445390258235
OUT_07371,250.8967914254755
OUT_07372,194.5988218734133
OUT_07373,111.8703749083068
OUT_07374,907.6212864640538
OUT_07375,268.2932105100618
OUT_07376,345.47005221162334
OUT_07377,138.5925686022826
OUT_07378,863.6828587684224
OUT_07379,159.44527052750328
OUT_07380,935.419575667652
OUT_07381,459.92130892924814
OUT_07382,270.6666869425703
OUT_07383,264.8932568688876
OUT_07384,174.67631915283508
OUT_07385,105.34067769306105
OUT_07386,970.161794830492
OUT_07387,310.32150616165427
OUT_07388,2123.816826649537
OUT_07389,179.63136189906703
OUT_07390,918.740522791876
OUT_07391,2003.324570020716
OUT_07392,96.22310488880122
OUT_07393,877.3662917512103
OUT_07394,116.94033343419665
OUT_07395,386.63347070263853
OUT_07396,386.6575726395589
OUT_07397,129.6500867578151
OUT_07398,162.13755135386904
OUT_07399,213.67696379301498
OUT_07400,325.1639310799399
OUT_07401,118.13437949224074
OUT_07402,301.3331982545267
OUT_07403,155.80144583006836
OUT_07404,189.7629046347572
OUT_07405,105.04908560251624
OUT_07406,131.02965473756723
OUT_07407,235.43369380223464
OUT_07408,2255.2752167763606
OUT_07409,158.14161758406462
OUT_07410,237.8102601589242
OUT_07411,244.90719976471735
OUT_07412,127.16674460226838
OUT_07413,364.35018872664807
OUT_07414,260.1627974174506
OUT_07415,285.76131326037
OUT_07416,349.5157510435684
OUT_07417,2008.04500716364
OUT_07418,951.3461442444952
OUT_07419,150.4036394542288
OUT_07420,398.5081692445699
OUT_07421,127.85534720398844
OUT_07422,943.0337810669208
OUT_07423,361.4320828803717
OUT_07424,174.87238676375932
OUT_07425,321.9884194076932
OUT_07426,346.16280664622377
OUT_07427,162.5177945015781
OUT_07428,303.9191454798243
OUT_07429,251.3356789509212
OUT_07430,176.84965283504295
OUT_07431,141.97810271189707
OUT_07432,979.1779508321716
OUT_07433,202.5908949156641
OUT_07434,191.13869129587522
OUT_07435,208.24816373317347
OUT_07436,146.54127176415943
OUT_07437,163.95399039993202
OUT_07438,129.06126033079585
OUT_07439,82.13482090683075
OUT_07440,416.0753231998424
OUT_07441,171.6160437957137
OUT_07442,252.4212346367307
OUT_07443,934.2881515801844
OUT_07444,331.04831636645395
OUT_07445,162.01822980683392
OUT_07446,167.9646169100853
OUT_07447,336.84066172177927
OUT_07448,368.9854229885078
OUT_07449,444.6400473738509
OUT_07450,118.68125958334973
OUT_07451,923.2401658494108
OUT_07452,253.09527556279858
OUT_07453,246.14550843835016
OUT_07454,146.47391472616638
OUT_07455,283.9925339887965
OUT_07456,963.3898126259008
OUT_07457,101.06994677855575
OUT_07458,364.7792724903795
OUT_07459,118.5040373914705
OUT_07460,169.2284512009506
OUT_07461,214.49959194907115
OUT_07462,282.541636728041
OUT_07463,298.80641717580704
OUT_07464,319.9976406626135
OUT_07465,295.6150767496058
OUT_07466,976.6747732583724
OUT_07467,312.0806888592624
OUT_07468,191.4513972553732
OUT_07469,846.8408666329912
OUT_07470,100.82915178693293
OUT_07471,286.332904304759
OUT_07472,812.7512478168167
OUT_07473,171.89367022413848
OUT_07474,1966.167474338719
OUT_07475,269.4102193777971
OUT_07476,167.04663193158828
OUT_07477,139.89203269433557
OUT_07478,402.8940108121982
OUT_07479,125.86584823477183
OUT_07480,937.4505977830448
OUT_07481,307.48186755936763
OUT_07482,107.87869897438804
OUT_07483,1032.9910130387866
OUT_07484,298.36211535435154
OUT_07485,243.3801030838051
OUT_07486,312.0167527345328
OUT_07487,315.9663392919491
OUT_07488,319.25857474859777
OUT_07489,286.332904304759
OUT_07490,879.5021397336907
OUT_07491,349.5383955006212
OUT_07492,2119.0808030271
OUT_07493,273.70393057740927
OUT_07494,291.28424520022327
OUT_07495,329.53036367595126
OUT_07496,96.67047018751097
OUT_07497,247.1702370490577
OUT_07498,359.3681522337357
OUT_07499,331.55698123677075
OUT_07500,102.58301970019549
OUT_07501,264.4138170167702
OUT_07502,204.08412270007904
OUT_07503,362.353397160354
OUT_07504,1988.2156268073368
OUT_07505,880.1463025789832
OUT_07506,185.94636567608
OUT_07507,181.98213126645823
OUT_07508,115.22142067123563
OUT_07509,145.05074590272474
OUT_07510,125.6434626172924
OUT_07511,111.7202788058908
OUT_07512,320.7569210624319
OUT_07513,288.3782766035422
OUT_07514,105.34067769306105
OUT_07515,1051.6524048807892
OUT_07516,102.73218205252942
OUT_07517,129.2880328175628
OUT_07518,114.7824842179932
OUT_07519,2149.373570821725
OUT_07520,308.1786168814992
OUT_07521,106.31046702620391
OUT_07522,334.4790704680533
OUT_07523,139.2725362071257
OUT_07524,445.0360999924325
OUT_07525,213.7965733225049
OUT_07526,180.9586509736361
OUT_07527,327.9115757936121
OUT_07528,192.3796306016264
OUT_07529,239.32894681102565
OUT_07530,318.067157100322
OUT_07531,454.7224053536716
OUT_07532,340.43648137987213
OUT_07533,319.1345701112688
OUT_07534,98.60749321465131
OUT_07535,298.06139954364784
OUT_07536,849.1037307157495
OUT_07537,157.03784938096186
OUT_07538,199.29991577233898
OUT_07539,333.6356539919635
OUT_07540,277.6692485793784
OUT_07541,184.03548691169473
OUT_07542,150.2101481541277
OUT_07543,162.38713553627613
OUT_07544,152.5290143790174
OUT_07545,315.4015949113
OUT_07546,2112.430838153519
OUT_07547,344.157853545999
OUT_07548,117.97783418707472
OUT_07549,339.3348221772567
OUT_07550,357.24855286880364
OUT_07551,139.88256964472347
OUT_07552,291.7760199978619
OUT_07553,2011.456039279124
OUT_07554,191.2300952110591
OUT_07555,140.45048061731245
OUT_07556,209.50568476819043
OUT_07557,939.7287382808486
OUT_07558,147.5295920386909
OUT_07559,168.61382116771426
OUT_07560,122.09417397397378
OUT_07561,264.4488535297803
OUT_07562,160.8886770682863
OUT_07563,292.5284672923661
OUT_07564,157.79591504807314
OUT_07565,423.03277312830346
OUT_07566,303.66077595193264
OUT_07567,109.03749056721615
OUT_07568,296.39017225519217
OUT_07569,165.06560216831744
OUT_07570,148.7702242269803
OUT_07571,344.2840938094826
OUT_07572,170.76509027901562
OUT_07573,331.8405795206847
OUT_07574,880.7467931307573
OUT_07575,121.09400935806867
OUT_07576,286.8065392803834
OUT_07577,129.8214623731795
OUT_07578,857.9811412171221
OUT_07579,107.56434497524305
OUT_07580,150.72270989563626
OUT_07581,969.6645416483728
OUT_07582,110.27096570620594
OUT_07583,154.5473240754008
OUT_07584,130.42545684663497
OUT_07585,170.51425235426512
OUT_07586,307.8385049015207
OUT_07587,881.2989755123511
OUT_07588,194.0627315823446
OUT_07589,113.8435517237343
OUT_07590,917.304206455792
OUT_07591,995.9175632252058
OUT_07592,187.99611681224386
OUT_07593,326.652457835129
OUT_07594,100.55475864638996
OUT_07595,159.88840546426175
OUT_07596,105.67995018321857
OUT_07597,119.7542332670614
OUT_07598,367.1541482849559
OUT_07599,152.1328347743099
OUT_07600,982.4235505220328
OUT_07601,113.4601556148972
OUT_07602,277.7757387306035
OUT_07603,171.97716880633746
OUT_07604,2093.0524898323188
OUT_07605,1025.496608612846
OUT_07606,296.7360559440986
OUT_07607,118.96504082017478
OUT_07608,117.64671600493658
OUT_07609,339.806276447082
OUT_07610,378.9946491750688
OUT_07611,343.92145600744675
OUT_07612,209.86963132260223
OUT_07613,178.55577349546022
OUT_07614,97.43906867068377
OUT_07615,263.6468572348406
OUT_07616,155.57614322405016
OUT_07617,929.0165844964208
OUT_07618,92.69005086801036
OUT_07619,261.1302377878509
OUT_07620,340.80964583539134
OUT_07621,316.4186426121506
OUT_07622,313.66900721152035
OUT_07623,124.32479234920535
OUT_07624,294.1035114929218
OUT_07625,916.7341707760316
OUT_07626,107.47832183703504
OUT_07627,870.6187667307877
OUT_07628,223.13747945746775
OUT_07629,958.7400287720396
OUT_07630,325.345067148537
OUT_07631,189.7013994191744
OUT_07632,176.08380797562077
OUT_07633,1283.8191757284785
OUT_07634,170.5562952033605
OUT_07635,900.4578051238552
OUT_07636,996.788143283421
OUT_07637,139.33969989261888
OUT_07638,308.7054675648204
OUT_07639,2110.2348288995668
OUT_07640,139.5655232120528
OUT_07641,274.95255369533885
OUT_07642,185.8275312738751
OUT_07643,354.3733721289602
OUT_07644,159.0746710634587
OUT_07645,161.80797754360344
OUT_07646,297.8615786286885
OUT_07647,161.73384094436102
OUT_07648,199.3765748718096
OUT_07649,273.2416832402603
OUT_07650,329.9213399203323
OUT_07651,116.04034547564244
OUT_07652,116.31147903561664
OUT_07653,238.20880879977415
OUT_07654,340.82824367887093
OUT_07655,1972.903573408782
OUT_07656,128.53703765233118
OUT_07657,147.5295920386909
OUT_07658,2019.7260080948568
OUT_07659,302.54964382165014
OUT_07660,97.88302689732718
OUT_07661,278.16995060572907
OUT_07662,269.72638594501717
OUT_07663,119.4283836574679
OUT_07664,292.9728236097697
OUT_07665,247.16845779414436
OUT_07666,138.6023932470083
OUT_07667,306.31973610652494
OUT_07668,130.71633826731778
OUT_07669,154.70066558574246
OUT_07670,116.26226169658214
OUT_07671,1034.83782055033
OUT_07672,159.2934567351743
OUT_07673,123.25730361502761
OUT_07674,891.0709605927991
OUT_07676,162.43681177460795
OUT_07677,916.0432483630652
OUT_07678,812.4599826065621
OUT_07679,963.9835165475816
OUT_07680,264.24475783920707
OUT_07681,296.6380506592486
OUT_07682,952.9088865117404
OUT_07683,106.46642818553501
OUT_07684,332.11607698928185
OUT_07685,1032.3033096028466
OUT_07686,129.35353162529694
OUT_07687,2012.540511383865
OUT_07688,1981.7617941845829
OUT_07689,321.69677101594385
OUT_07690,157.69788864128355
OUT_07691,246.46855180731185
OUT_07692,94.46661839322263
OUT_07693,355.1511772951248
OUT_07694,184.03548691169473
OUT_07695,178.7521108777832
OUT_07696,205.74199114639714
OUT_07697,137.65299082970964
OUT_07698,145.16379082190056
OUT_07699,159.000749653661
OUT_07700,133.20893630077194
OUT_07701,453.5874174187112
OUT_07702,996.702906935426
OUT_07703,1970.2531781656755
OUT_07704,915.5050967306536
OUT_07705,325.6137020000228
OUT_07706,292.6272500083122
OUT_07707,191.2300952110591
OUT_07708,287.5213958711955
OUT_07709,272.9661379514544
OUT_07710,191.91232157494437
OUT_07711,162.9444431053388
OUT_07712,333.2878429779496
OUT_07713,488.2887238869917
OUT_07714,237.15341965466257
OUT_07715,325.8473568119234
OUT_07716,225.80834625061388
OUT_07717,114.84550614452952
OUT_07718,268.5158394318935
OUT_07719,150.28148207683705
OUT_07720,1973.404376928116
OUT_07721,321.50429163594225
OUT_07722,867.1734996371074
OUT_07723,113.24364094254165
OUT_07724,263.37710482568946
OUT_07725,303.643150336263
OUT_07726,125.46888534834162
OUT_07727,206.4333773429125
OUT_07728,167.3615896623757
OUT_07729,137.43656455774345
OUT_07730,306.17484990807907
OUT_07731,184.58581029195565
OUT_07732,284.3603450609044
OUT_07733,164.2621947753828
OUT_07734,988.6120668125568
OUT_07735,121.97492541650658
OUT_07736,2046.583229226665
OUT_07737,322.7849425384499
OUT_07738,146.25338588438257
OUT_07739,360.6750200273204
OUT_07740,256.79195381836945
OUT_07741,131.20439118698167
OUT_07742,906.5953995186262
OUT_07743,143.00317681722012
OUT_07744,289.8107685588962
OUT_07745,106.59602523545846
OUT_07746,1000.64849534306
OUT_07747,317.95321548994093
OUT_07748,128.7913364793385
OUT_07749,352.91413668295917
OUT_07750,304.91738287218413
OUT_07751,158.13901165273862
OUT_07752,197.53782969685815
OUT_07753,288.5920266312403
OUT_07754,214.14791132159704
OUT_07755,340.1266608571097
OUT_07756,205.7072981173233
OUT_07757,131.19598128889865
OUT_07758,174.30364076202736
OUT_07759,130.82079798494976
OUT_07760,293.97579750044827
OUT_07761,236.5550464541562
OUT_07762,1927.160301724783
OUT_07763,324.0620925726868
OUT_07764,223.07001278954434
OUT_07765,2036.772197023032
OUT_07766,151.19775346515743
OUT_07767,167.624077053659
OUT_07768,404.8223714449815
OUT_07769,915.333740291914
OUT_07770,128.01982239891774
OUT_07771,302.42723661919825
OUT_07772,937.2821956680134
OUT_07773,284.11903848445024
OUT_07774,275.88355891322067
OUT_07775,957.541337929154
OUT_07776,107.0736680604529
OUT_07777,128.08520612891692
OUT_07778,234.5220217444705
OUT_07779,186.68620552666601
OUT_07780,159.38842766816552
OUT_07781,366.0022229011375
OUT_07782,271.0782206768304
OUT_07783,174.11982909957328
OUT_07784,285.55898841229936
OUT_07785,348.70941049431883
OUT_07786,964.4840651590832
OUT_07787,971.7301385328244
OUT_07788,148.62116686405258
OUT_07789,327.40922608719865
OUT_07790,349.18077984483585
OUT_07791,1508.8485625427877
OUT_07792,977.7557107299608
OUT_07793,921.1409541502088
OUT_07794,152.7389152576635
OUT_07795,1014.7883870686323
OUT_07796,2045.112283799918
OUT_07797,244.89815758285414
OUT_07798,331.2301818564583
OUT_07799,267.3020143232644
OUT_07800,168.17964561750247
OUT_07801,1001.208152574002
OUT_07802,474.7821271774582
OUT_07803,139.9056572782777
OUT_07804,132.22084602094606
OUT_07805,127.93037668314977
OUT_07806,329.7774751030125
OUT_07807,212.67536613389527
OUT_07808,136.18244310315572
OUT_07809,294.7912028685108
OUT_07810,1852.1163836490628
OUT_07811,467.8920565665034
OUT_07812,119.33224881309076
OUT_07813,180.49151567177913
OUT_07814,236.40356069221116
OUT_07815,2077.3417014993565
OUT_07816,161.22018054658082
OUT_07817,1023.1602959483672
OUT_07818,114.83237147950396
OUT_07819,243.46807974224043
OUT_07820,196.96208409542217
OUT_07821,184.20176021189286
OUT_07822,407.57139164104984
OUT_07823,907.0802911611048
OUT_07824,230.70715069121712
OUT_07825,304.6234126667387
OUT_07826,145.33711071349174
OUT_07827,305.79993619143346
OUT_07828,124.87660904430872
OUT_07830,949.131799349156
OUT_07831,319.796014039855
OUT_07832,950.8720624262456
OUT_07833,235.2690483149849
OUT_07834,321.59084377959766
OUT_07835,128.01408600074677
OUT_07836,304.3192184974437
OUT_07837,2030.9643844709708
OUT_07838,325.416907754074
OUT_07839,276.4730955330687
OUT_07840,318.0849963758208
OUT_07841,112.30508777954815
OUT_07842,126.89394286564468
OUT_07843,99.77970104617664
OUT_07844,231.36117924396373
OUT_07845,930.168302265161
OUT_07846,266.9018209045544
OUT_07847,305.141156461889
OUT_07848,135.7537824024184
OUT_07849,249.15436440696314
OUT_07850,114.7824842179932
OUT_07851,123.44342175501728
OUT_07852,309.58384973479883
OUT_07853,195.88081138514696
OUT_07854,110.25052042756909
OUT_07855,315.0430747055409
OUT_07856,297.8299520507311
OUT_07857,252.07883732657064
OUT_07858,970.7549307503698
OUT_07859,947.4240798610192
OUT_07860,352.33286714224806
OUT_07861,270.2535649709005
OUT_07862,226.85212565257942
OUT_07863,290.63115680424175
OUT_07864,325.8727670380014
OUT_07865,213.54558322175257
OUT_07866,238.7850008728074
OUT_07867,924.860926042755
OUT_07868,100.79694485622068
OUT_07869,299.2065359371719
OUT_07870,257.0154334861793
OUT_07871,151.28547633978323
OUT_07872,141.20568292181764
OUT_07873,193.20760599900635
OUT_07874,162.67476286879466
OUT_07875,970.6545745978152
OUT_07876,2016.034722512008
OUT_07877,2077.9718880560304
OUT_07878,184.99384845225387
OUT_07879,880.6064698414997
OUT_07880,2038.6109894319577
OUT_07881,151.9193699691652
OUT_07882,91.67413953728331
OUT_07883,949.0028880832516
OUT_07884,333.9074915667649
OUT_07885,122.3056791388206
OUT_07886,311.19642657891103
OUT_07887,121.36000139453228
OUT_07888,301.09501236309995
OUT_07889,307.041849136629
OUT_07890,168.82082784496092
OUT_07891,181.84023543108327
OUT_07892,149.0760838963019
OUT_07893,1040.6958845354332
OUT_07894,135.02366166837393
OUT_07895,201.1609628542961
OUT_07896,2012.5052693934188
OUT_07897,867.095683799362
OUT_07898,273.5697349163545
OUT_07899,377.1763036226616
OUT_07900,140.9216539524448
OUT_07901,904.9190244785544
OUT_07902,144.44262560884744
OUT_07903,230.98113250279474
OUT_07904,220.42272024418406
OUT_07905,128.0679411579286
OUT_07906,152.7389152576635
OUT_07907,99.33105349623148
OUT_07908,945.3216228029518
OUT_07909,277.706846894613
OUT_07910,289.9097447297437
OUT_07911,883.0586345127949
OUT_07912,191.83956660548102
OUT_07913,212.05359550032804
OUT_07914,322.47988726329856
OUT_07915,260.13059579217247
OUT_07916,2064.9614196133166
OUT_07917,135.27774150284424
OUT_07918,162.6190286354888
OUT_07919,149.72226153616677
OUT_07920,324.56570966305185
OUT_07921,218.74819269759502
OUT_07922,137.54114169195162
OUT_07923,2029.47977008848
OUT_07924,892.0022556942349
OUT_07925,1914.9139152145567
OUT_07926,135.4526331472098
OUT_07927,265.2795866156543
OUT_07928,199.23777820513243
OUT_07929,91.9520914532163
OUT_07930,891.6121594676456
OUT_07931,412.8786719044411
OUT_07932,276.8033940347547
OUT_07933,101.3032090306662
OUT_07934,213.25638955632303
OUT_07935,954.6478893124196
OUT_07936,203.80311984999366
OUT_07937,170.57575289816918
OUT_07938,937.6404854915636
OUT_07939,273.89788376363515
OUT_07940,137.6819644462598
OUT_07941,299.198632608324
OUT_07943,254.0767620028216
OUT_07944,107.23312814505394
OUT_07945,284.8557418032138
OUT_07946,138.9947086871224
OUT_07947,264.6478577613418
OUT_07948,234.16190388608828
OUT_07949,1065.4365702561593
OUT_07950,530.7660376618435
OUT_07951,172.40435852686252
OUT_07952,173.94757465286966
OUT_07953,166.6432997079726
OUT_07954,313.5150328730625
OUT_07955,313.1024733992999
OUT_07956,234.0663482637616
OUT_07957,308.95589277675015
OUT_07958,194.43678109486183
OUT_07959,316.4360070428162
OUT_07960,170.59822540956748
OUT_07961,152.9541735900356
OUT_07962,276.45738491316104
OUT_07963,193.52598301313088
OUT_07964,145.92463462432917
OUT_07965,300.16197611697146
OUT_07966,296.9382072202054
OUT_07967,868.7542880878685
OUT_07968,144.7679381473853
OUT_07969,316.24184809645004
OUT_07970,795.0636147234678
OUT_07971,903.2930690615474
OUT_07972,428.2185375593125
OUT_07973,145.69876754872206
OUT_07974,312.20223661795154
OUT_07975,144.09680200657377
OUT_07976,171.3195196946777
OUT_07977,135.8356660597803
OUT_07978,302.70177659047783
OUT_07979,237.25297631306682
OUT_07980,2026.715483323627
OUT_07981,137.1032047977011
OUT_07982,127.07931385131602
OUT_07983,243.70754108084125
OUT_07984,242.57145928692682
OUT_07985,922.7652552601584
OUT_07986,126.79224393858624
OUT_07987,168.70610407214724
OUT_07988,141.81660268901896
OUT_07989,157.49991935665662
OUT_07990,345.64833403099004
OUT_07991,918.951873388451
OUT_07992,131.76744107684223
OUT_07993,974.786065437047
OUT_07994,145.33711071349174
OUT_07995,358.8717790174145
OUT_07996,114.7824842179932
OUT_07997,400.80281913208887
OUT_07998,174.8878632499988
OUT_07999,194.87381949335662
OUT_08000,127.66937291419045
OUT_08001,941.6650970163018
OUT_08002,241.54424015578306
OUT_08003,101.48096724306784
OUT_08004,194.68520100234994
OUT_08005,114.7824842179932
OUT_08006,132.21067293493476
OUT_08007,231.06155666238297
OUT_08008,297.3389058000847
OUT_08009,133.47514814606293
OUT_08010,229.65867981208422
OUT_08011,206.18455277334948
OUT_08012,240.75605913106622
OUT_08013,235.5758149966746
OUT_08014,246.29117349590283
OUT_08015,939.2935661884432
OUT_08016,143.74078669746044
OUT_08017,138.38205090694933
OUT_08018,188.99701475884186
OUT_08019,250.19699657185606
OUT_08020,232.4022423354222
OUT_08021,88.71106384405981
OUT_08022,308.94028506474973
OUT_08023,269.930045753348
OUT_08024,145.33711071349174
OUT_08025,908.879035200022
OUT_08026,310.3489739261145
OUT_08027,162.38765218089313
OUT_08028,399.9190120756399
OUT_08029,963.414232902864
OUT_08030,843.9633328292402
OUT_08031,163.33015891822993
OUT_08032,2040.613745386545
OUT_08033,1911.6976302594144
OUT_08034,148.16347647960822
OUT_08035,276.5487737271934
OUT_08036,137.46514521809695
OUT_08037,995.0829856365592
OUT_08038,330.0117398217138
OUT_08039,978.916916652694
OUT_08040,352.1680240120224
OUT_08041,904.4860160175048
OUT_08042,316.14201200686966
OUT_08043,142.35219707863436
OUT_08044,130.3286715795283
OUT_08045,1990.9633668127788
OUT_08046,100.14095986045729
OUT_08047,2102.5935867655508
OUT_08048,158.70135175001127
OUT_08049,127.63893337864332
OUT_08050,939.2205090043598
OUT_08051,152.1432109581609
OUT_08052,324.2132212732815
OUT_08053,141.38263010326963
OUT_08054,126.70107300876865
OUT_08055,918.0885448120132
OUT_08056,120.6507479156248
OUT_08057,310.36970753033586
OUT_08058,259.40009878561307
OUT_08059,879.1365607175467
OUT_08060,88.51803560032847
OUT_08061,136.39283257430833
OUT_08062,951.6818964714248
OUT_08063,317.7199048936181
OUT_08064,109.72662880439596
OUT_08065,262.94067958751754
OUT_08066,977.2181031990629
OUT_08067,1262.044006893041
OUT_08068,441.7184114092681
OUT_08069,301.83922950485254
OUT_08070,330.87362852941743
OUT_08071,208.25184616069794
OUT_08072,267.5608925913552
OUT_08073,160.8939811144013
OUT_08074,170.74974699112377
OUT_08075,284.407693754573
OUT_08076,287.74810287271043
OUT_08077,136.88018861247826
OUT_08078,350.38955810942406
OUT_08079,1958.4893427816105
OUT_08080,302.46607795112726
OUT_08081,117.27487039907247
OUT_08082,268.3258874656965
OUT_08083,928.1272642902178
OUT_08084,115.36886394273245
OUT_08085,199.70716844196915
OUT_08087,524.633960290907
OUT_08088,261.6545704171821
OUT_08089,176.87627053563196
OUT_08090,2000.534379943684
OUT_08091,330.0866929460341
OUT_08092,129.87877656068667
OUT_08093,347.8466158714864
OUT_08094,132.48526145418708
OUT_08095,142.69258774808893
OUT_08096,192.34172289231822
OUT_08097,986.9370033169528
OUT_08098,282.3858137171699
OUT_08099,830.0728895732864
OUT_08100,1992.4887001919287
OUT_08101,314.84802562741174
OUT_08102,407.4434624178681
OUT_08103,178.01302973256287
OUT_08104,114.35926328251155
OUT_08105,281.8815568731116
OUT_08106,138.7571565010217
OUT_08107,272.1762954905952
OUT_08108,110.00140221427486
OUT_08109,2046.9183449880045
OUT_08110,405.3244914371051
OUT_08111,268.5185376135573
OUT_08112,923.85660138921
OUT_08113,181.3977814925281
OUT_08114,923.1805586656031
OUT_08115,378.40335741836213
OUT_08116,308.79258832579245
OUT_08117,142.86264103055476
OUT_08118,925.0028253365252
OUT_08119,118.29155392688612
OUT_08120,859.4045570277443
OUT_08121,257.70861847457644
OUT_08122,500.66891331231693
OUT_08123,261.60683204778945
OUT_08124,186.23372272100195
OUT_08125,340.8222502835407
OUT_08126,889.8662068045697
OUT_08127,865.3513470124757
OUT_08128,1033.6121294769484
OUT_08129,885.6700824445838
OUT_08130,193.52598301313088
OUT_08131,900.9850723731432
OUT_08132,199.52449505712661
OUT_08133,104.33311385058342
OUT_08134,275.6848038858651
OUT_08135,353.72952338223666
OUT_08136,163.25695624144333
OUT_08137,245.1362944101947
OUT_08138,927.311422024662
OUT_08139,264.6628905163707
OUT_08140,963.2221147837032
OUT_08141,154.38147589107052
OUT_08142,220.9484534016246
OUT_08143,307.2460850241651
OUT_08144,186.1113357258402
OUT_08145,904.9713006805003
OUT_08146,235.33233726584794
OUT_08147,99.46048346142604
OUT_08148,294.17933681011124
OUT_08149,105.34803645378157
OUT_08150,296.39017225519217
OUT_08151,256.0558478014501
OUT_08152,124.86168467590782
OUT_08153,259.67125311697606
OUT_08154,244.57361789828565
OUT_08155,182.9542156678473
OUT_08156,167.04663193158828
OUT_08157,190.3207834819165
OUT_08158,1041.8922253316723
OUT_08159,1954.861393059996
OUT_08160,920.0412898239468
OUT_08161,124.63756964341668
OUT_08162,178.55220848126345
OUT_08163,196.96208409542217
OUT_08164,140.18336671254173
OUT_08165,309.12210139008187
OUT_08166,154.63322515319808
OUT_08167,326.6912041197405
OUT_08168,98.21735445858708
OUT_08169,123.4913272736646
OUT_08170,328.39655922943314
OUT_08171,167.21761407604166
OUT_08172,315.533140504995
OUT_08173,280.8965591124366
OUT_08174,153.04906152042304
OUT_08175,949.4403650809896
OUT_08176,294.28773562443365
OUT_08177,1232.8461843666832
OUT_08178,306.22653456485915
OUT_08179,951.1819727410092
OUT_08180,280.25191250754835
OUT_08181,259.18749087309976
OUT_08182,428.06816369911724
OUT_08183,144.17536212368654
OUT_08184,152.3970714181007
OUT_08185,114.77194722931166
OUT_08186,890.1335909191982
OUT_08187,931.5640521870158
OUT_08188,322.0261913624836
OUT_08189,170.23395986612925
OUT_08190,310.9690398974773
OUT_08191,147.8876142949703
OUT_08192,276.40215157987905
OUT_08193,114.63471436855797
OUT_08194,200.63101429170672
OUT_08195,988.4689252056762
OUT_08196,271.785337156893
OUT_08197,97.82909124269288
OUT_08198,268.87845527446507
OUT_08199,331.8687215223166
OUT_08200,402.1668324049818
OUT_08201,2073.489331517941
OUT_08202,130.8063611816064
OUT_08203,128.621824188445
OUT_08204,214.78569496866336
OUT_08205,136.62397718630223
OUT_08206,940.4932347126456
OUT_08207,111.8703749083068
OUT_08208,263.14571729971436
OUT_08209,297.6682322662586
OUT_08210,227.38791765535828
OUT_08211,209.50568476819043
OUT_08212,600.9085620758169
OUT_08213,126.0277030879053
OUT_08214,111.76929033942967
OUT_08215,332.9575472419073
OUT_08216,831.3050044148745
OUT_08217,988.1257119178732
OUT_08218,2142.9455069714195
OUT_08219,271.0643621172196
OUT_08220,177.4692948572997
OUT_08221,918.7900915354558
OUT_08222,1075.126531513279
OUT_08223,137.53276320009076
OUT_08224,239.97741428322576
OUT_08225,969.8113699679936
OUT_08226,1964.3546468439847
OUT_08227,927.848058524268
OUT_08228,1008.3974380685784
OUT_08230,309.19873881604786
OUT_08231,1961.7439150701907
OUT_08232,130.55831411991775
OUT_08233,928.0817702612524
OUT_08234,1047.5609554888867
OUT_08235,252.58552992136168
OUT_08236,158.21286067865816
OUT_08237,932.311960848748
OUT_08238,321.84243783494753
OUT_08239,298.82243598159397
OUT_08240,448.32173536467906
OUT_08241,947.0628387766068
OUT_08242,158.03933528058656
OUT_08243,968.9192319964376
OUT_08244,152.18866994608194
OUT_08245,177.7265702517578
OUT_08246,101.6807399234195
OUT_08247,327.124428798636
OUT_08248,160.84819239141083
OUT_08250,116.76864033638698
OUT_08251,302.0757149494809
OUT_08252,301.1985599270711
OUT_08253,118.91935696868316
OUT_08254,330.410986984014
OUT_08255,282.3154529173256
OUT_08256,171.33982500442045
OUT_08257,315.7683622356158
OUT_08258,313.5219250869628
OUT_08259,269.8345920198558
OUT_08260,885.6572570573137
OUT_08261,971.092047148866
OUT_08262,287.70205803597446
OUT_08263,174.1802779307007
OUT_08264,315.23666895553043
OUT_08265,115.82300970098794
OUT_08266,121.54212085365856
OUT_08267,294.4907804260517
OUT_08268,155.81259002014653
OUT_08269,115.41507660467862
OUT_08270,276.06645161687106
OUT_08271,1003.1580972791164
OUT_08272,336.6679617834866
OUT_08273,976.4104693789455
OUT_08274,128.17366688464716
OUT_08275,918.3464346752623
OUT_08276,141.93008690829365
OUT_08277,242.12538442033082
OUT_08278,2056.817060848286
OUT_08279,320.74195018587073
OUT_08280,944.700085228555
OUT_08281,903.445158811147
OUT_08282,163.6728578656643
OUT_08283,110.73729984664118
OUT_08284,404.81705099955064
OUT_08285,308.1693143833926
OUT_08286,291.6195227225304
OUT_08287,312.84022784102444
OUT_08288,289.34587246091166
OUT_08289,142.3112970051642
OUT_08290,141.13768081833456
OUT_08291,117.09653238728998
OUT_08292,997.5410887497104
OUT_08293,169.5653612167911
OUT_08294,281.89061573872755
OUT_08295,152.05203278197953
OUT_08296,2093.9420108293225
OUT_08297,333.4605464297865
OUT_08298,2034.0278023823632
OUT_08299,207.46547247622436
OUT_08300,324.9150182153673
OUT_08301,193.53724070040604
OUT_08302,112.90858590612694
OUT_08303,302.06699650044027
OUT_08304,2631.1760687287083
OUT_08305,985.6988862429062
OUT_08306,123.52582642445984
OUT_08307,1125.6505111968108
OUT_08308,339.56767738783265
OUT_08309,344.28183669590817
OUT_08310,305.0651845805276
OUT_08311,197.53782969685815
OUT_08312,281.2610763105731
OUT_08313,924.8091092659112
OUT_08314,128.3732887474639
OUT_08315,115.754471857255
OUT_08316,275.7316252834224
OUT_08317,141.89134933655106
OUT_08318,152.46776102080136
OUT_08319,397.4150668521796
OUT_08320,302.7172669229672
OUT_08321,289.0517560245496
OUT_08322,154.38147589107052
OUT_08323,281.5824276118595
OUT_08324,153.33313236814507
OUT_08325,288.120598006169
OUT_08326,310.4526607056022
OUT_08327,922.4784680140036
OUT_08328,324.7759729093516
OUT_08329,309.6678279461231
OUT_08330,923.1411138742009
OUT_08331,926.1304436478972
OUT_08332,887.686674706578
OUT_08333,100.67550374205969
OUT_08334,159.64764506475495
OUT_08335,256.69398551433545
OUT_08336,230.2955054405202
OUT_08337,98.86481715692
OUT_08338,315.3078805484039
OUT_08339,173.39696614119362
OUT_08340,337.2248079922757
OUT_08341,104.6881525869288
OUT_08342,347.8651153929084
OUT_08343,154.36258383187763
OUT_08344,152.71115811167854
OUT_08345,92.00812507669288
OUT_08346,280.51676574906554
OUT_08347,915.4870480111408
OUT_08348,1091.3752731482227
OUT_08349,174.5146162878197
OUT_08350,171.29539582237132
OUT_08351,222.15053107324252
OUT_08352,142.36273749368667
OUT_08353,407.57139164104984
OUT_08354,179.62114911330056
OUT_08355,952.1406038830636
OUT_08356,350.0025458508852
OUT_08357,276.47319508844583
OUT_08358,302.03871705529616
OUT_08359,121.84582170930376
OUT_08360,1027.1082684421376
OUT_08361,337.3828298751313
OUT_08362,911.0799980603506
OUT_08363,145.33711071349174
OUT_08364,113.8231900902686
OUT_08365,142.96382545234175
OUT_08366,203.35737145241453
OUT_08367,109.84049956589315
OUT_08368,132.32146523091262
OUT_08369,145.33711071349174
OUT_08370,109.1240930671511
OUT_08371,294.50687193689384
OUT_08372,207.42961654820127
OUT_08373,193.0543690716837
OUT_08374,246.1701106006754
OUT_08375,115.32561442844205
OUT_08376,152.6367496999178
OUT_08377,261.8359498722928
OUT_08378,272.9631547080408
OUT_08379,107.01602863352709
OUT_08380,314.6646214793516
OUT_08381,186.5663301360265
OUT_08382,907.862717287557
OUT_08383,279.20076666716784
OUT_08384,123.4711154322027
OUT_08385,212.95597803258937
OUT_08386,266.4356201833446
OUT_08387,357.70327786372894
OUT_08388,273.37508431573417
OUT_08389,134.00403646846559
OUT_08390,262.5080882376806
OUT_08391,253.8249130988224
OUT_08392,292.7920985898562
OUT_08393,117.37825131731768
OUT_08394,207.46547247622436
OUT_08395,104.83167512557716
OUT_08396,325.112243512679
OUT_08397,156.22473896665505
OUT_08398,282.0453957283314
OUT_08399,140.99216977817235
OUT_08400,977.908311917494
OUT_08401,179.52281464266107
OUT_08402,2014.0893966248304
OUT_08403,154.38147589107052
OUT_08404,185.93346994314174
OUT_08405,141.56284665462792
OUT_08406,333.88470255892014
OUT_08407,164.79367672915424
OUT_08408,869.4184508636562
OUT_08409,206.55187705503258
OUT_08410,159.67474535835208
OUT_08411,358.1917994320918
OUT_08412,161.61418000294535
OUT_08413,320.2230457510503
OUT_08414,310.2026606014411
OUT_08415,291.7958711259676
OUT_08416,148.16347647960822
OUT_08417,94.65504790768037
OUT_08418,262.9976255284465
OUT_08419,139.54542657448448
OUT_08420,235.40306200644702
OUT_08421,227.4772687562394
OUT_08422,242.7473042319668
OUT_08423,112.9407405887407
OUT_08424,231.7624878072658
OUT_08425,249.49351823938818
OUT_08426,140.56586682337252
OUT_08427,951.8781484559364
OUT_08428,166.64071720446606
OUT_08429,205.27481035925933
OUT_08430,133.6497186644061
OUT_08431,173.14415592126406
OUT_08432,2057.3779830397525
OUT_08433,301.5339616807056
OUT_08434,142.21846945242746
OUT_08435,178.4878482300519
OUT_08436,322.7285799076753
OUT_08437,1013.3633066095288
OUT_08438,922.9128578356084
OUT_08439,395.68440552390774
OUT_08440,209.46353916741776
OUT_08441,83.28716932845089
OUT_08442,2048.5187302732115
OUT_08443,305.18794167867924
OUT_08444,285.4252566021361
OUT_08445,203.66005665339858
OUT_08446,290.37266904505066
OUT_08447,193.36866476205995
OUT_08448,347.43453927296446
OUT_08449,932.462399343307
OUT_08450,113.24364094254165
OUT_08451,284.3393530925687
OUT_08452,2045.4333587140632
OUT_08453,241.50948999546836
OUT_08455,937.2083033627672
OUT_08456,232.34980309275872
OUT_08457,999.7650340400412
OUT_08458,970.9291786271712
OUT_08459,238.29095176411334
OUT_08460,124.6993832051701
OUT_08461,307.9405187872375
OUT_08462,175.2876841255869
OUT_08463,342.4226202459086
OUT_08464,814.0523747135794
OUT_08465,291.8495417716304
OUT_08466,337.6286454195298
OUT_08467,244.1227642556716
OUT_08468,293.69272113177743
OUT_08469,286.6584216167508
OUT_08470,318.35849418708466
OUT_08471,123.52731581779233
OUT_08472,342.42757670691196
OUT_08473,339.191462947881
OUT_08474,978.5804199406718
OUT_08475,114.1876773752691
OUT_08476,150.6724137231111
OUT_08477,970.5317383674918
OUT_08478,129.34052878335484
OUT_08479,252.99031133101738
OUT_08480,260.7810973488964
OUT_08481,238.20880879977415
OUT_08482,304.1733471638905
OUT_08483,106.3105575787186
OUT_08484,2150.381732390701
OUT_08485,2001.9580914321048
OUT_08486,277.3052644225478
OUT_08487,208.19539400632985
OUT_08488,194.04768140201452
OUT_08489,971.1229469158848
OUT_08490,295.9943136399268
OUT_08491,319.4215323848138
OUT_08492,365.597854008847
OUT_08493,889.6942715980207
OUT_08494,172.04479557930472
OUT_08496,962.5308767172778
OUT_08497,280.56640386227394
OUT_08498,170.74974699112377
OUT_08499,215.32426174006602
OUT_08500,104.85034925067212
OUT_08501,151.5688237935644
OUT_08502,813.1772292127873
OUT_08503,349.6635129666389
OUT_08504,318.83102346886903
OUT_08505,270.6800281637787
OUT_08506,876.3010202276802
OUT_08507,143.74929503759512
OUT_08508,321.43062233441407
OUT_08509,103.6535269143316
OUT_08510,146.78834269276985
OUT_08511,170.59822540956748
OUT_08512,947.3881521271838
OUT_08513,152.22267805459634
OUT_08514,283.69745330342533
OUT_08515,340.7918201758715
OUT_08516,180.17124648733267
OUT_08517,940.9340311568412
OUT_08518,289.68298035351734
OUT_08519,102.95063191463764
OUT_08520,169.5653612167911
OUT_08521,111.81828639519932
OUT_08522,133.20893630077194
OUT_08523,324.65821759980486
OUT_08524,349.5876907338713
OUT_08525,297.8175709774369
OUT_08526,2012.79976498476
OUT_08527,155.33756104371335
OUT_08528,110.7841509846686
OUT_08529,209.45693910384898
OUT_08530,437.719274621719
OUT_08531,142.28791741400073
OUT_08532,281.9184138909732
OUT_08533,159.2934567351743
OUT_08534,142.1458427799617
OUT_08535,319.00245908330527
OUT_08536,232.34980309275872
OUT_08537,832.6121221440563
OUT_08538,165.93598383657928
OUT_08539,323.76933800017576
OUT_08540,955.7417996523704
OUT_08541,384.4084936369464
OUT_08542,206.32438778734527
OUT_08543,255.52759797102223
OUT_08544,886.4285140421903
OUT_08545,123.44730145457194
OUT_08546,151.53176056076975
OUT_08547,136.00267720126524
OUT_08548,116.76864033638698
OUT_08549,1999.9217342505908
OUT_08550,868.0958863685329
OUT_08551,134.37448766184505
OUT_08552,975.6448886724636
OUT_08553,342.8980983203095
OUT_08554,189.5153914012444
OUT_08555,941.2415336110172
OUT_08556,317.18267541669536
OUT_08557,101.56586943264652
OUT_08558,137.72896773656936
OUT_08559,711.9743630453542
OUT_08560,248.73526132479964
OUT_08561,248.71785802719688
OUT_08562,330.9889339353759
OUT_08563,319.058125076052
OUT_08564,905.8070331456397
OUT_08565,962.0319554673284
OUT_08566,306.03672673864395
OUT_08567,141.14500155382683
OUT_08568,907.6686931617344
OUT_08569,144.6255723484934
OUT_08570,173.14415592126406
OUT_08571,175.2276314467644
OUT_08572,88.49321164262365
OUT_08573,358.45735809082794
OUT_08574,266.3403948662609
OUT_08575,255.9116925195507
OUT_08576,111.68629968596015
OUT_08577,281.5177786512204
OUT_08578,318.0890391085297
OUT_08579,247.63845072480714
OUT_08580,172.51855306568783
OUT_08581,339.8630164066336
OUT_08582,314.04762145834576
OUT_08583,1987.9265471166668
OUT_08584,121.54212085365856
OUT_08585,109.77661430155322
OUT_08586,310.2916797589783
OUT_08587,141.52131876329406
OUT_08588,291.56141504364723
OUT_08589,145.16405949783461
OUT_08590,249.8494939855559
OUT_08591,197.60023467360676
OUT_08592,332.27632960953616
OUT_08593,232.68638000536842
OUT_08594,105.0352315234198
OUT_08595,337.71851259892765
OUT_08596,298.6523083920541
OUT_08597,200.67575928507327
OUT_08598,269.7853655360266
OUT_08599,142.31372186725312
OUT_08600,92.53958227109516
OUT_08601,149.4476105830597
OUT_08602,352.9613820675289
OUT_08603,870.3853695066807
OUT_08604,142.1047221989195
OUT_08605,113.9955028851457
OUT_08606,905.7284414386859
OUT_08607,109.27976758092132
OUT_08608,296.0723046386594
OUT_08609,141.22752251674305
OUT_08610,94.11564517713477
OUT_08611,301.27181619892036
OUT_08612,115.67576534649909
OUT_08613,318.3774272251585
OUT_08614,2029.1968132307736
OUT_08615,190.3207834819165
OUT_08617,116.54255179937974
OUT_08618,263.1443522621402
OUT_08619,1204.7503825341864
OUT_08620,180.70008657960145
OUT_08621,145.56287767811608
OUT_08622,153.3272975591179
OUT_08623,267.6353790574019
OUT_08624,215.13092848839736
OUT_08625,1879.2782152028867
OUT_08626,310.2166579228384
OUT_08627,141.23940674832167
OUT_08628,296.2888080445398
OUT_08629,208.30410048880182
OUT_08630,993.628003109232
OUT_08631,1014.4696593255763
OUT_08632,92.24085191682738
OUT_08633,271.07827036412533
OUT_08634,254.51047073328178
OUT_08635,90.25441812603499
OUT_08636,2001.845319274806
OUT_08637,131.9999470996871
OUT_08638,339.53562265323444
OUT_08639,123.3208156129975
OUT_08640,267.7144413151869
OUT_08641,320.11468596652946
OUT_08642,1039.093447889913
OUT_08643,311.11216210182266
OUT_08644,124.94959076993632
OUT_08645,132.18940014131906
OUT_08646,197.09149455082084
OUT_08647,1077.6678644991352
OUT_08648,261.8141933927617
OUT_08649,115.16752748969182
OUT_08650,267.59719428991275
OUT_08651,2179.1625721944206
OUT_08652,969.4735337864436
OUT_08653,981.2719629619014
OUT_08654,145.43633920226847
OUT_08655,331.4430012819915
OUT_08656,265.8007380099399
OUT_08657,346.05654952253263
OUT_08658,949.893201499162
OUT_08659,146.27456154885775
OUT_08660,2147.2581860415253
OUT_08661,142.10011282115872
OUT_08662,144.59378487058322
OUT_08663,211.78289440677682
OUT_08664,116.09579733414914
OUT_08665,1009.2191798037225
OUT_08666,1996.5311477299308
OUT_08667,132.19717715851615
OUT_08668,347.77241703240395
OUT_08669,140.65520239408986
OUT_08670,980.4441908067072
OUT_08671,293.1628997139834
OUT_08672,105.5599507851125
OUT_08673,985.9489871573852
OUT_08674,321.1218538581592
OUT_08675,106.24624289234887
OUT_08676,2326.270847921418
OUT_08677,105.98852958629361
OUT_08678,222.12837190561126
OUT_08679,284.559521066883
OUT_08680,336.88849579812734
OUT_08681,193.1062254497319
OUT_08682,925.227669161378
OUT_08683,316.231314877307
OUT_08684,162.8665557269005
OUT_08685,119.96776593651856
OUT_08686,309.3120330176511
OUT_08687,191.49628896431815
OUT_08688,101.24446257925032
OUT_08689,204.25589905613327
OUT_08690,142.96382545234175
OUT_08691,280.7624057160054
OUT_08692,259.1015159177441
OUT_08693,330.58077763141205
OUT_08694,338.6676125521762
OUT_08695,927.6345230962772
OUT_08696,121.79133158403246
OUT_08697,99.7568341457462
OUT_08698,337.455825427044
OUT_08699,339.8819398921167
OUT_08700,373.9843952237147
OUT_08701,295.2268052973719
OUT_08702,264.66200427554907
OUT_08703,111.58155297873472
OUT_08704,982.0931961916856
OUT_08705,290.1768792818906
OUT_08706,197.0485127679975
OUT_08707,123.2909809478002
OUT_08708,901.5860482077454
OUT_08709,128.18091781284573
OUT_08710,110.7841509846686
OUT_08711,196.73954689308155
OUT_08712,144.75262722246063
OUT_08713,186.4999286074718
OUT_08714,250.3570459085196
OUT_08715,93.74352582156624
OUT_08716,2087.317745085521
OUT_08717,302.8274727521707
OUT_08718,127.66937291419045
OUT_08719,308.5459464214833
OUT_08720,163.97239860658127
OUT_08721,887.1661321688247
OUT_08722,263.6284758715314
OUT_08723,336.8249682391034
OUT_08724,159.96008315289671
OUT_08725,123.08224522959728
OUT_08726,313.78207274447703
OUT_08727,130.88229559377112
OUT_08728,345.8836370751086
OUT_08729,168.8678441906613
OUT_08730,118.73595000904962
OUT_08731,87.88407477091847
OUT_08732,137.27135038928944
OUT_08733,146.29721699686314
OUT_08734,276.8412916687587
OUT_08735,359.51323249327373
OUT_08736,870.6492908954696
OUT_08737,114.933054149136
OUT_08738,289.6569400183764
OUT_08739,1931.2674195144689
OUT_08740,117.28898067373287
OUT_08741,111.06290172349462
OUT_08742,442.75388855742364
OUT_08743,140.34057529845975
OUT_08744,123.661386536051
OUT_08745,296.14326059529685
OUT_08746,226.83851734965637
OUT_08747,121.33382774208212
OUT_08748,112.97692503082871
OUT_08749,357.7313727494398
OUT_08750,276.0379847105056
OUT_08751,278.9983887470477
OUT_08752,129.86573992380224
OUT_08753,938.1302681774712
OUT_08754,123.29535353555404
OUT_08755,163.32673897429066
OUT_08756,943.2712571519525
OUT_08757,199.70716844196915
OUT_08758,425.1048169975561
OUT_08759,975.442844294904
OUT_08760,181.11198651422606
OUT_08761,941.3286923617148
OUT_08762,184.14147160681225
OUT_08763,297.7338516836552
OUT_08764,905.7284414386859
OUT_08765,116.5808087172177
OUT_08766,188.15305017817386
OUT_08767,911.1506284012428
OUT_08768,219.18986186403686
OUT_08769,134.08127918777697
OUT_08770,309.7779153419705
OUT_08771,252.21568208814662
OUT_08772,339.1003041493586
OUT_08773,199.19510893420718
OUT_08774,125.90350770531671
OUT_08775,329.6786352508426
OUT_08776,1001.8560188779876
OUT_08777,137.62979144775952
OUT_08778,184.58581029195565
OUT_08779,203.65901266251515
OUT_08780,1003.0132746360608
OUT_08781,319.1180354252048
OUT_08782,324.44854604192926
OUT_08783,972.03793294172
OUT_08784,274.1289066191711
OUT_08785,1020.3839814440888
OUT_08786,357.24855286880364
OUT_08787,248.183590705523
OUT_08788,315.2752101306438
OUT_08789,981.7548566148172
OUT_08790,128.47302937203597
OUT_08791,295.15876578344194
OUT_08792,123.466454088999
OUT_08793,224.43334782003484
OUT_08794,277.08489989408224
OUT_08795,121.0186109091273
OUT_08796,180.9742261307906
OUT_08797,289.0379487352172
OUT_08798,116.62893275554887
OUT_08799,132.00935227402863
OUT_08800,260.6668489579031
OUT_08801,338.8471340936897
OUT_08802,171.4682857061106
OUT_08803,297.6292816607025
OUT_08804,245.75605274344423
OUT_08805,2017.38717569741
OUT_08806,113.12936764535463
OUT_08807,295.97826898514944
OUT_08808,294.3608950244716
OUT_08809,150.1859081193882
OUT_08810,216.20769164279992
OUT_08811,123.89862268879722
OUT_08812,193.03175443925
OUT_08813,134.77881661021615
OUT_08814,333.7690056092346
OUT_08815,960.4122052587054
OUT_08816,253.84435709700657
OUT_08817,269.8345920198558
OUT_08818,349.81589603340643
OUT_08819,293.72915820761807
OUT_08820,194.93963354315267
OUT_08821,250.54621423718754
OUT_08822,325.4316425516301
OUT_08823,279.90183319074225
OUT_08824,152.9676130846361
OUT_08825,125.11304664304706
OUT_08826,988.8969100854072
OUT_08827,2130.0064021188136
OUT_08828,252.41025124462962
OUT_08829,108.36146994747045
OUT_08830,151.34467715701678
OUT_08831,1981.325709446896
OUT_08832,171.97716880633746
OUT_08833,159.19721576645108
OUT_08834,137.85904011484757
OUT_08835,2049.180613571881
OUT_08836,142.61553262879784
OUT_08837,280.757999668234
OUT_08838,299.13401107033405
OUT_08839,127.08422361221436
OUT_08840,982.9292287504762
OUT_08841,1233.7827240240556
OUT_08842,137.07459688854362
OUT_08843,956.1804424324436
OUT_08844,332.11605113859537
OUT_08845,264.1955985621771
OUT_08846,370.2883786388834
OUT_08847,281.5999075535706
OUT_08848,300.63425387647106
OUT_08849,360.9554185668936
OUT_08850,938.408611073462
OUT_08851,117.90334669790823
OUT_08852,164.43113694253498
OUT_08853,1011.8008022612448
OUT_08854,119.65685433158538
OUT_08855,922.0503910552952
OUT_08856,218.06052915367616
OUT_08857,328.20713355903814
OUT_08858,300.5956789026115
OUT_08859,204.83366108066315
OUT_08860,827.2507997430444
OUT_08861,169.79563286771977
OUT_08862,399.69641786963655
OUT_08863,264.89637997049806
OUT_08864,228.0961230375128
OUT_08865,296.5920554497186
OUT_08866,195.43879987163075
OUT_08867,252.41025124462962
OUT_08868,130.49670043423836
OUT_08869,303.1698165048262
OUT_08870,201.4693764188334
OUT_08871,1363.6202145495677
OUT_08872,2034.6393961958167
OUT_08873,223.6095856979635
OUT_08874,210.0680146228716
OUT_08875,333.27350257584806
OUT_08876,199.70716844196915
OUT_08877,932.5979886318032
OUT_08878,338.68125894293223
OUT_08879,291.3878826250214
OUT_08880,210.0680146228716
OUT_08881,164.13549760615936
OUT_08882,284.16514528970595
OUT_08883,1056.038736733414
OUT_08884,888.6275134878779
OUT_08885,118.3168271639032
OUT_08886,915.7033064357634
OUT_08887,261.1492796809304
OUT_08888,365.6021066335961
OUT_08889,232.33388243329645
OUT_08891,945.5960216927087
OUT_08892,303.74857492620646
OUT_08893,324.1647121576729
OUT_08894,464.4849435970112
OUT_08895,947.6254824629136
OUT_08896,143.01801325377266
OUT_08897,305.15818227443987
OUT_08898,1051.2344633131322
OUT_08899,309.0318243975839
OUT_08900,308.65743227274703
OUT_08901,211.64212994044405
OUT_08902,338.5379335303662
OUT_08903,129.50067695676884
OUT_08904,141.6715875797677
OUT_08905,105.27068211066997
OUT_08906,404.6104404166807
OUT_08907,300.3273516348492
OUT_08908,188.15305017817386
OUT_08909,173.96398075357357
OUT_08910,942.6920410947088
OUT_08911,135.42171250646132
OUT_08912,258.5189144418055
OUT_08913,902.7579871753588
OUT_08914,999.892551449718
OUT_08915,124.475376923764
OUT_08916,189.43625703954382
OUT_08917,126.13657920454901
OUT_08918,293.26904653423367
OUT_08919,143.24781176053278
OUT_08920,174.93694787776013
OUT_08921,1173.431253855782
OUT_08922,313.3161766595371
OUT_08923,153.3659829596424
OUT_08924,320.1319909740204
OUT_08925,1055.831277628194
OUT_08926,165.38063122894997
OUT_08927,260.76297384620267
OUT_08928,935.5112403446664
OUT_08929,2009.8020567871315
OUT_08930,185.6994337298169
OUT_08931,153.40169790257434
OUT_08932,96.31971650783574
OUT_08933,300.7454267370237
OUT_08934,264.1500149517988
OUT_08935,385.78928467217963
OUT_08936,272.6288466936542
OUT_08937,170.3411872012379
OUT_08938,1015.2212293534014
OUT_08939,95.91414335405756
OUT_08940,103.78071256469292
OUT_08941,115.99681489859375
OUT_08942,121.98827877186292
OUT_08943,118.74570603078502
OUT_08944,749.2471906185725
OUT_08945,118.4801595763172
OUT_08946,936.7735723640146
OUT_08947,909.9154468954048
OUT_08948,160.68625644815535
OUT_08949,234.3790601236699
OUT_08950,294.9123147596948
OUT_08951,109.76691114215488
OUT_08952,133.88966087206504
OUT_08953,138.27824242286565
OUT_08954,158.03933528058656
OUT_08955,199.3454833040317
OUT_08956,138.91167210923663
OUT_08957,262.01888350161596
OUT_08958,950.3353643383472
OUT_08959,323.8414012540866
OUT_08960,128.01408600074677
OUT_08961,265.0349916942879
OUT_08962,156.22473896665505
OUT_08963,114.7824842179932
OUT_08964,918.7903067450856
OUT_08965,1000.5639978877688
OUT_08966,288.22102752440594
OUT_08967,178.74248280441998
OUT_08968,340.1000685692359
OUT_08969,961.5052729507292
OUT_08970,371.1659423003792
OUT_08971,145.89674485245683
OUT_08972,120.83183296654897
OUT_08973,421.68783208213387
OUT_08974,299.13731103794373
OUT_08975,101.75628201068712
OUT_08976,204.78408357495888
OUT_08977,196.6294245395565
OUT_08978,861.7148760733724
OUT_08979,947.392420423218
OUT_08980,159.09567308861216
OUT_08981,112.05713328726694
OUT_08982,150.59156562800587
OUT_08983,260.4029086891728
OUT_08984,116.22284845316986
OUT_08985,235.2067165871193
OUT_08986,867.9371095903288
OUT_08987,268.3258874656965
OUT_08988,206.91772332340335
OUT_08989,199.81944776210355
OUT_08990,111.35928545269469
OUT_08991,289.1082934078355
OUT_08992,885.4711011898908
OUT_08993,230.98113250279474
OUT_08994,315.06896882356085
OUT_08995,2107.5114662551955
OUT_08996,107.56434497524305
OUT_08997,348.27392384238226
OUT_08998,308.55807809368105
OUT_08999,339.1936151042325
OUT_09000,173.94757465286966
OUT_09001,134.77349803760862
OUT_09002,143.74502706772745
OUT_09003,104.98232131759548
OUT_09004,104.9530588471761
OUT_09005,109.59008806414616
OUT_09006,2048.183063495727
OUT_09007,2092.122936939404
OUT_09008,135.22964015203002
OUT_09009,115.62643726628473
OUT_09010,969.0952395051464
OUT_09011,994.4746116242936
OUT_09012,1946.614937089909
OUT_09013,141.0861774270846
OUT_09014,916.8489665136532
OUT_09015,2187.703217979864
OUT_09016,152.79122189658014
OUT_09017,134.41704952963514
OUT_09018,149.35361719901852
OUT_09019,112.62806443283635
OUT_09020,116.27727761968482
OUT_09021,113.49884089069272
OUT_09022,358.0849748752909
OUT_09023,133.24379281298053
OUT_09024,2200.419230048928
OUT_09025,324.1741871559676
OUT_09026,125.21175517156048
OUT_09027,133.68341723560576
OUT_09028,319.17277651975473
OUT_09029,142.40071418007443
OUT_09030,107.55371371262483
OUT_09031,128.96556667187033
OUT_09032,303.3771653158553
OUT_09033,114.72282370380952
OUT_09034,356.8563773030978
OUT_09035,351.3652426769624
OUT_09036,2247.650074267382
OUT_09037,109.30050195906189
OUT_09038,302.8194263873479
OUT_09039,1025.219927545985
OUT_09041,310.5510087304826
OUT_09042,973.440132630492
OUT_09043,983.2325884008942
OUT_09044,355.85310239180234
OUT_09045,305.7264253526798
OUT_09046,100.63071596406827
OUT_09047,931.5304496953902
OUT_09048,949.4415772062116
OUT_09049,110.59463336088162
OUT_09050,942.5844005309611
OUT_09051,952.7441206720332
OUT_09052,137.77976361813106
OUT_09053,408.6548301560918
OUT_09054,335.9857599671043
OUT_09055,189.4911154806805
OUT_09056,334.096000637947
OUT_09057,301.71521380976526
OUT_09058,947.3441499748744
OUT_09059,136.97264691694738
OUT_09060,116.34810194071017
OUT_09061,139.79299077221444
OUT_09062,119.0129372583532
OUT_09063,141.6759584299707
OUT_09064,949.86813956273
OUT_09065,294.2507709137097
OUT_09066,137.54681007872364
OUT_09067,139.10955680785594
OUT_09068,954.6500278921663
OUT_09069,359.8868663694362
OUT_09070,1023.9448196133364
OUT_09071,1072.7780271725107
OUT_09072,2021.028299670401
OUT_09073,355.8935645178501
OUT_09074,948.5214554651408
OUT_09075,123.49270459175628
OUT_09076,331.0548873019495
OUT_09077,130.162160508886
OUT_09078,355.7781516907576
OUT_09079,334.11524920916247
OUT_09080,110.98252848455456
OUT_09081,960.5088525111934
OUT_09082,149.45229515357033
OUT_09083,278.95870294997627
OUT_09084,134.47192099841487
OUT_09085,131.68422823068076
OUT_09086,108.96688311098917
OUT_09087,99.87671393771552
OUT_09088,134.91708584952335
OUT_09089,982.1484724677337
OUT_09090,317.1422858759654
OUT_09091,323.5333104351244
OUT_09092,111.82512563309693
OUT_09093,967.844215058824
OUT_09094,318.2776950258557
OUT_09095,326.9834991861463
OUT_09096,326.11736266191133
OUT_09097,1018.6579193028834
OUT_09098,124.95901218624093
OUT_09099,305.0187745527193
OUT_09100,290.0981600875718
OUT_09101,288.0593745133948
OUT_09102,303.2242351954469
OUT_09103,123.93898591619373
OUT_09104,964.8059923737028
OUT_09105,144.48504204788435
OUT_09106,294.17751885937014
OUT_09107,137.58252100461397
OUT_09108,360.4739752863711
OUT_09109,180.30281355393754
OUT_09110,906.4121985115755
OUT_09111,2037.807991881412
OUT_09112,376.3466013005224
OUT_09113,166.42187709058186
OUT_09114,291.3173990597739
OUT_09115,132.6854166744664
OUT_09116,262.7415051935476
OUT_09117,325.6051641888651
OUT_09118,167.98533437494578
OUT_09119,274.54434705665994
OUT_09120,916.6270778815864
OUT_09121,134.66849473998457
OUT_09122,964.6522850559757
OUT_09123,326.2420308544609
OUT_09124,139.59370554069537
OUT_09125,111.60133491001444
OUT_09126,144.05324919866692
OUT_09127,125.7981621496974
OUT_09128,326.5564415127658
OUT_09129,119.61040672010468
OUT_09130,114.95960757341126
OUT_09131,299.67448940343223
OUT_09132,245.7028891631125
OUT_09133,107.66002297293318
OUT_09134,1303.470660609212
OUT_09135,113.2881285724317
OUT_09136,137.20088424908863
OUT_09137,128.44291793770844
OUT_09138,177.1987508765739
OUT_09139,297.5946441238803
OUT_09140,118.10412980396109
OUT_09141,118.12939139912194
OUT_09142,390.84354337302864
OUT_09143,310.352824857808
OUT_09144,140.6709501483837
OUT_09145,148.29502262314557
OUT_09146,314.3673867484817
OUT_09147,112.89211493217961
OUT_09148,116.54498509410344
OUT_09149,108.05408399203479
OUT_09150,122.64063344779228
OUT_09151,976.291349012021
OUT_09152,111.3432164744386
OUT_09153,112.08497187406766
OUT_09154,344.0359241919139
OUT_09155,126.21063466421428
OUT_09156,291.7261948972489
OUT_09157,244.39386834794104
OUT_09158,316.34184047455915
OUT_09159,290.85233439048653
OUT_09160,135.37008699382196
OUT_09161,341.5786600620223
OUT_09162,138.48407975005847
OUT_09163,113.18138879047355
OUT_09164,330.41378487899976
OUT_09165,301.842641613151
OUT_09166,150.55982547868385
OUT_09167,293.28510635306674
OUT_09168,143.08934881464745
OUT_09169,124.15281514894508
OUT_09170,898.3233554711233
OUT_09171,110.14037252329221
OUT_09172,341.1316367715591
OUT_09173,104.09359555100103
OUT_09174,342.1128726280085
OUT_09175,337.8218642281244
OUT_09176,109.56792473596343
OUT_09177,130.21472902481565
OUT_09178,190.35585953235565
OUT_09179,135.13917373943303
OUT_09180,266.9852240247058
OUT_09181,285.0503088665802
OUT_09182,328.5449843063373
OUT_09183,938.207413663852
OUT_09184,113.50250409680496
OUT_09185,992.158697603317
OUT_09186,1023.1701997525674
OUT_09187,354.9320954456064
OUT_09188,340.87912915101924
OUT_09189,136.898719963575
OUT_09190,313.1088495733317
OUT_09191,888.9715195815434
OUT_09192,343.6040224119811
OUT_09193,103.86033505527965
OUT_09194,125.94999717654896
OUT_09195,112.06570744606378
OUT_09196,236.87469743548908
OUT_09197,304.9876561759568
OUT_09198,949.367550755991
OUT_09199,125.3407684862222
OUT_09200,915.1248761253112
OUT_09201,300.374158932862
OUT_09202,159.61637489360828
OUT_09203,111.12272083924105
OUT_09204,295.07842006234154
OUT_09205,122.42368535559756
OUT_09206,133.76503975124865
OUT_09207,959.520135365404
OUT_09208,116.0465945678064
OUT_09209,111.80354696808554
OUT_09210,341.3900852870209
OUT_09211,382.4807605384932
OUT_09212,133.73136704708892
OUT_09213,317.0685578615906
OUT_09214,1989.0382883519223
OUT_09215,1247.361625946786
OUT_09216,2015.1009567200144
OUT_09217,946.6236445219726
OUT_09218,115.88720217288822
OUT_09219,278.55659983521497
OUT_09220,288.40191903824103
OUT_09221,2014.3191429383533
OUT_09222,108.59119388518762
OUT_09223,149.6607419270086
OUT_09224,285.91726605530533
OUT_09225,113.1732613924118
OUT_09227,110.89104961266906
OUT_09228,119.96597549662206
OUT_09229,326.70439655394625
OUT_09230,116.5364999435574
OUT_09231,114.3570549435676
OUT_09232,976.687869989563
OUT_09233,971.2950084623284
OUT_09234,104.31047257377129
OUT_09235,116.12618949936616
OUT_09236,998.0575292696652
OUT_09237,137.4660565250723
OUT_09238,307.6962639135484
OUT_09240,119.74319268829156
OUT_09241,302.7548502419075
OUT_09242,164.20492120584962
OUT_09243,927.171115299466
OUT_09244,292.03143511065497
OUT_09245,117.88389147424002
OUT_09246,149.2466073600591
OUT_09247,154.86140217717835
OUT_09248,103.29475202789575
OUT_09249,117.8682352204326
OUT_09250,308.3374507979133
OUT_09251,112.49973482133525
OUT_09252,113.8768677513591
OUT_09253,316.1265767429092
OUT_09254,145.19018237899778
OUT_09255,300.877757478382
OUT_09256,285.796665536851
OUT_09257,2058.370163568657
OUT_09258,138.13228722021887
OUT_09259,969.65439588929
OUT_09260,133.7269365862147
OUT_09261,130.36512572943747
OUT_09262,927.273125278943
OUT_09263,930.3974213631752
OUT_09264,104.49381359923659
OUT_09265,929.7066701123867
OUT_09266,115.08124089308227
OUT_09267,369.56970968376015
OUT_09268,102.1497009903013
OUT_09269,167.78648798315737
OUT_09270,114.00377123116468
OUT_09271,284.2458684585676
OUT_09272,284.7606211685205
OUT_09273,134.0864419991899
OUT_09274,2095.927413629374
OUT_09275,2881.757717856949
OUT_09276,114.83073599004251
OUT_09277,289.637172954666
OUT_09278,173.9405806869118
OUT_09279,134.5844023904496
OUT_09280,112.72492027450009
OUT_09281,144.83772325460856
OUT_09282,124.35902872961675
OUT_09283,324.2805418191665
OUT_09284,309.29288205311224
OUT_09285,140.17260408758906
OUT_09286,324.61694660116416
OUT_09287,121.54781935934292
OUT_09288,957.1900132265564
OUT_09289,252.41025124462962
OUT_09290,129.51161774965993
OUT_09291,299.1842785048844
OUT_09292,155.41432780821557
OUT_09293,295.89658841680654
OUT_09294,330.56367040304053
OUT_09295,143.99032800780384
OUT_09296,108.21893426009291
OUT_09297,915.2766611531945
OUT_09298,121.96573890057996
OUT_09299,118.29642745680445
OUT_09300,109.27976758092132
OUT_09301,318.4869579717581
OUT_09302,290.2498546848367
OUT_09303,2015.5223464269668
OUT_09304,966.3571225877172
OUT_09305,138.0440068893368
OUT_09306,134.6950514575698
OUT_09307,1028.9039716135103
OUT_09308,136.3986658176961
OUT_09309,231.67307433784396
OUT_09310,2060.0227642009745
OUT_09311,138.63800979360872
OUT_09312,108.61081614645983
OUT_09313,137.819120544014
OUT_09314,342.2903439614778
OUT_09315,286.1816162726915
OUT_09316,339.7494858769043
OUT_09317,988.4664296588368
OUT_09318,963.4690395275854
OUT_09319,328.84200168332325
OUT_09320,996.3761770857352
OUT_09321,108.95902805188886
OUT_09322,150.6639959801956
OUT_09323,1989.6521807718232
OUT_09324,290.46558174431993
OUT_09325,113.81221093025654
OUT_09326,135.77205893429812
OUT_09327,128.9014089670934
OUT_09328,113.49133351294502
OUT_09329,115.41314887931462
OUT_09330,122.89351385990894
OUT_09331,312.1903255682822
OUT_09332,998.7228353774988
OUT_09333,109.02816231868506
OUT_09334,133.04579785764025
OUT_09335,120.58665439398104
OUT_09336,987.3392594204496
OUT_09337,113.82473182782302
OUT_09338,135.0099802607332
OUT_09339,173.56285496533448
OUT_09340,913.1074042910376
OUT_09341,184.9035982810892
OUT_09342,948.734575907542
OUT_09343,354.86824421685185
OUT_09344,304.58456567060864
OUT_09345,134.75748752693943
OUT_09346,106.8323120361668
OUT_09347,378.641099768673
OUT_09348,184.41213544282
OUT_09349,281.6604085077625
OUT_09350,107.34108092464723
OUT_09351,294.4760418873172
OUT_09352,198.95108978915079
OUT_09353,106.23196441344244
OUT_09354,905.205864484843
OUT_09355,308.8443398223519
OUT_09356,117.16238725363664
OUT_09357,961.896817148616
OUT_09358,130.4693084133557
OUT_09359,105.70654377117536
OUT_09360,116.89343805585548
OUT_09361,225.15633122862482
OUT_09362,149.49328075197673
OUT_09363,111.40437282646337
OUT_09364,123.09993325022693
OUT_09365,973.9748075423956
OUT_09366,142.83583772602935
OUT_09367,155.24218745982347
OUT_09368,128.4813866303989
OUT_09369,1960.73869486006
OUT_09370,283.9071829977304
OUT_09371,144.17660402304185
OUT_09372,318.0359736282237
OUT_09373,270.47603049098905
OUT_09374,145.62124859788594
OUT_09375,138.99266535300222
OUT_09376,166.2211656846178
OUT_09377,878.7426816446092
OUT_09378,126.65916078926132
OUT_09379,277.0594696684732
OUT_09380,317.96088463283377
OUT_09381,153.33593637041434
OUT_09382,284.5195593159007
OUT_09383,339.5145554400971
OUT_09384,106.41532767859559
OUT_09385,341.4376251996148
OUT_09386,326.9345846742734
OUT_09387,143.7852320712342
OUT_09388,283.21918504613785
OUT_09389,107.49220770221093
OUT_09390,2025.8085502509623
OUT_09391,312.66139275569753
OUT_09392,103.5789552888106
OUT_09393,109.27976758092132
OUT_09394,336.86516825684294
OUT_09395,150.85395111990508
OUT_09396,558.9494928454401
OUT_09397,308.2950990603022
OUT_09398,302.44943879867054
OUT_09399,334.8018407282447
OUT_09400,1401.4062404799645
OUT_09401,351.72035354366216
OUT_09402,112.49006067660889
OUT_09403,165.58609687923175
OUT_09404,287.2103536954558
OUT_09405,349.6086772555475
OUT_09406,119.63965323050734
OUT_09407,997.0285737362152
OUT_09408,133.0788839555433
OUT_09409,145.20556995891377
OUT_09410,950.0811491072776
OUT_09411,370.8197593671068
OUT_09412,105.77042855370233
OUT_09413,120.8753694102599
OUT_09414,303.6347399036175
OUT_09415,111.6634258167743
OUT_09416,170.8069075236412
OUT_09417,302.5271591651636
OUT_09418,324.09405816249216
OUT_09419,162.60858382616505
OUT_09420,133.2921140223513
OUT_09421,200.0133552514048
OUT_09422,1963.4543886613144
OUT_09423,250.9809781004255
OUT_09424,410.4775368977666
OUT_09425,290.58630903740385
OUT_09426,138.49963432211564
OUT_09427,330.94758669645694
OUT_09428,212.52558918333625
OUT_09429,298.1192027435222
OUT_09430,375.61433210691536
OUT_09431,144.51527919576944
OUT_09432,127.36337262014044
OUT_09433,292.8714096626773
OUT_09434,120.39730880689868
OUT_09435,131.09431758767172
OUT_09436,366.19827424797336
OUT_09437,135.84671913903534
OUT_09438,118.64678600864367
OUT_09439,281.28653846484025
OUT_09440,113.67611822460636
OUT_09441,110.75690069942075
OUT_09442,317.357233747102
OUT_09443,111.11018838621489
OUT_09444,113.7548744965498
OUT_09445,2025.362020240833
OUT_09446,286.0994568867503
OUT_09447,307.9269132152661
OUT_09448,975.8779712687718
OUT_09449,163.10833706351426
OUT_09450,900.9706027127507
OUT_09451,346.53021797901687
OUT_09452,242.51181165339443
OUT_09453,129.61116029205272
OUT_09454,110.22363557340992
OUT_09455,340.55341483305324
OUT_09456,110.10813006200308
OUT_09457,121.69708446722132
OUT_09458,337.0523844172884
OUT_09459,115.68098192830817
OUT_09460,252.42559590856433
OUT_09461,284.19783032400386
OUT_09462,114.70257421447725
OUT_09463,955.6115650988384
OUT_09464,146.36410297903598
OUT_09465,132.0106366234858
OUT_09466,313.73031471092776
OUT_09469,896.4940214722463
OUT_09470,302.33088811961306
OUT_09471,363.97854066963504
OUT_09472,155.16366136509632
OUT_09473,134.043411315645
OUT_09474,142.60793733215536
OUT_09475,287.58947382408286
OUT_09476,888.3737225638936
OUT_09477,913.926831306106
OUT_09478,129.8934330247228
OUT_09479,431.2883168800749
OUT_09480,302.58602331090697
OUT_09481,314.5435450013897
OUT_09482,1978.000392654349
OUT_09483,109.29038223922888
OUT_09484,905.879872077298
OUT_09485,144.86289428161714
OUT_09486,150.34412955127956
OUT_09487,959.8646219737734
OUT_09488,115.51211341114096
OUT_09489,172.55481267083223
OUT_09490,134.34542447692496
OUT_09491,922.5577812111106
OUT_09492,301.4588183439588
OUT_09493,238.98488251517782
OUT_09494,112.1275087677894
OUT_09495,275.4663261048904
OUT_09496,139.61349101275192
OUT_09497,114.40665555484263
OUT_09498,285.88733365760726
OUT_09499,115.38344345674025
OUT_09500,158.8092971322978
OUT_09501,2895.886738877463
OUT_09502,118.65011458292238
OUT_09503,190.2291853961929
OUT_09504,129.85938539874363
OUT_09505,307.37669034410214
OUT_09506,110.25763466126878
OUT_09507,342.77056246389
OUT_09508,313.69620649404703
OUT_09509,993.5558641141278
OUT_09510,311.81433014373
OUT_09511,196.20819201342596
OUT_09512,113.75203122383843
OUT_09513,108.59893798308458
OUT_09514,131.99466850749883
OUT_09515,1411.6071187744226
OUT_09516,134.90263483950184
OUT_09517,147.16308044385417
OUT_09518,287.4702303340104
OUT_09519,894.3947987973006
OUT_09520,274.1267172462828
OUT_09521,135.84645753709142
OUT_09522,135.28351715141517
OUT_09523,1949.9776187329005
OUT_09524,323.4697425350338
OUT_09525,340.9268949463124
OUT_09526,111.78670344467349
OUT_09527,112.82232552664853
OUT_09528,126.1127366780314
OUT_09529,324.82411579066337
OUT_09530,154.96738800677227
OUT_09531,140.65330008256106
OUT_09532,135.22937593895432
OUT_09533,2009.939634304841
OUT_09534,124.16323013293716
OUT_09535,146.66659943369768
OUT_09536,114.34747231514581
OUT_09537,291.495553241783
OUT_09538,157.0769277956083
OUT_09539,132.95567978481807
OUT_09540,921.4207214701398
OUT_09541,291.5964293032942
OUT_09542,285.83789365001536
OUT_09543,368.5965838364002
OUT_09544,108.76512731873089
OUT_09545,320.1593358468411
OUT_09546,132.31278554553467
OUT_09547,295.4153207122114
OUT_09548,964.0264916471294
OUT_09549,127.96560120693289
OUT_09550,283.0112479683676
OUT_09551,334.2684233794813
OUT_09552,925.2610743773118
OUT_09553,293.1293794445836
OUT_09554,116.42468717625466
OUT_09555,117.7286895734002
OUT_09556,104.77631017987059
OUT_09557,114.54627231221384
OUT_09558,112.60585800403175
OUT_09559,332.2184255346595
OUT_09560,106.3831293727618
OUT_09561,205.52646465613128
OUT_09562,116.15253522198742
OUT_09563,162.5570067635245
OUT_09564,344.07948004486974
OUT_09565,113.75593704966802
OUT_09566,136.20932219226745
OUT_09567,343.067977175876
OUT_09568,924.182190251893
OUT_09569,380.17865505348345
OUT_09570,961.0127566200384
OUT_09571,154.95450429364735
OUT_09572,291.29743705163077
OUT_09573,329.18716472407675
OUT_09574,380.399844846789
OUT_09575,111.68629968596015
OUT_09576,1008.6668782957196
OUT_09577,116.30987515212192
OUT_09578,290.51931875610194
OUT_09579,911.4416237225919
OUT_09580,126.89886384952052
OUT_09581,1019.7193710930956
OUT_09582,2009.9669087751367
OUT_09583,946.7797733741604
OUT_09584,122.26851168424966
OUT_09585,1011.0634754418752
OUT_09586,2036.3233421395475
OUT_09587,157.45826108361584
OUT_09588,282.72924556287677
OUT_09589,294.8560474502461
OUT_09590,314.99409046852287
OUT_09591,324.595986648635
OUT_09592,2044.581390554327
OUT_09593,122.47035648727297
OUT_09594,283.13786734550035
OUT_09595,337.4180432626359
OUT_09596,129.0646307098506
OUT_09597,317.95594686012447
OUT_09598,223.3246943726731
OUT_09599,108.71823740098591
OUT_09600,993.786853336339
OUT_09601,139.02988430392136
OUT_09602,113.22365768359906
OUT_09603,1143.0016733581838
OUT_09604,165.01382565808117
OUT_09605,335.0539297133895
OUT_09606,373.7290467645941
OUT_09607,890.117635530118
OUT_09608,2067.608255076248
OUT_09609,130.90146064142198
OUT_09610,288.90805401461193
OUT_09611,114.20416407392112
OUT_09612,114.36125671558608
OUT_09613,124.98997954735736
OUT_09614,1157.9973784439858
OUT_09615,280.29258053577456
OUT_09616,110.18877756327457
OUT_09617,114.84035876485066
OUT_09618,326.1312058939481
OUT_09619,136.6814587827414
OUT_09620,322.9362132337004
OUT_09621,111.60530360496985
OUT_09622,347.36468955445656
OUT_09624,115.60504682349816
OUT_09625,120.67296762469626
OUT_09626,337.0867242473755
OUT_09627,309.39393529601415
OUT_09628,161.84604378681988
OUT_09629,281.80410070287485
OUT_09630,105.97704773995224
OUT_09631,376.1801379801614
OUT_09632,121.01338672160033
OUT_09633,287.47081576452985
OUT_09634,1928.887223624272
OUT_09635,280.4202941014075
OUT_09636,984.9721824737456
OUT_09637,1076.6816211270348
OUT_09638,94.76418827794961
OUT_09639,158.8385995294244
OUT_09640,124.82879150320406
OUT_09641,116.75457639610768
OUT_09642,102.46632810511582
OUT_09643,348.26240970513817
OUT_09644,123.37480322763474
OUT_09645,107.42201585606156
OUT_09646,115.85063578654871
OUT_09647,284.0034243255446
OUT_09648,879.3325837772439
OUT_09649,283.264647238121
OUT_09650,112.22525072613665
OUT_09651,168.44621260587908
OUT_09652,131.1919442372456
OUT_09653,265.83126156193015
OUT_09654,323.91953441655227
OUT_09655,110.18877756327457
OUT_09656,961.9073331601256
OUT_09657,128.92330747047978
OUT_09658,112.22935433829048
OUT_09659,110.18877756327457
OUT_09660,316.6498009683208
OUT_09661,293.146070803735
OUT_09662,127.62074659389684
OUT_09663,128.19798448165776
OUT_09664,134.07037889534254
OUT_09665,272.2004497480874
OUT_09666,107.00456519750995
OUT_09667,326.07620941808847
OUT_09668,293.95772913402027
OUT_09669,217.48146719958444
OUT_09670,317.5685859852712
OUT_09671,295.8077768033611
OUT_09672,123.87511830111336
OUT_09673,315.9000957883531
OUT_09674,135.91940170732246
OUT_09675,112.8647091588547
OUT_09676,311.85261558358366
OUT_09677,117.19495148124656
OUT_09678,112.01091420645982
OUT_09679,182.60790140378973
OUT_09680,346.2143981109869
OUT_09681,110.53420848370186
OUT_09682,948.1693072849029
OUT_09683,345.414083026226
OUT_09684,140.19104859164213
OUT_09685,139.36056738380495
OUT_09686,111.43450781338804
OUT_09687,135.5323358881481
OUT_09688,376.2448438766943
OUT_09689,131.58936879355002
OUT_09690,154.61386372703748
OUT_09691,122.94990435069768
OUT_09692,124.07459684875958
OUT_09693,347.9698902640497
OUT_09694,915.7333191539318
OUT_09695,305.7641596811144
OUT_09696,150.64060715667844
OUT_09697,350.2547882764335
OUT_09698,294.0886526092488
OUT_09699,168.3873620143122
OUT_09700,104.09359555100103
OUT_09701,150.9997624359739
OUT_09702,106.82289465825052
OUT_09703,116.93699399210612
OUT_09704,157.86846594796984
OUT_09705,276.0566536702883
OUT_09706,92.9081438834856
OUT_09707,2158.24889002878
OUT_09708,109.22542597812532
OUT_09709,184.07616133065795
OUT_09710,2019.687547299149
OUT_09711,315.5375221947996
OUT_09712,329.7652360742457
OUT_09713,139.12113963467203
OUT_09714,172.85372082032995
OUT_09715,1969.7788244531384
OUT_09716,985.1501128132032
OUT_09717,1014.4947033989127
OUT_09718,980.1609296651473
OUT_09719,924.7702932957237
OUT_09720,105.37995870938343
OUT_09721,287.8530584191827
OUT_09722,120.8066694603211
OUT_09723,327.6653411815526
OUT_09724,111.61878891894467
OUT_09725,113.01768976348367
OUT_09726,111.38445959072956
OUT_09727,1995.3545179225016
OUT_09728,162.0192339766856
OUT_09729,162.4640128367501
OUT_09731,2160.050693911769
OUT_09732,118.76136950243901
OUT_09733,104.682640342101
OUT_09734,121.1195326042716
OUT_09735,145.55547039702125
OUT_09736,287.895220034053
OUT_09737,112.49371483616208
OUT_09738,114.06269402889504
OUT_09739,144.29205555210137
OUT_09740,107.9038279598119
OUT_09741,109.9987415803345
OUT_09742,312.2708641985968
OUT_09743,148.7061100767307
OUT_09744,160.23600355761744
OUT_09745,133.47460716403887
OUT_09746,138.88673678391118
OUT_09747,218.01076657870726
OUT_09748,917.840160183384
OUT_09749,215.35077349776412
OUT_09750,2056.3668816751624
OUT_09751,140.90188944132842
OUT_09752,122.41455181691992
OUT_09753,154.61235663737284
OUT_09754,353.93700241612544
OUT_09755,844.7353452398811
OUT_09756,289.2142046947019
OUT_09757,152.0123142262803
OUT_09758,340.16680978809904
OUT_09759,150.79599448318368
OUT_09760,120.67333448632942
OUT_09761,340.59785574147196
OUT_09762,942.4272619821162
OUT_09763,1283.293072451452
OUT_09764,330.3027561067116
OUT_09765,118.0857320843856
OUT_09766,276.6468845355158
OUT_09767,160.09258988214913
OUT_09768,958.8779373628568
OUT_09769,117.5498178054808
OUT_09770,295.6619949078525
OUT_09771,149.97329368439298
OUT_09772,912.2745324629132
OUT_09773,341.20017864998596
OUT_09774,981.0914151561012
OUT_09775,112.73326397702617
OUT_09776,147.86410498374894
OUT_09777,309.00563506454387
OUT_09778,1979.6273048907008
OUT_09779,357.95130879667494
OUT_09780,2030.865067635214
OUT_09781,126.26698216968336
OUT_09782,316.1193765012622
OUT_09783,978.3829518262884
OUT_09784,345.5822816820983
OUT_09785,104.98232131759548
OUT_09786,316.4053890153411
OUT_09787,994.481627504776
OUT_09788,929.668248561321
OUT_09789,310.84348914086826
OUT_09790,145.03854235560374
OUT_09791,121.6683820640818
OUT_09792,912.2163074415316
OUT_09793,136.98418914980593
OUT_09794,147.20770054609596
OUT_09795,968.3691669368222
OUT_09796,112.13944518224775
OUT_09797,155.337863823628
OUT_09798,343.9180435189779
OUT_09799,292.4240131830742
OUT_09800,137.51328911122783
OUT_09801,111.70322276443484
OUT_09802,335.4897656281743
OUT_09803,140.74108304358535
OUT_09804,112.30645392418036
OUT_09805,140.49251847466635
OUT_09806,814.1485299838054
OUT_09807,324.62836652321084
OUT_09808,974.7436607126172
OUT_09809,130.90902243721646
OUT_09810,128.06802953199323
OUT_09811,926.3760543949654
OUT_09812,1949.7529959069807
OUT_09813,906.1114046502495
OUT_09814,123.0900730839569
OUT_09815,335.837549522617
OUT_09816,203.56651473497294
OUT_09817,1953.010562169815
OUT_09818,154.21706784388672
OUT_09819,142.54767655591317
OUT_09820,114.39650259055686
OUT_09821,109.70763706994472
OUT_09822,110.3451693898732
OUT_09823,334.0517292046815
OUT_09824,123.02283960836814
OUT_09825,108.02867276216661
OUT_09826,148.57776921773888
OUT_09827,290.9359429368937
OUT_09828,324.1050717939024
OUT_09829,941.2877664059864
OUT_09830,303.6942988773354
OUT_09831,148.81158790487237
OUT_09832,137.79655822578502
OUT_09833,129.8807581072414
OUT_09834,123.33936139208087
OUT_09835,287.4919884619954
OUT_09836,154.53310359781858
OUT_09837,2158.1119500124887
OUT_09838,111.75769112460816
OUT_09839,138.22687912025623
OUT_09840,920.5702673546652
OUT_09841,111.85211373470291
OUT_09842,132.75547448284618
OUT_09843,111.17272978994203
OUT_09844,122.23004948877949
OUT_09845,135.62877712699594
OUT_09846,152.57459850743612
OUT_09847,341.5518335684128
OUT_09848,339.83405766417434
OUT_09849,148.16356364833075
OUT_09850,138.62007956471905
OUT_09851,283.71205589115675
OUT_09852,302.8008229647451
OUT_09853,111.16256287715262
OUT_09854,130.10784861099154
OUT_09855,119.99936144081113
OUT_09856,139.49476044067717
OUT_09857,330.53195238753926
OUT_09858,147.5347777180069
OUT_09859,949.115209573356
OUT_09860,113.46642580865118
OUT_09861,908.0251988690686
OUT_09862,371.199338254168
OUT_09863,285.50433736450105
OUT_09864,147.15254921208708
OUT_09865,153.8897498273883
OUT_09866,116.33647077992497
OUT_09867,371.05792959415686
OUT_09868,960.2949478323094
OUT_09869,105.26410344042115
OUT_09870,284.8043615681601
OUT_09871,351.6385546195605
OUT_09872,129.5332644450044
OUT_09873,105.73581745883321
OUT_09874,948.1788788157093
OUT_09875,123.67943968437851
OUT_09876,303.96310443915735
OUT_09877,1010.6244359344712
OUT_09878,109.99929689493874
OUT_09879,147.33595193215467
OUT_09880,110.75829338046783
OUT_09881,320.3011677544777
OUT_09882,361.9390797044892
OUT_09883,284.2130785305374
OUT_09884,111.45997257752991
OUT_09885,160.32714617532977
OUT_09886,118.03021067796745
OUT_09887,306.7746149860149
OUT_09888,122.23885907279484
OUT_09889,108.70812240438379
OUT_09890,295.46571868542395
OUT_09891,128.3186572024115
OUT_09892,122.51377280381867
OUT_09893,302.2999332688985
OUT_09894,137.38651150171225
OUT_09895,118.39888094537623
OUT_09896,345.11202391565183
OUT_09897,144.95848353362277
OUT_09898,114.78877401550542
OUT_09899,131.11389586306464
OUT_09900,350.77578765931
OUT_09901,115.37104675012137
OUT_09902,160.83618297181755
OUT_09903,2122.210805319837
OUT_09904,113.81309119231285
OUT_09905,115.91617843510872
OUT_09906,153.458598776658
OUT_09907,302.82231418349835
OUT_09908,283.8195540577853
OUT_09909,105.57315794677741
OUT_09910,115.31546076596028
OUT_09911,926.1939124172163
OUT_09912,992.6432761035506
OUT_09913,363.0434247942534
OUT_09914,938.6570307454988
OUT_09915,314.16038461100766
OUT_09916,330.6811683050662
OUT_09917,257.0330929018224
OUT_09918,161.662916206178
OUT_09919,141.91967339024544
OUT_09920,176.83749713466784
OUT_09921,107.28705959619354
OUT_09922,1981.5258674369493
OUT_09923,104.2812273382051
OUT_09924,323.0527962088024
OUT_09925,328.665485140251
OUT_09926,131.4063549909528
OUT_09927,344.6268131866913
OUT_09928,115.51394998766035
OUT_09929,291.31880237272253
OUT_09930,307.5716234278439
OUT_09931,146.96119247037927
OUT_09932,339.69229304599924
OUT_09933,1978.8140913396244
OUT_09934,948.0748302453834
OUT_09935,947.9191907019792
OUT_09936,217.77322718406637
OUT_09937,965.8633186409866
OUT_09938,111.24507508087709
OUT_09939,279.91805332515924
OUT_09940,120.41254947687806
OUT_09941,143.63931968722522
OUT_09942,110.16849334751576
OUT_09943,301.6259014974472
OUT_09944,109.13429424033039
OUT_09945,104.09359555100103
OUT_09946,995.7267217691208
OUT_09947,293.72673520984546
OUT_09948,110.49641485705769
OUT_09949,134.3914422090798
OUT_09951,156.50208429997502
OUT_09952,941.857758834596
OUT_09953,306.84949385577505
OUT_09954,117.83187383850593
OUT_09955,119.57954193287567
OUT_09956,320.7824277012512
OUT_09957,281.713956456819
OUT_09958,106.29659103147884
OUT_09959,316.2144892094384
OUT_09960,123.62252980272356
OUT_09961,984.6617425617368
OUT_09962,264.1715684955904
OUT_09963,941.926754629277
OUT_09964,315.9522987366477
OUT_09965,123.12575663405393
OUT_09966,969.7180432242836
OUT_09967,133.96023050214708
OUT_09968,318.8309471218856
OUT_09969,167.45063439639722
OUT_09970,121.6552762164592
OUT_09971,132.92686088277532
OUT_09972,349.0175810529473
OUT_09973,368.10158155763116
OUT_09974,141.92206944628364
OUT_09975,172.3462347545805
OUT_09976,101.1006068655677
OUT_09977,979.49327217569
OUT_09978,295.25930190445297
OUT_09979,903.4070134082108
OUT_09980,121.29396140213188
OUT_09981,110.67095460890751
OUT_09982,2038.3505407905768
OUT_09983,136.1992817202384
OUT_09984,319.3951335744806
OUT_09985,365.5491670081364
OUT_09986,286.0103470634337
OUT_09987,923.5963079947728
OUT_09988,315.8499550513673
OUT_09989,957.502023962726
OUT_09990,286.1111745839496
OUT_09991,115.45705999328801
OUT_09992,252.01308170910735
OUT_09993,140.25595516379417
OUT_09994,136.96448520708853
OUT_09995,115.04682984362289
OUT_09996,278.04855191762005
OUT_09997,295.3114494071183
OUT_09998,362.22042226070704
OUT_09999,146.0822081562032
OUT_10000,315.0455677658293
OUT_10001,112.46218233647112
OUT_10002,328.972463426802
OUT_10003,290.3161976673622
OUT_10004,188.09938407531823
OUT_10005,160.21736004521551
OUT_10006,921.8522715802553
OUT_10007,2081.5372539697178
OUT_10008,159.61874833547324
OUT_10009,294.8710988629415
OUT_10010,141.69694204707142
OUT_10011,993.6648796360948
OUT_10012,110.85795305526604
OUT_10013,153.7028584496309
OUT_10014,117.98266408533917
OUT_10015,200.02384675451492
OUT_10016,145.03570086273552
OUT_10017,330.2492199808908
OUT_10018,203.73785729814816
OUT_10019,303.842980766958
OUT_10020,137.07526726836176
OUT_10021,295.92357400484093
OUT_10022,284.67488556522375
OUT_10023,2994.567794554844
OUT_10024,157.66282798115645
OUT_10025,292.8418709802237
OUT_10026,322.3790396378296
OUT_10027,136.38934639341437
OUT_10028,210.9456102863028
OUT_10029,134.89905567253334
OUT_10030,287.82452126539533
OUT_10032,131.9030043929787
OUT_10033,126.86661527954848
OUT_10034,954.4064539105816
OUT_10035,122.67097533040658
OUT_10036,334.8431388765171
OUT_10037,313.56419783197765
OUT_10038,344.66403777897915
OUT_10039,131.9502892170678
OUT_10040,350.0374828755952
OUT_10041,991.0253874398826
OUT_10042,917.9149822727852
OUT_10043,288.8607720245286
OUT_10044,113.92656487003934
OUT_10045,122.14604075600326
OUT_10046,344.8277024418465
OUT_10047,132.49486470542553
OUT_10048,965.0442608639216
OUT_10049,109.76567435563074
OUT_10050,119.40789795682491
OUT_10051,2136.6267677971787
OUT_10052,126.70788607103431
OUT_10053,125.196709026551
OUT_10054,118.24053696710202
OUT_10055,997.3435066998776
OUT_10056,107.64382969510021
OUT_10057,329.5749763892177
OUT_10058,948.5939240048568
OUT_10059,107.22424561187263
OUT_10060,914.9621375150512
OUT_10061,152.26273421736445
OUT_10062,369.5414574881749
OUT_10063,435.37301027358177
OUT_10064,356.1355250272898
OUT_10065,142.5910408152638
OUT_10066,125.82169059135028
OUT_10067,345.4227423487039
OUT_10068,329.9449468767551
OUT_10069,282.25114756357254
OUT_10070,117.51616623624004
OUT_10071,126.13795494729985
OUT_10072,107.61623010301084
OUT_10073,108.93976181108499
OUT_10074,346.8801667042169
OUT_10075,130.5317859874114
OUT_10076,968.8528654610736
OUT_10077,128.34580992976342
OUT_10078,304.5031702678889
OUT_10079,111.44321846605511
OUT_10080,204.81796069276126
OUT_10081,117.40697953059015
OUT_10082,321.6684558448785
OUT_10083,312.3701206490572
OUT_10084,112.07231682935645
OUT_10085,146.85917999884003
OUT_10086,285.9317553564798
OUT_10087,113.81634615843508
OUT_10088,963.8685807360112
OUT_10089,332.67527291036413
OUT_10090,917.5639959684365
OUT_10091,303.2052326643823
OUT_10092,145.48269412407012
OUT_10093,142.80663187891227
OUT_10094,152.28879055718366
OUT_10095,271.0321748594789
OUT_10096,912.4491431434728
OUT_10097,146.85949109331835
OUT_10098,109.01914815467512
OUT_10099,114.31098038754199
OUT_10100,151.97434858411563
OUT_10101,294.43744727346444
OUT_10102,118.99445537658049
OUT_10103,286.19511573889815
OUT_10104,1028.589298767124
OUT_10105,1992.564282397297
OUT_10106,137.012152411613
OUT_10107,963.0836363393264
OUT_10108,962.748818032912
OUT_10109,118.08396739925207
OUT_10110,286.7133526630999
OUT_10111,373.1342640876311
OUT_10112,139.50714279011564
OUT_10113,101.09281237131657
OUT_10114,406.07590627820696
OUT_10115,133.56055924284718
OUT_10116,1929.85081819269
OUT_10117,150.19905680234535
OUT_10118,103.84281495024295
OUT_10119,277.8190935924094
OUT_10120,310.7021545869741
OUT_10121,380.4038990346965
OUT_10122,109.38001173090186
OUT_10123,282.2473285861017
OUT_10124,1061.3176502992633
OUT_10125,115.76651701216038
OUT_10126,117.89571544895855
OUT_10127,274.93768591661967
OUT_10128,334.2036993113776
OUT_10129,192.31955446016548
OUT_10130,977.5864487765424
OUT_10131,1983.132364143974
OUT_10132,311.6929251642689
OUT_10133,354.8473444068741
OUT_10134,1007.7958114103004
OUT_10135,147.75612907113955
OUT_10136,139.17657162366788
OUT_10137,145.5726451303574
OUT_10138,111.76583724196242
OUT_10139,294.4208010872123
OUT_10140,951.2938632831116
OUT_10141,300.35978039627923
OUT_10142,2097.069415578908
OUT_10143,109.54860779352109
OUT_10144,319.10688609880435
OUT_10145,303.02291702153866
OUT_10146,288.68565605296607
OUT_10147,113.940734527667
OUT_10148,294.3539594393151
OUT_10149,312.3936785000067
OUT_10150,114.40871728460299
OUT_10151,110.29985673564997
OUT_10152,170.40340570892033
OUT_10153,288.3934864586365
OUT_10154,313.3399194699381
OUT_10155,297.5848062344698
OUT_10156,124.68862709266176
OUT_10157,908.4461348828145
OUT_10158,144.48654002545285
OUT_10159,1000.587724712056
OUT_10160,334.6464969096814
OUT_10161,288.78714418494246
OUT_10162,111.80193634631168
OUT_10163,347.41096211675574
OUT_10164,920.5373198277513
OUT_10165,912.9517867493455
OUT_10166,116.69956578491242
OUT_10167,997.7851976078382
OUT_10168,959.4497760857224
OUT_10169,114.86742584381045
OUT_10170,200.44977625740137
OUT_10171,301.1492572166255
OUT_10172,156.40455401067808
OUT_10173,261.8256479410885
OUT_10174,2098.932052830712
OUT_10175,285.33767760846297
OUT_10176,133.67811126374147
OUT_10177,356.3499099041242
OUT_10178,921.9286434385501
OUT_10179,324.64798138774637
OUT_10180,306.27815910815366
OUT_10181,1028.0407310197795
OUT_10182,393.892155361753
OUT_10183,870.0975008848142
OUT_10184,901.4363548156664
OUT_10185,1236.7892912977627
OUT_10186,108.93209473804608
OUT_10187,319.88251634504104
OUT_10188,334.22169787654184
OUT_10189,136.9358088358626
OUT_10190,855.4257910532041
OUT_10191,89.60498153620019
OUT_10192,319.69168114761294
OUT_10193,971.423225945354
OUT_10194,138.49608646694188
OUT_10195,320.0602682129573
OUT_10196,1390.1677034170084
OUT_10197,134.67427424819277
OUT_10198,127.27596866347852
OUT_10199,477.0139314463464
OUT_10200,142.8374865827268
OUT_10201,132.41785012191372
OUT_10202,302.4575037806026
OUT_10203,172.26868814202638
OUT_10204,287.30993942608296
OUT_10205,116.69554516603262
OUT_10206,905.7284414386859
OUT_10207,305.5862661224596
OUT_10208,1012.6300140087396
OUT_10209,292.98785154267085
OUT_10210,307.53651372875345
OUT_10211,288.6775803390724
OUT_10212,349.8975723331811
OUT_10213,1951.599103073217
OUT_10214,322.6491493274588
OUT_10215,2071.898819040046
OUT_10216,138.46713244757382
OUT_10217,347.63168223565305
OUT_10218,964.2568486159493
OUT_10219,104.7354095423307
OUT_10220,257.4360072275658
OUT_10221,112.64360978622024
OUT_10222,327.6200795610875
OUT_10223,123.57518666433288
OUT_10224,116.3032431184925
OUT_10225,146.01152471695008
OUT_10226,313.7959195119856
OUT_10227,905.9150476217492
OUT_10228,116.7983538622473
OUT_10229,1017.612392955668
OUT_10230,110.58200132415179
OUT_10231,961.0810885392516
OUT_10232,133.985208945438
OUT_10233,303.4316520273427
OUT_10234,304.5242614648263
OUT_10235,969.5604497791876
OUT_10236,140.81044660499637
OUT_10237,314.8341422748125
OUT_10238,331.0782200489921
OUT_10239,336.0217178152236
OUT_10240,343.1810591291645
OUT_10241,120.88328825727976
OUT_10242,309.7385860955348
OUT_10243,990.9279818186918
OUT_10244,2186.5835793052825
OUT_10245,111.64810228783396
OUT_10246,273.00328174615095
OUT_10247,323.4746608639554
OUT_10248,1049.9263474259756
OUT_10249,285.80086647682054
OUT_10250,1305.5044083465416
OUT_10251,137.16194006346944
OUT_10252,145.2781728718689
OUT_10253,303.3626004381373
OUT_10254,970.3768076981968
OUT_10255,110.49103560506268
OUT_10256,297.420451960787
OUT_10257,112.78532551095874
OUT_10258,111.19624610747321
OUT_10259,960.9243256960448
OUT_10260,970.7050091187244
OUT_10261,145.71641286059617
OUT_10262,939.7059847111692
OUT_10263,324.9552869533964
OUT_10264,125.75057426434509
OUT_10265,342.79075564030967
OUT_10266,283.06767233739885
OUT_10267,341.2012577611935
OUT_10268,918.398946894286
OUT_10269,147.88778812078775
OUT_10270,123.65174435335578
OUT_10271,109.8957159803818
OUT_10272,112.71646484686926
OUT_10273,108.83952853268416
OUT_10274,966.7221472309084
OUT_10275,306.0802996001911
OUT_10276,123.98114743000924
OUT_10277,110.1065918046451
OUT_10278,108.66441999456929
OUT_10279,294.8970959386619
OUT_10280,145.70927483629995
OUT_10281,139.28098821386652
OUT_10282,980.6222673028236
OUT_10283,1014.9584930282494
OUT_10284,280.0366646728539
OUT_10285,134.676133175552
OUT_10286,344.36939308905863
OUT_10287,329.9666480050356
OUT_10288,355.1027341618829
OUT_10289,110.92515946888115
OUT_10290,138.01374053947745
OUT_10291,928.1523423165996
OUT_10292,287.23490821745827
OUT_10293,159.40298386234934
OUT_10294,2075.989940781215
OUT_10295,141.318303171575
OUT_10296,319.24078701669737
OUT_10297,333.1050614019747
OUT_10298,276.7246621676791
OUT_10299,2021.3065677562013
OUT_10300,114.14542639562978
OUT_10301,299.92148987513684
OUT_10302,994.5203857403268
OUT_10303,934.5891700275253
OUT_10304,388.6926660618242
OUT_10305,132.8780531153543
OUT_10306,153.28155923439436
OUT_10307,111.35928545269469
OUT_10308,1082.299001032707
OUT_10309,111.78670344467349
OUT_10310,961.0859765138968
OUT_10311,311.5725600715973
OUT_10312,360.8401074063989
OUT_10313,135.26391335379807
OUT_10314,345.3636285358149
OUT_10315,135.67856332449173
OUT_10316,1046.334811900025
OUT_10317,358.3683637270621
OUT_10318,350.3078378647575
OUT_10319,311.07977802157694
OUT_10320,110.6700888565922
OUT_10321,124.21020060715708
OUT_10322,172.3515014323423
OUT_10323,283.9205832490556
OUT_10324,285.050554832184
OUT_10325,307.04018231751013
OUT_10326,127.72573041433952
OUT_10327,927.7030155600307
OUT_10328,341.5356435828542
OUT_10330,128.13045077141686
OUT_10331,149.41466764570265
OUT_10332,124.30381541273972
OUT_10333,102.93561191260646
OUT_10334,1033.9855819844984
OUT_10335,924.6982883012728
OUT_10336,313.09031630525453
OUT_10337,123.7988242929904
OUT_10338,103.29982835762893
OUT_10339,124.10902756071256
OUT_10340,364.47435007982807
OUT_10341,123.42901718107196
OUT_10342,287.2656720928521
OUT_10343,2053.2719411340368
OUT_10344,107.864455102022
OUT_10345,308.1617497540186
OUT_10346,918.7985600585324
OUT_10347,152.28113049744087
OUT_10348,112.87673323848371
OUT_10349,1034.4955997200818
OUT_10350,910.1884859776413
OUT_10351,211.63966194340833
OUT_10352,974.1464965774186
OUT_10353,193.97373989578378
OUT_10354,111.85425511537538
OUT_10355,986.3013909720044
OUT_10356,144.86109615681494
OUT_10357,115.83081202880145
OUT_10358,307.08504364052715
OUT_10359,137.81035686325262
OUT_10360,324.0406100948274
OUT_10361,392.6942400568491
OUT_10362,360.35985068314994
OUT_10363,275.4441577946038
OUT_10364,346.11698472787646
OUT_10365,373.4450117273154
OUT_10366,335.6045926867092
OUT_10367,115.47137772158351
OUT_10368,138.74471073341638
OUT_10369,165.03156777416564
OUT_10370,330.3652341551276
OUT_10371,116.84751482471484
OUT_10372,994.6812082949124
OUT_10373,195.80078307998807
OUT_10374,970.2370230824226
OUT_10375,969.4293031663768
OUT_10376,116.29133126506768
OUT_10377,130.375623328218
OUT_10378,111.6042320953465
OUT_10379,104.7354095423307
OUT_10380,329.42513212684304
OUT_10381,995.7721676302748
OUT_10382,955.19734061387
OUT_10383,132.94223064331126
OUT_10384,259.4962000073983
OUT_10385,289.8876088997852
OUT_10386,121.70770211213156
OUT_10387,301.6945483304602
OUT_10388,284.103955804246
OUT_10389,152.7631456200135
OUT_10390,355.39584245793765
OUT_10391,2109.682541388433
OUT_10392,108.49842923584016
OUT_10393,147.9443609174865
OUT_10394,312.68210055125434
OUT_10395,141.5672970738183
OUT_10396,949.439962146429
OUT_10397,2056.521830978877
OUT_10398,183.22636584436916
OUT_10399,971.5031070493352
OUT_10400,293.9844700184891
OUT_10401,345.45116695118287
OUT_10402,303.4163983589762
OUT_10403,336.34522133253347
OUT_10404,143.30093098832486
OUT_10405,105.62338903691949
OUT_10406,142.20086984906732
OUT_10407,931.3885752837962
OUT_10408,145.38750635820617
OUT_10409,287.8838152266064
OUT_10410,170.2455924766144
OUT_10411,157.69437711540795
OUT_10412,947.934467290606
OUT_10413,121.46075236892013
OUT_10414,257.3206695108635
OUT_10415,295.91709500990004
OUT_10416,112.38768334782546
OUT_10417,120.0609794950636
OUT_10418,288.0410473294015
OUT_10419,159.62088765959277
OUT_10420,122.80410992334556
OUT_10421,131.89934798692946
OUT_10422,105.34803645378157
OUT_10423,980.812370801224
OUT_10424,224.79696048725464
OUT_10425,144.02727995293512
OUT_10426,111.12010639349431
OUT_10427,138.2877665076888
OUT_10428,906.4121985115755
OUT_10429,280.43690122593495
OUT_10430,160.26875223537675
OUT_10431,938.867828205919
OUT_10432,1418.71237825249
OUT_10433,1008.3485031462844
OUT_10434,917.1376363461394
OUT_10435,108.66694107136794
OUT_10436,131.85039159166593
OUT_10437,159.56852053531
OUT_10438,952.6696377953734
OUT_10439,194.09100741898857
OUT_10440,408.6701492603728
OUT_10441,284.168414754889
OUT_10442,125.68351021248225
OUT_10443,114.60384356180478
OUT_10444,348.06191500813884
OUT_10445,336.4898896013136
OUT_10446,367.42033016700407
OUT_10447,313.793017002022
OUT_10448,962.0511972322668
OUT_10449,301.36647695352286
OUT_10450,327.23500401921086
OUT_10451,144.855342836484
OUT_10452,111.17572748787637
OUT_10453,134.14395424141404
OUT_10454,123.38160022050475
OUT_10455,151.38945568815942
OUT_10456,999.3319005254336
OUT_10457,977.5022195669104
OUT_10458,330.1843300536199
OUT_10459,954.0528173553356
OUT_10460,298.0575795213055
OUT_10461,312.0279296908535
OUT_10462,151.16058164166154
OUT_10463,107.43041335964807
OUT_10464,143.81498023042772
OUT_10465,117.09748460574764
OUT_10466,215.5008395150173
OUT_10467,326.4921525729923
OUT_10468,310.3093300289016
OUT_10469,321.9113929261885
OUT_10470,146.7477231859446
OUT_10471,172.27544250846483
OUT_10472,321.32975584378835
OUT_10473,351.41606888517333
OUT_10474,137.24066624736545
OUT_10475,106.35006455295998
OUT_10476,303.2742037035564
OUT_10478,131.64954124309568
OUT_10479,1187.0865668121692
OUT_10480,178.75537449210705
OUT_10481,108.78422440639608
OUT_10482,929.81154647486
OUT_10483,312.3148624865352
OUT_10484,279.3327721507744
OUT_10485,119.34324749196136
OUT_10486,146.36558443816875
OUT_10487,124.28887153164769
OUT_10488,111.78670344467349
OUT_10489,943.4249181127828
OUT_10490,355.97212736121065
OUT_10491,111.1794158601257
OUT_10492,115.00675240901616
OUT_10493,1026.26616083278
OUT_10494,1005.6410417001592
OUT_10495,147.11637014351328
OUT_10496,328.47537886359373
OUT_10497,110.78483704754835
OUT_10498,339.09259506479714
OUT_10499,137.67011546051356
OUT_10500,111.41368662622915
OUT_10501,977.8374615399408
OUT_10502,109.9858219022748
OUT_10503,977.9109203860518
OUT_10504,2573.827574767809
OUT_10505,939.8930121613828
OUT_10506,127.1214114229434
OUT_10507,2129.2272275732703
OUT_10508,2046.333285204631
OUT_10509,323.91744213941325
OUT_10510,950.4677212397904
OUT_10511,105.85731198084349
OUT_10512,144.29629190026532
OUT_10513,121.96246444736906
OUT_10514,312.2697164139901
OUT_10515,114.49704347900393
OUT_10516,919.4683567321044
OUT_10517,109.45597838753795
OUT_10518,122.3336938074905
OUT_10520,982.8498339931934
OUT_10521,1064.7532282208265
OUT_10522,956.7696640548864
OUT_10523,116.69769090708598
OUT_10524,346.50461403937226
OUT_10525,298.3705954002126
OUT_10526,113.77107181132573
OUT_10527,268.7564560769828
OUT_10528,347.4229075960732
OUT_10529,323.163781862232
OUT_10530,940.2155911568798
OUT_10531,100.90891678161364
OUT_10532,117.58724894696779
OUT_10533,980.8050653341504
OUT_10534,104.1098791515797
OUT_10535,355.6640072765297
OUT_10536,102.92628525011501
OUT_10537,314.9322541892425
OUT_10538,110.53420848370186
OUT_10539,147.00188481154473
OUT_10540,185.424584501962
OUT_10541,1009.5611708818468
OUT_10542,290.27604637010523
OUT_10543,309.642507855221
OUT_10544,290.5989528544689
OUT_10545,2045.974542368673
OUT_10546,123.3073745652959
OUT_10547,291.4845347185355
OUT_10548,113.92134034407395
OUT_10549,282.07641280604105
OUT_10550,961.4967425563576
OUT_10551,107.24128276525612
OUT_10552,114.98013740746529
OUT_10553,286.547173408877
OUT_10554,325.32028683091374
OUT_10555,111.74310254174668
OUT_10556,129.39064456784234
OUT_10557,331.9761625018891
OUT_10558,113.5224961705406
OUT_10559,116.19066893792504
OUT_10560,125.58018437305908
OUT_10561,116.51815886410202
OUT_10562,110.46469122282804
OUT_10563,141.0804295081454
OUT_10564,1018.6390657619054
OUT_10565,357.3945798448103
OUT_10566,335.7442809773692
OUT_10567,328.82379684704887
OUT_10568,126.44612682006046
OUT_10569,997.5924744873388
OUT_10570,288.2868038236707
OUT_10571,291.42703149075976
OUT_10572,279.24126750037817
OUT_10573,165.5870895516847
OUT_10574,287.57220789383456
OUT_10575,123.05370918380729
OUT_10576,298.8904745817346
OUT_10577,143.90671085947994
OUT_10579,284.5904362875674
OUT_10580,327.1839034787621
OUT_10581,319.0394935419491
OUT_10582,115.38068112092402
OUT_10583,1013.1223032204653
OUT_10584,107.12124033395388
OUT_10585,129.4082553213181
OUT_10586,349.77085908515903
OUT_10587,358.33984788978205
OUT_10588,133.40153146292067
OUT_10589,345.5744840500217
OUT_10590,129.5534692693418
OUT_10591,122.72026036884266
OUT_10592,313.42552995075823
OUT_10593,951.4178077922058
OUT_10594,338.5601014043774
OUT_10595,146.55612818188237
OUT_10596,125.51846927138696
OUT_10597,367.2058418836038
OUT_10598,962.58760024984
OUT_10599,136.66705616814738
OUT_10600,924.557009470903
OUT_10601,358.38175478211554
OUT_10602,113.66795441469971
OUT_10603,143.86871334632403
OUT_10604,323.1342843987446
OUT_10605,244.34802403613412
OUT_10606,142.193981980841
OUT_10607,153.1950985269272
OUT_10608,282.9670943727875
OUT_10609,122.4586735235833
OUT_10610,337.5570191311814
OUT_10611,303.01579763452384
OUT_10612,127.48271221626965
OUT_10613,299.2812616127443
OUT_10614,315.36676345094594
OUT_10616,370.60371714666337
OUT_10617,927.9651416290226
OUT_10618,176.24199266506895
OUT_10619,104.64687720506733
OUT_10620,111.19597319477846
OUT_10621,335.03790555310803
OUT_10622,310.8555462468376
OUT_10623,117.3510702770985
OUT_10624,322.1943787899686
OUT_10625,131.5207637215727
OUT_10626,310.7273149871825
OUT_10627,184.5274108569656
OUT_10628,118.02318094584996
OUT_10629,129.0580472267646
OUT_10630,927.196303808474
OUT_10631,278.375022074996
OUT_10632,999.6435908225928
OUT_10633,904.1214532903133
OUT_10634,119.96265046181746
OUT_10635,126.09554542194223
OUT_10636,952.853096986472
OUT_10637,128.5069108546384
OUT_10638,113.6593759606434
OUT_10639,250.19558131379003
OUT_10640,164.741874861764
OUT_10641,296.61093037073243
OUT_10642,2060.9499184354045
OUT_10643,111.18977586070251
OUT_10644,1030.5790147700022
OUT_10645,355.678311745649
OUT_10646,115.95403439131684
OUT_10647,120.40788665496936
OUT_10648,297.2215416522251
OUT_10649,109.27976758092132
OUT_10650,146.30910270491677
OUT_10651,112.28869496954901
OUT_10652,283.99018068883703
OUT_10653,2062.373416605015
OUT_10654,168.6964948750111
OUT_10655,110.13545577653221
OUT_10656,146.3409642683922
OUT_10657,2207.984879215061
OUT_10658,122.05819996405724
OUT_10659,285.50433736450105
OUT_10660,2279.7791399351886
OUT_10661,102.47952628165673
OUT_10662,127.87114987067304
OUT_10663,292.72009542655246
OUT_10664,320.8425498824594
OUT_10665,289.41641205875163
OUT_10666,291.1627156779356
OUT_10667,357.62221580073344
OUT_10669,2008.6621198559344
OUT_10670,970.014684959496
OUT_10671,285.7989245830342
OUT_10672,332.2446495980856
OUT_10673,114.73218340395495
OUT_10674,292.5420073012435
OUT_10675,112.0020104279
OUT_10676,360.7293929997717
OUT_10677,162.40912705599953
OUT_10678,125.49400316811756
OUT_10679,317.4503505287124
OUT_10680,127.26219993915461
OUT_10681,122.3182967737286
OUT_10682,180.3643333350587
OUT_10683,907.5599670773188
OUT_10684,107.58342212231615
OUT_10685,284.00209352160397
OUT_10686,281.6036607688844
OUT_10687,129.80567941631708
OUT_10688,309.4060581592274
OUT_10689,374.1922572134979
OUT_10690,111.66149751126262
OUT_10691,357.98525578190794
OUT_10692,322.1586542039849
OUT_10693,157.79564180154884
OUT_10694,282.01661672807467
OUT_10695,167.40062630119672
OUT_10696,958.0471976196212
OUT_10697,111.54447988921055
OUT_10698,102.29094029719559
OUT_10699,2006.344703542921
OUT_10700,141.51095068220874
OUT_10701,150.20881846717364
OUT_10702,112.8539450034374
OUT_10703,143.6293158248434
OUT_10704,180.15496637035
OUT_10705,1986.544735509452
OUT_10706,128.51917299105585
OUT_10707,121.5011724625589
OUT_10708,2043.186988602734
OUT_10709,294.1340743271847
OUT_10710,1974.6323572963645
OUT_10711,940.9982559707736
OUT_10712,137.3497003078136
OUT_10713,142.27301685136797
OUT_10714,349.692430697912
OUT_10715,318.89983440834925
OUT_10716,365.8361767009464
OUT_10717,922.5693452553496
OUT_10718,120.40649966893358
OUT_10719,2084.954957649524
OUT_10720,333.8966210243534
OUT_10721,268.56958476534527
OUT_10722,353.6556258642958
OUT_10723,294.170850745704
OUT_10724,139.01369026128754
OUT_10725,153.16128541424953
OUT_10726,108.66569818243319
OUT_10727,284.1074805073349
OUT_10728,2152.411743371693
OUT_10730,1992.5555307018567
OUT_10731,142.71235292763592
OUT_10732,150.37861159272438
OUT_10733,151.07557845423864
OUT_10734,366.23158088334935
OUT_10735,321.62872175974417
OUT_10736,118.5664304087401
OUT_10737,336.34431297453835
OUT_10738,122.83450936941942
OUT_10739,118.91801556512117
OUT_10740,113.71651508666329
OUT_10741,104.0862595650819
OUT_10742,161.0362781127979
OUT_10743,144.38228200236546
OUT_10744,143.21106548271894
OUT_10745,131.28925903746793
OUT_10746,145.64209030903822
OUT_10747,968.6870753679184
OUT_10748,132.35785025080716
OUT_10749,159.9733696703809
OUT_10750,150.87912427382346
OUT_10751,148.39062754956618
OUT_10752,289.1028092801704
OUT_10753,135.9931493403472
OUT_10754,298.06234359870695
OUT_10755,139.6045077762343
OUT_10756,116.9519019852324
OUT_10757,110.26945497055775
OUT_10758,2036.140417339121
OUT_10759,176.31736221969047
OUT_10760,1002.878454500856
OUT_10761,322.97672547959763
OUT_10762,277.78408597939966
OUT_10763,358.4461533799001
OUT_10764,342.37812091681616
OUT_10765,126.06889060487444
OUT_10766,111.40437282646337
OUT_10767,144.16260553179578
OUT_10768,298.77131993232166
OUT_10769,114.19868560927445
OUT_10770,968.9328496669752
OUT_10771,115.40619840125255
OUT_10772,151.52409471036344
OUT_10773,293.4130284181409
OUT_10774,119.73546140343808
OUT_10775,283.7105903427311
OUT_10776,932.755074960632
OUT_10777,200.03827029540716
OUT_10778,132.09667023376872
OUT_10779,939.7069712248384
OUT_10780,369.5573781466828
OUT_10781,2085.4044809339675
OUT_10782,303.14997865022093
OUT_10783,369.9542095698217
OUT_10784,162.4235612557399
OUT_10785,107.43416707263566
OUT_10786,136.72128827662496
OUT_10787,135.2203725431204
OUT_10788,912.3006576338904
OUT_10789,116.22741091809813
OUT_10790,340.3997533372224
OUT_10791,143.51886979352736
OUT_10792,288.91828518178784
OUT_10793,942.3965780456354
OUT_10794,2038.7197468714403
OUT_10795,134.83295211284968
OUT_10796,341.85884836797646
OUT_10797,148.40019695774433
OUT_10798,1985.279700556091
OUT_10799,176.8428716554266
OUT_10800,137.4185277513776
OUT_10801,961.2952918739254
OUT_10802,120.85518421803806
OUT_10803,999.0263050079903
OUT_10804,2100.4790473070434
OUT_10805,889.7922507632993
OUT_10806,163.2208922903173
OUT_10807,133.68531500797175
OUT_10808,105.94999585768831
OUT_10809,143.74078669746044
OUT_10810,307.10268021030964
OUT_10811,147.6528065431418
OUT_10812,155.6060521446303
OUT_10813,112.31700380838444
OUT_10814,145.15997103459426
OUT_10815,314.00652867176075
OUT_10816,357.07981813487334
OUT_10817,306.18208968059025
OUT_10818,2023.186668649404
OUT_10819,310.8392419680766
OUT_10820,114.42474011923414
OUT_10821,354.92702663713777
OUT_10822,111.24245522762666
OUT_10823,157.6100258201447
OUT_10824,141.56884272758606
OUT_10825,286.4798036823564
OUT_10826,1042.7277477400166
OUT_10827,920.7756545562316
OUT_10828,2113.26951080011
OUT_10829,165.3208830471021
OUT_10830,106.2944830737029
OUT_10831,128.46611678543582
OUT_10832,119.58834612097016
OUT_10833,329.2675809003516
OUT_10834,2054.27038586366
OUT_10835,111.63364801367796
OUT_10836,115.59899914771852
OUT_10837,110.84686388975979
OUT_10838,284.6882521538357
OUT_10839,307.01622383158474
OUT_10840,152.87763688931506
OUT_10841,991.2148294155168
OUT_10842,373.2558098007174
OUT_10843,191.0539711473148
OUT_10844,320.507420689139
OUT_10845,916.5211761448635
OUT_10846,108.49391896212558
OUT_10847,126.8881810153716
OUT_10848,109.66620943625374
OUT_10849,1979.6386182015729
OUT_10850,135.92383401790002
OUT_10851,129.62774393389006
OUT_10852,288.7446508224147
OUT_10853,113.2679929120808
OUT_10854,976.2644666999896
OUT_10855,240.22923106645706
OUT_10856,151.08517358130575
OUT_10857,301.9920853151732
OUT_10858,105.89256814739
OUT_10859,1014.6991079558884
OUT_10860,126.46805963894025
OUT_10861,351.24137259484155
OUT_10862,107.68021145459186
OUT_10863,121.50525338461316
OUT_10864,246.5233729466755
OUT_10865,352.0484972627347
OUT_10866,135.46594568860502
OUT_10867,360.5710077336182
OUT_10868,131.71346150544554
OUT_10869,181.68051562502785
OUT_10870,120.47149891701189
OUT_10871,306.05445444310067
OUT_10872,934.8969445156816
OUT_10873,129.67193846640447
OUT_10874,107.7774442006382
OUT_10875,936.0421147504568
OUT_10876,961.5654525435424
OUT_10877,356.29669512747466
OUT_10878,137.3911228156574
OUT_10879,314.3616586684445
OUT_10880,309.3915631809265
OUT_10881,112.75897305848282
OUT_10882,980.5918939772034
OUT_10883,1156.550171366248
OUT_10884,135.30956264795472
OUT_10885,116.62152283785043
OUT_10886,132.13628837142446
OUT_10887,997.8205941666462
OUT_10888,108.17519179128526
OUT_10889,114.00414412543768
OUT_10890,337.6294892045367
OUT_10891,913.8092787588625
OUT_10892,120.8212363903653
OUT_10893,112.16120284286721
OUT_10894,951.4109538839964
OUT_10895,130.96265523573902
OUT_10896,128.22967045655068
OUT_10897,141.98346585973167
OUT_10898,165.80040999293539
OUT_10899,120.7521265052435
OUT_10900,110.24336039020832
OUT_10901,118.85566350643992
OUT_10902,909.1620169649735
OUT_10903,952.0416733959104
OUT_10904,136.1593907894817
OUT_10905,144.417732786774
OUT_10906,136.80889538185585
OUT_10907,110.37640935047864
OUT_10908,114.22961608139846
OUT_10909,125.86970972176783
OUT_10910,909.42813157816
OUT_10911,132.7814617566233
OUT_10912,182.90271844369448
OUT_10913,379.2632192737672
OUT_10914,1018.4659610978906
OUT_10915,123.77058778498927
OUT_10916,343.7000032515411
OUT_10917,352.20660689353474
OUT_10918,149.0684443321626
OUT_10919,155.18449546786957
OUT_10920,98.35066518106996
OUT_10921,1055.690351705112
OUT_10922,320.40417823239187
OUT_10923,988.6945869668556
OUT_10924,986.4966976100598
OUT_10925,1920.4463540505933
OUT_10926,140.3831731097703
OUT_10927,127.69204604792142
OUT_10928,109.05361776205115
OUT_10929,983.604585670376
OUT_10930,915.2924780237852
OUT_10931,145.1518488341924
OUT_10932,1039.916268254818
OUT_10933,333.65136067566004
OUT_10934,160.72492144617848
OUT_10935,1028.8115288706167
OUT_10936,141.61634747294275
OUT_10937,114.55050427386013
OUT_10938,979.2123189522562
OUT_10939,279.0908336934767
OUT_10940,964.7016790366504
OUT_10941,1022.5062956349444
OUT_10942,115.91835307942526
OUT_10943,900.8846985851634
OUT_10944,140.96665664002134
OUT_10945,131.73384256620488
OUT_10946,111.44321846605511
OUT_10947,159.41890995980435
OUT_10948,113.1883111118761
OUT_10949,114.70257421447725
OUT_10950,130.2392203131123
OUT_10951,155.7487646802813
OUT_10952,922.4264328447522
OUT_10953,286.8229578832459
OUT_10954,1975.165299490148
OUT_10955,99.38558054880211
OUT_10956,128.07298336002253
OUT_10957,1052.5423947600914
OUT_10958,148.66640475382297
OUT_10959,1022.2983454104605
OUT_10960,283.5083553371707
OUT_10961,147.22013171880087
OUT_10962,2100.304642707497
OUT_10963,1919.9573552367624
OUT_10964,1988.741784264375
OUT_10965,110.47496847556745
OUT_10966,1970.8537950896448
OUT_10967,902.4814876350723
OUT_10968,977.5721690681326
OUT_10969,113.44573767037163
OUT_10970,308.89173171013204
OUT_10971,129.79750933693617
OUT_10972,130.89054337319914
OUT_10973,112.92788366994567
OUT_10974,344.2062622944956
OUT_10975,344.3140269158239
OUT_10976,157.0317480617471
OUT_10977,118.31290743699664
OUT_10978,136.84054668977802
OUT_10979,137.95731333508007
OUT_10980,937.0988172908496
OUT_10981,137.39215226452697
OUT_10982,348.73816059719894
OUT_10983,299.4012336836464
OUT_10984,110.86266281586437
OUT_10985,298.2045182232719
OUT_10986,114.58862181124692
OUT_10987,348.57680274161845
OUT_10988,309.4409008682655
OUT_10989,987.263369212368
OUT_10990,918.5194380070768
OUT_10991,157.79994840482075
OUT_10992,145.0825975605576
OUT_10993,930.4069477578252
OUT_10994,160.24341634447185
OUT_10995,114.76807600244312
OUT_10996,1890.3073678026542
OUT_10997,2014.9418775805111
OUT_10998,124.99440932488102
OUT_10999,930.4122558744264
OUT_11000,110.91296167172148
OUT_11001,361.5310064921232
OUT_11002,151.38354303900286
OUT_11003,2103.026599058369
OUT_11004,113.60842224634966
OUT_11005,337.2359293402631
OUT_11006,324.4378854462331
OUT_11007,206.080019895164
OUT_11008,924.7540786426572
OUT_11009,323.30340387183287
OUT_11010,382.3706664965028
OUT_11011,169.9369423140064
OUT_11012,115.27631546235943
OUT_11013,299.17548957455654
OUT_11014,159.0759034637468
OUT_11015,971.8119213844832
OUT_11016,161.75181904237866
OUT_11017,968.5129782953388
OUT_11018,137.04109754516367
OUT_11019,112.9407405887407
OUT_11020,125.85710599724636
OUT_11021,1020.3716285177144
OUT_11023,155.2037339506464
OUT_11024,130.2335588299739
OUT_11025,377.5833150477803
OUT_11026,110.78181279028075
OUT_11027,287.94605851015274
OUT_11028,325.89736805722663
OUT_11029,1942.393480776427
OUT_11030,115.24739381426792
OUT_11031,145.39569566446477
OUT_11032,128.0639268953717
OUT_11033,316.0515084580346
OUT_11034,314.94885942900265
OUT_11035,124.64941718768556
OUT_11036,283.5755683228409
OUT_11037,123.97559836864572
OUT_11038,280.8323365930038
OUT_11039,907.0701555504173
OUT_11040,144.92485405792996
OUT_11041,112.70624014524901
OUT_11042,302.86336563737007
OUT_11043,986.6129987279622
OUT_11044,171.00645450290088
OUT_11045,348.2674012519341
OUT_11046,261.83637716254304
OUT_11047,123.8041692298208
OUT_11048,307.7341373973665
OUT_11049,297.2733356764421
OUT_11050,284.6787239970509
OUT_11051,374.31513066997246
OUT_11052,941.2034418145616
OUT_11053,133.8840258746053
OUT_11054,330.84196148324605
OUT_11055,365.0417429701189
OUT_11056,2034.779762485868
OUT_11057,285.25800028849653
OUT_11058,122.17187880402976
OUT_11059,289.8687522405631
OUT_11060,325.6442253454392
OUT_11061,166.56136153412962
OUT_11062,135.46539466543325
OUT_11063,946.3056791079922
OUT_11064,321.9169926106833
OUT_11065,110.99024476769748
OUT_11066,134.7027150802849
OUT_11067,121.78985862985695
OUT_11068,969.7114932763584
OUT_11069,948.0647681781824
OUT_11070,318.4511939095818
OUT_11071,114.48124483170594
OUT_11072,115.09077405472439
OUT_11073,140.48793769409446
OUT_11074,116.29898901038464
OUT_11075,156.38622182077967
OUT_11076,330.18723859255
OUT_11077,962.767684268478
OUT_11078,114.90885325556195
OUT_11079,145.78089725941683
OUT_11080,136.5858463769139
OUT_11081,310.1924076288929
OUT_11082,143.9601088231869
OUT_11083,335.8894775092168
OUT_11084,303.65865032764754
OUT_11085,143.62195110803077
OUT_11086,147.4299249814646
OUT_11087,110.79114438125714
OUT_11088,133.58643046372725
OUT_11089,338.54791286139925
OUT_11090,919.3896756077216
OUT_11091,538.4330963615946
OUT_11092,323.7551556743443
OUT_11093,127.49942018728372
OUT_11094,2080.731637127342
OUT_11095,120.93656317557488
OUT_11096,257.37800797122304
OUT_11097,285.723986671514
OUT_11098,975.1524375788116
OUT_11099,122.2199045981967
OUT_11100,114.52379934656516
OUT_11101,1412.421119603996
OUT_11102,112.0020104279
OUT_11103,230.09160736300322
OUT_11104,111.48307813230325
OUT_11105,913.8092787588625
OUT_11106,911.6561193238251
OUT_11107,337.0153335693558
OUT_11108,2140.1395919298147
OUT_11109,296.1946010115182
OUT_11110,317.9373762669362
OUT_11111,120.70083324286722
OUT_11112,965.6604080317094
OUT_11113,322.60179117368403
OUT_11114,302.4605059457674
OUT_11115,205.39138114934963
OUT_11116,156.97681853652705
OUT_11117,355.9526069666132
OUT_11118,101.1032064033318
OUT_11119,406.0637788567354
OUT_11120,935.5589449986716
OUT_11121,124.93278735193095
OUT_11122,139.51019042550206
OUT_11123,946.1077287294348
OUT_11124,1001.9194618119976
OUT_11125,285.14017589441175
OUT_11126,140.5718147401074
OUT_11127,109.75417785025289
OUT_11128,2171.6274295124767
OUT_11129,227.17030387871733
OUT_11130,116.36433402547232
OUT_11131,1004.0062594231296
OUT_11132,339.67372788547647
OUT_11133,323.35922848495875
OUT_11134,159.84634345342926
OUT_11135,146.72654209752946
OUT_11136,122.53080532777194
OUT_11137,112.8044338443751
OUT_11138,365.5190788232812
OUT_11139,304.98521966437664
OUT_11140,974.3643318041889
OUT_11141,296.7531217785952
OUT_11142,122.21524582873607
OUT_11143,1960.2159511342288
OUT_11145,312.39302412727545
OUT_11146,128.41341913939544
OUT_11147,163.11215356580774
OUT_11148,258.52924512238303
OUT_11149,108.7741150287377
OUT_11150,941.4834534744537
OUT_11151,307.9692277227296
OUT_11152,923.0746292323632
OUT_11153,376.96847386589815
OUT_11154,137.07526726836176
OUT_11155,166.5881084687553
OUT_11156,103.06218442518724
OUT_11157,309.3796310742297
OUT_11158,350.6657763733216
OUT_11159,529.8451104693298
OUT_11160,321.88079095631053
OUT_11161,111.89259377203271
OUT_11162,137.5375338793522
OUT_11163,317.51730517521804
OUT_11164,114.71008859660068
OUT_11165,2006.8775694553008
OUT_11166,127.0471805867399
OUT_11167,347.3051106671527
OUT_11168,1961.6238670119808
OUT_11169,134.55628801788
OUT_11170,124.95226689690615
OUT_11171,117.82327766052546
OUT_11172,290.78421105907273
OUT_11173,172.9364191339343
OUT_11174,100.49190779891265
OUT_11175,285.4819905003641
OUT_11176,296.4980208409599
OUT_11177,1007.5260386405688
OUT_11178,358.240664362724
OUT_11179,285.12516583321025
OUT_11180,159.11461167856015
OUT_11181,125.53929100699958
OUT_11182,920.2672309306854
OUT_11183,325.1464195744634
OUT_11184,142.00202470590395
OUT_11185,104.76703047327827
OUT_11186,297.1009858719693
OUT_11187,937.1989170713688
OUT_11188,126.75840667025868
OUT_11189,300.7798354470065
OUT_11190,118.19975097031954
OUT_11191,104.21966391889094
OUT_11192,443.1344269812182
OUT_11193,116.53704901815873
OUT_11194,339.510227568299
OUT_11195,326.76421850517096
OUT_11196,159.6360281609051
OUT_11197,294.7495980938978
OUT_11198,295.11810895584773
OUT_11199,897.8996784504137
OUT_11200,115.98562696783496
OUT_11201,343.9427772170392
OUT_11202,106.4978431293722
OUT_11203,117.74364782533138
OUT_11204,2036.022963795164
OUT_11205,182.90271844369448
OUT_11206,123.05299257225994
OUT_11207,120.50886986071109
OUT_11208,922.781949175373
OUT_11209,114.37952663270498
OUT_11210,141.65960598697131
OUT_11211,117.12927849845588
OUT_11212,363.98999530844753
OUT_11213,318.29769680923454
OUT_11214,2191.262390993404
OUT_11215,399.9190120756399
OUT_11217,2067.7945744402973
OUT_11218,293.26162371076055
OUT_11219,973.1057700487888
OUT_11220,109.69372570222215
OUT_11221,114.21021671577057
OUT_11222,1992.724930625572
OUT_11223,127.43271841690805
OUT_11224,298.0995627782319
OUT_11225,1984.2118814177727
OUT_11226,141.45446228048178
OUT_11227,104.14898632727252
OUT_11228,111.94713095603402
OUT_11229,322.31920121224584
OUT_11230,111.07414079655915
OUT_11231,331.9466378584186
OUT_11232,2039.1998461176
OUT_11233,935.8645693471057
OUT_11234,117.51551186958459
OUT_11235,112.42988806795084
OUT_11236,291.3424406089388
OUT_11237,105.93321554563009
OUT_11238,118.66566402254504
OUT_11239,974.982729081331
OUT_11240,355.30241310427897
OUT_11241,107.95013458978164
OUT_11242,130.80725707753095
OUT_11243,144.84652114952107
OUT_11244,134.05435668043404
OUT_11245,314.00779271651174
OUT_11246,117.48692896550482
OUT_11247,118.92926607674036
OUT_11248,113.64176648365752
OUT_11249,333.80198963499987
OUT_11250,324.36290396194363
OUT_11251,2045.8189560789524
OUT_11252,136.6044064086708
OUT_11253,998.4887071336613
OUT_11254,355.8958629927546
OUT_11255,340.2241035465387
OUT_11256,293.79293030035467
OUT_11257,165.70512679930212
OUT_11258,123.35171798359082
OUT_11259,161.45317466678054
OUT_11260,912.8083078423007
OUT_11261,1913.903391327826
OUT_11262,144.48761694658467
OUT_11263,104.09359555100103
OUT_11264,127.01845867953368
OUT_11265,945.8977158377568
OUT_11266,125.62620899223444
OUT_11267,139.02291341824332
OUT_11268,311.36024467877644
OUT_11269,2010.381884380901
OUT_11271,150.9744645781694
OUT_11272,108.17918774163198
OUT_11273,342.9713820944627
OUT_11274,109.98741311896772
OUT_11275,125.44299698822236
OUT_11276,379.062345214112
OUT_11277,166.98381039165204
OUT_11278,120.48344571312896
OUT_11279,127.42349807768385
OUT_11280,997.9714841666354
OUT_11281,151.19836457589855
OUT_11282,156.93712358829927
OUT_11283,149.64819690173525
OUT_11284,154.35311611390995
OUT_11285,161.45877728610373
OUT_11286,324.8505197401594
OUT_11287,214.71468152245674
OUT_11288,948.613404039934
OUT_11289,94.87586992251265
OUT_11290,286.0231628414602
OUT_11291,1260.6200102516243
OUT_11292,110.94759842312352
OUT_11293,292.96727675324126
OUT_11294,173.18130617634355
OUT_11295,144.5211069036631
OUT_11296,944.9339110464232
OUT_11297,280.43690122593495
OUT_11298,343.02180998538483
OUT_11299,153.61967275585835
OUT_11300,168.9825839506428
OUT_11301,144.80190924342634
OUT_11302,114.34682494720116
OUT_11303,970.1821099506678
OUT_11304,114.13453906284262
OUT_11305,2152.76153143169
OUT_11306,291.823344440038
OUT_11307,1980.6364718061168
OUT_11308,289.457612302136
OUT_11309,940.274729267048
OUT_11310,320.6881598619665
OUT_11311,171.05561161881863
OUT_11312,105.26410344042115
OUT_11313,123.30968832824432
OUT_11314,928.0300403031242
OUT_11315,398.0333700390508
OUT_11316,2117.042896949405
OUT_11317,1027.6964117240316
OUT_11318,979.5910010707388
OUT_11319,112.77319466151664
OUT_11320,103.45404850303977
OUT_11321,258.30897742422803
OUT_11322,997.0921851736176
OUT_11323,287.1345185255535
OUT_11324,134.676398221594
OUT_11325,156.70798175807911
OUT_11326,336.01924116153543
OUT_11327,156.73023827444501
OUT_11328,949.3293420987708
OUT_11329,105.58205980353215
OUT_11330,965.1257886837388
OUT_11331,313.5857856643561
OUT_11332,146.12439434597002
OUT_11333,344.90811408907365
OUT_11335,112.97692503082871
OUT_11336,343.155880581088
OUT_11337,309.0755076500887
OUT_11338,342.299252814247
OUT_11339,128.38740320797382
OUT_11340,352.8257419704514
OUT_11341,126.73687376289202
OUT_11342,350.9702258942965
OUT_11343,124.5472378007115
OUT_11344,106.14884462836183
OUT_11345,195.50877774644894
OUT_11346,291.557920370419
OUT_11347,325.6812312296348
OUT_11348,112.21550924525569
OUT_11349,121.83590484027371
OUT_11350,313.97075110101804
OUT_11351,111.10265415288251
OUT_11352,315.6493523354973
OUT_11353,278.5642464848209
OUT_11354,976.9389671797873
OUT_11355,134.4422697954698
OUT_11356,138.65296518332693
OUT_11357,291.4332998552486
OUT_11358,142.84621050693053
OUT_11359,2006.844109762617
OUT_11360,290.60187475011986
OUT_11361,284.2352548763062
OUT_11362,338.30924011298544
OUT_11363,104.31512782167437
OUT_11364,133.06179184845763
OUT_11365,349.701061366455
OUT_11366,121.91957969402752
OUT_11367,155.31561444440922
OUT_11368,2041.197508836096
OUT_11369,118.58966928762584
OUT_11370,121.56605541939086
OUT_11371,302.6264218190188
OUT_11372,909.2573587053064
OUT_11373,325.966881949246
OUT_11374,128.66523487240053
OUT_11375,317.55794196061623
OUT_11376,282.03299047303005
OUT_11377,107.59995611888483
OUT_11378,352.2594709009064
OUT_11379,115.0685019473214
OUT_11380,222.97875821012676
OUT_11381,308.4304274318033
OUT_11382,118.12646053296878
OUT_11383,318.5012409644451
OUT_11384,282.96382731881
OUT_11385,312.3652364449966
OUT_11386,358.8635837997124
OUT_11387,143.52916056137514
OUT_11388,346.1335729248159
OUT_11389,117.78735671019513
OUT_11390,111.3162407437834
OUT_11391,160.88056779080122
OUT_11392,1010.910053443791
OUT_11394,1036.862730047308
OUT_11395,488.3605904829616
OUT_11396,345.8110538400287
OUT_11397,1207.4726201328594
OUT_11398,281.18032589971955
OUT_11399,147.7321957838422
OUT_11400,131.195681806252
OUT_11401,363.2610194387806
OUT_11402,156.77448395515438
OUT_11403,2100.153572270659
OUT_11404,147.08917426543013
OUT_11405,157.7857873286669
OUT_11406,1011.240037502818
OUT_11407,131.24622684066802
OUT_11408,132.39520774833733
OUT_11409,291.2503270464421
OUT_11410,314.69691271346386
OUT_11411,159.0759034637468
OUT_11412,224.69930980239528
OUT_11413,987.0398109510244
OUT_11414,126.87090982221318
OUT_11415,127.6526068682009
OUT_11416,934.72281526973
OUT_11417,148.40311100098126
OUT_11418,119.91523294548253
OUT_11419,112.55604101774011
OUT_11420,339.5256907739874
OUT_11421,921.7181777693096
OUT_11422,339.49070597367296
OUT_11423,327.2234231931875
OUT_11424,281.0434756374908
OUT_11425,120.3945554971802
OUT_11426,2099.4839137628046
OUT_11427,363.0821629982807
OUT_11428,301.45872633736883
OUT_11429,123.41947421882098
OUT_11430,119.52600602442934
OUT_11431,288.6554967016634
OUT_11432,310.62657484532986
OUT_11433,147.9684088423557
OUT_11434,898.5789354654574
OUT_11435,173.73584131858374
OUT_11436,152.4760115572671
OUT_11437,943.0651463556268
OUT_11438,914.2071352124707
OUT_11439,345.0554150279819
OUT_11440,113.97155986871758
OUT_11441,141.27265134115893
OUT_11442,115.59472868192405
OUT_11443,143.14012070679516
OUT_11444,107.22817942735627
OUT_11445,115.06666578627411
OUT_11446,314.8110473451148
OUT_11447,894.5288095683833
OUT_11448,100.93149370209217
OUT_11449,317.10912724630714
OUT_11450,115.35464402492954
OUT_11451,129.99752061665907
OUT_11452,150.98452831554445
OUT_11453,287.38262247227505
OUT_11454,363.9428430163674
OUT_11455,306.6860475472913
OUT_11456,155.92400822798473
OUT_11457,346.7797092920569
OUT_11458,2026.978073254572
OUT_11459,117.24251183083553
OUT_11460,2130.136423189073
OUT_11461,156.83526871469422
OUT_11462,128.96683871170058
OUT_11463,105.03746354348964
OUT_11464,314.0886243856411
OUT_11465,2008.3617012399409
OUT_11466,130.71074946065838
OUT_11467,234.61980065681553
OUT_11468,298.93949976710303
OUT_11469,150.8275199489391
OUT_11470,316.16842800271394
OUT_11471,311.6603488384711
OUT_11472,142.58632719623
OUT_11473,348.89846158827794
OUT_11474,111.57251901489417
OUT_11475,956.8770864963144
OUT_11476,110.53420848370186
OUT_11477,111.33961485318495
OUT_11478,132.31213223650334
OUT_11479,296.26192428076735
OUT_11480,175.79892383776166
OUT_11481,117.32749444606608
OUT_11482,288.78742389880586
OUT_11483,295.8867692233784
OUT_11484,310.4957096589154
OUT_11485,276.4730955330687
OUT_11486,338.84148668548664
OUT_11487,313.8816130063989
OUT_11488,292.9129943072879
OUT_11489,360.7320868434275
OUT_11490,343.3150590529224
OUT_11491,294.88826191029216
OUT_11492,291.3147770754037
OUT_11493,327.67261856680017
OUT_11494,185.46565324788637
OUT_11495,375.1157252762641
OUT_11496,112.81330457903186
OUT_11497,2080.241474712356
OUT_11498,114.49698365175462
OUT_11499,153.91405344168766
OUT_11500,988.8923269006636
OUT_11501,164.998056178798
OUT_11502,858.5736554641938
OUT_11503,294.2832397531841
OUT_11504,975.4692476073004
OUT_11505,521.9551844044437
OUT_11506,366.4956934343412
OUT_11507,169.5653612167911
OUT_11508,288.4417967492538
OUT_11509,112.15092497217245
OUT_11510,317.8065144624654
OUT_11511,329.09959394898243
OUT_11512,930.3362173174836
OUT_11513,247.53534735211156
OUT_11514,112.54440034144926
OUT_11515,950.3834257943076
OUT_11516,119.21616545486296
OUT_11517,323.36971213227383
OUT_11518,143.8797490324794
OUT_11519,130.9885102077656
OUT_11520,294.46151449975736
OUT_11521,110.5635288288382
OUT_11522,329.77877255629005
OUT_11523,2075.270266075645
OUT_11524,121.264662032581
OUT_11525,143.20615276959003
OUT_11526,121.67102815173116
OUT_11527,123.92944765598192
OUT_11528,115.91583832995724
OUT_11529,131.50010088485996
OUT_11530,127.32399737723094
OUT_11531,285.06918812388403
OUT_11532,951.0744598138688
OUT_11533,145.99611335406334
OUT_11534,993.0796830698508
OUT_11535,306.64485031154805
OUT_11536,312.14509891487467
OUT_11537,114.7906123580649
OUT_11538,131.29316311444575
OUT_11539,353.0645103530598
OUT_11540,974.3642971094304
OUT_11541,313.01150768000804
OUT_11542,92.8713408915328
OUT_11543,110.45027547034144
OUT_11544,116.23483741820034
OUT_11545,938.1354578345127
OUT_11546,139.54542657448448
OUT_11547,935.9447032879859
OUT_11549,363.06345231025455
OUT_11550,162.86245399356395
OUT_11551,117.64226797125954
OUT_11552,126.93191375558852
OUT_11553,121.61040563998704
OUT_11554,153.41736790752464
OUT_11555,134.65384645007137
OUT_11556,121.51424008762736
OUT_11557,305.59474722529137
OUT_11558,113.71291082796316
OUT_11559,959.3252336958766
OUT_11560,310.5352518306122
OUT_11561,106.05966151435658
OUT_11562,194.08464156058895
OUT_11563,1069.5653965270576
OUT_11564,112.84693712655961
OUT_11565,286.76364350442674
OUT_11566,131.26729171833202
OUT_11567,1012.4965777772044
OUT_11568,117.73553144494016
OUT_11569,997.3521935437228
OUT_11570,112.69622970888464
OUT_11571,343.9124405808316
OUT_11572,120.09100967443264
OUT_11573,285.6010137565309
OUT_11574,317.9477138033516
OUT_11575,111.44321846605511
OUT_11576,313.0320128979145
OUT_11577,125.3406328383012
OUT_11578,313.0891699386946
OUT_11579,138.40131749241996
OUT_11580,167.0791122113401
OUT_11581,115.4237965998863
OUT_11582,146.97687543796158
OUT_11583,303.01544797905734
OUT_11584,949.5323129668684
OUT_11585,326.0769150833646
OUT_11586,155.54098594211442
OUT_11587,288.90208757872506
OUT_11588,1967.726457234657
OUT_11589,323.13912914986577
OUT_11590,1981.442567613332
OUT_11591,112.66525797069058
OUT_11592,111.5745924359212
OUT_11593,154.7556645755328
OUT_11594,109.28797016191997
OUT_11595,156.75390036840048
OUT_11596,118.45862285308569
OUT_11597,116.04175309752708
OUT_11598,326.2429423832393
OUT_11599,907.6567359353276
OUT_11600,109.27976758092132
OUT_11601,2028.4258652903625
OUT_11602,118.43635445650094
OUT_11603,131.73886093751216
OUT_11604,104.09359555100103
OUT_11605,2048.7178768093736
OUT_11606,300.6391330055963
OUT_11607,345.39008937747
OUT_11608,111.05402906463229
OUT_11609,146.7841145352694
OUT_11610,110.81375939927702
OUT_11611,989.8163543708364
OUT_11613,973.1650396021304
OUT_11614,264.9411456919093
OUT_11615,275.47745330377944
OUT_11616,324.1817139598121
OUT_11617,305.23330282831625
OUT_11618,301.4316175231859
OUT_11619,2075.639940121532
OUT_11620,277.6727247761081
OUT_11621,117.07067156069058
OUT_11622,1011.3564044417052
OUT_11623,131.7396179640828
OUT_11624,119.09861496107396
OUT_11625,144.75773478722306
OUT_11626,110.97298536015442
OUT_11627,154.0130108971832
OUT_11628,303.7406364405241
OUT_11629,109.17311330660418
OUT_11630,912.3933974010047
OUT_11631,322.601434274396
OUT_11632,424.4329008582333
OUT_11633,921.3841640665653
OUT_11634,110.27019678535792
OUT_11635,137.96911843778196
OUT_11636,1978.7714055268448
OUT_11637,922.781949175373
OUT_11638,128.5882861902206
OUT_11639,132.11493587080773
OUT_11640,340.7039038735051
OUT_11641,154.2074011612304
OUT_11642,950.1545264918902
OUT_11643,1982.3601382033537
OUT_11644,2138.35323748973
OUT_11645,142.6982288951546
OUT_11646,942.935751928979
OUT_11647,135.40883243686818
OUT_11648,302.39473396004814
OUT_11649,155.12668506731734
OUT_11650,143.9441787729854
OUT_11651,349.6635129666389
OUT_11652,931.1091016848816
OUT_11653,163.66574743169275
OUT_11654,135.47592123873176
OUT_11655,112.39490753466973
OUT_11656,104.79586760039552
OUT_11657,115.18200964801925
OUT_11658,120.3917327327415
OUT_11659,107.16484487289921
OUT_11660,125.46467487141234
OUT_11661,112.0148188052627
OUT_11662,918.1599303640274
OUT_11663,120.96193200586413
OUT_11664,135.41954522047328
OUT_11665,2117.7466302138714
OUT_11666,981.4731341555632
OUT_11667,279.0971791220594
OUT_11668,309.8650072666127
OUT_11669,126.53823109513954
OUT_11670,157.4740273231353
OUT_11671,120.63444869973571
OUT_11672,996.74149779193
OUT_11673,304.2798127834692
OUT_11674,997.7332065999155
OUT_11675,166.33531870804768
OUT_11676,318.22152856178326
OUT_11677,169.87816534431846
OUT_11678,116.94407539508884
OUT_11679,112.55493380968618
OUT_11680,1072.0146972540645
OUT_11681,263.3356445290828
OUT_11682,114.05822410145663
OUT_11683,995.1923173974326
OUT_11684,185.46699471269136
OUT_11685,107.84936243366407
OUT_11686,912.6798037309762
OUT_11688,1038.7731309514163
OUT_11689,273.2755289100889
OUT_11690,142.8991195882104
OUT_11691,161.011070759269
OUT_11692,959.3370081449926
OUT_11693,321.3312687546044
OUT_11694,116.06501800093832
OUT_11695,212.34782507605513
OUT_11696,955.2597502113824
OUT_11697,2020.0586006536053
OUT_11698,129.5302302573492
OUT_11699,320.69896616351656
OUT_11700,134.53151229500773
OUT_11701,134.93961280875388
OUT_11702,315.3281559163014
OUT_11703,111.9105434695663
OUT_11704,953.004744738527
OUT_11705,115.90141167945548
OUT_11706,116.05372917241766
OUT_11707,294.94953218022044
OUT_11709,133.8041454972657
OUT_11710,115.90921111613532
OUT_11711,291.86019348338306
OUT_11712,247.29967808021937
OUT_11713,303.9755396794182
OUT_11714,106.66558582804535
OUT_11715,360.057710834823
OUT_11716,337.6969976806255
OUT_11717,953.78252068578
OUT_11718,379.2636175274529
OUT_11719,318.520331742823
OUT_11720,2000.052029022817
OUT_11721,324.8537180389052
OUT_11722,120.52131249117335
OUT_11723,109.41786504966656
OUT_11724,151.26762671092965
OUT_11725,133.93808335909154
OUT_11726,128.35205459431944
OUT_11727,325.0525412071437
OUT_11728,118.64328533828343
OUT_11729,146.9525954806153
OUT_11730,137.0649538108014
OUT_11731,118.9500378946378
OUT_11732,160.9018410125899
OUT_11733,953.3341522282924
OUT_11735,246.20494927266864
OUT_11736,119.30705591093265
OUT_11737,117.21636109091084
OUT_11738,125.77190441035486
OUT_11740,150.9971415931767
OUT_11741,114.9440849647973
OUT_11742,306.6071264890628
OUT_11743,325.9694667435192
OUT_11744,108.65895264105902
OUT_11745,123.18959093147365
OUT_11746,942.5665185959074
OUT_11747,285.01785427954616
OUT_11748,131.67335314109658
OUT_11749,345.54293408732605
OUT_11750,299.0639062279471
OUT_11751,139.60114302554476
OUT_11752,139.0765543167602
OUT_11753,257.95834386101484
OUT_11754,160.7189837329619
OUT_11755,930.0581801939312
OUT_11756,138.96924919208138
OUT_11757,1005.1752371865476
OUT_11758,167.0119220885415
OUT_11759,99.73182090627624
OUT_11760,99.91565573029109
OUT_11761,323.66322842621304
OUT_11762,896.6015054421924
OUT_11763,313.8514651917935
OUT_11764,314.7756039077594
OUT_11765,112.89705830749251
OUT_11766,130.96430019222004
OUT_11767,1996.5233987657405
OUT_11768,135.1132409696159
OUT_11769,918.8947707790804
OUT_11770,2069.694971480804
OUT_11771,316.4278131254945
OUT_11772,332.33284642624943
OUT_11773,125.92914286067771
OUT_11774,115.26560980046844
OUT_11775,328.8137539919462
OUT_11776,132.02525236495578
OUT_11777,150.1660089876152
OUT_11778,146.20611770528097
OUT_11779,105.72019662374971
OUT_11780,941.0718375558404
OUT_11781,100.22178936900245
OUT_11782,116.74597476692207
OUT_11783,327.1828041168551
OUT_11784,362.6613517154491
OUT_11785,100.49293648947126
OUT_11786,142.99472874483035
OUT_11787,113.42855715706094
OUT_11788,2056.0988803386645
OUT_11789,997.2556617574376
OUT_11790,286.0103470634337
OUT_11791,965.0953511702588
OUT_11792,348.38842529292674
OUT_11793,139.6813481368477
OUT_11794,113.97505486891173
OUT_11795,183.3260846731165
OUT_11796,318.2794625382221
OUT_11797,1021.1550141049736
OUT_11798,316.0869085114502
OUT_11799,287.501728146731
OUT_11800,274.8542543767562
OUT_11801,276.91310566215594
OUT_11802,122.12876192972158
OUT_11803,116.70221927886308
OUT_11804,2081.077603321065
OUT_11805,144.86342371372027
OUT_11806,165.97841515967892
OUT_11807,281.28653846484025
OUT_11808,298.91918213161824
OUT_11809,155.704020665641
OUT_11810,126.11464139983819
OUT_11811,146.21970960323813
OUT_11812,138.19559248672655
OUT_11813,330.4135754364576
OUT_11814,285.5248246527283
OUT_11815,284.32993234521973
OUT_11816,915.7392180798269
OUT_11817,295.18070962381194
OUT_11818,113.5571770955116
OUT_11819,931.8973377965284
OUT_11820,1002.5244799955065
OUT_11821,272.1134994603553
OUT_11822,143.80133121884526
OUT_11823,930.5359831574632
OUT_11824,378.9426786310542
OUT_11825,313.3217709835808
OUT_11826,141.14311644469294
OUT_11827,131.15195692414392
OUT_11828,143.19789850624318
OUT_11829,133.13148175757428
OUT_11830,111.03628053247762
OUT_11831,131.64759702768657
OUT_11832,158.94668869594577
OUT_11833,336.1097315820932
OUT_11834,314.9128115138706
OUT_11835,119.01466743764757
OUT_11836,136.38205731058235
OUT_11837,330.6667510275804
OUT_11838,284.48425802948594
OUT_11839,248.32110834543334
OUT_11840,128.84423092560652
OUT_11841,190.90854072475247
OUT_11842,316.6756622460355
OUT_11843,2090.636462581219
OUT_11844,138.10695796299623
OUT_11845,933.5644773829154
OUT_11846,129.2937746932647
OUT_11847,282.8930213301229
OUT_11848,956.7938689844192
OUT_11849,164.11276080778484
OUT_11850,118.02846480849612
OUT_11851,123.41099960703306
OUT_11852,971.1720625898206
OUT_11853,2034.851346715943
OUT_11854,118.49679197645956
OUT_11855,297.16818871104056
OUT_11856,295.5135023365631
OUT_11857,993.1982204422492
OUT_11858,313.3528527029062
OUT_11859,946.1989809124608
OUT_11860,115.87300780160449
OUT_11861,303.38337978778685
OUT_11862,282.71167078165945
OUT_11863,110.37063072610982
OUT_11864,168.9554658723211
OUT_11865,160.7901241722436
OUT_11866,297.0493210449644
OUT_11867,121.96749284054869
OUT_11868,982.7111346334218
OUT_11869,111.62361248629875
OUT_11870,328.7374248819424
OUT_11871,325.8244854652688
OUT_11872,328.75825314732487
OUT_11873,112.07231682935645
OUT_11874,103.910215065738
OUT_11875,341.48868317414656
OUT_11876,290.150064900908
OUT_11877,134.8732693097803
OUT_11878,105.34803645378157
OUT_11879,290.9860932468321
OUT_11880,154.68298948639085
OUT_11881,355.7046261381281
OUT_11882,281.28653846484025
OUT_11883,963.9045399024324
OUT_11884,144.11672178491216
OUT_11885,284.1019667491272
OUT_11886,311.07268783938224
OUT_11887,200.29881676194876
OUT_11888,136.37755299245703
OUT_11889,296.1192735915357
OUT_11890,104.69356527685288
OUT_11891,152.4875921649567
OUT_11892,147.0661810841789
OUT_11893,118.6568668970386
OUT_11894,904.4036670619284
OUT_11895,143.21106548271894
OUT_11896,115.30871812392932
OUT_11897,946.8643274715572
OUT_11898,990.209591769384
OUT_11899,160.84825564303134
OUT_11900,918.5694255769034
OUT_11901,147.25189027648054
OUT_11902,161.48794563121638
OUT_11903,164.02228018851088
OUT_11904,159.84289042108696
OUT_11905,134.62683991855872
OUT_11906,111.5745924359212
OUT_11907,136.54589544206792
OUT_11908,150.45303843485064
OUT_11909,967.6901242912346
OUT_11910,325.78390933129964
OUT_11911,973.3445963237637
OUT_11912,301.01175227291
OUT_11913,167.24144837308629
OUT_11914,294.4982975892232
OUT_11915,146.4752423493149
OUT_11916,110.7251684223941
OUT_11917,111.6598697741784
OUT_11918,98.35580885625956
OUT_11919,116.24048311682428
OUT_11920,935.3800413767602
OUT_11921,139.599889399853
OUT_11922,953.8865686999658
OUT_11923,104.26155098041626
OUT_11924,142.03667887502442
OUT_11925,169.58050692461393
OUT_11926,132.83157147083253
OUT_11927,137.84213789497818
OUT_11928,147.1687803202662
OUT_11929,997.120153274304
OUT_11930,126.36659106160356
OUT_11931,111.21501567288041
OUT_11932,199.04030225656922
OUT_11933,138.79422987122047
OUT_11934,323.7339336118497
OUT_11935,111.75726127260768
OUT_11936,108.70975768958947
OUT_11937,112.42988806795084
OUT_11938,116.24831539539866
OUT_11939,308.8260798782416
OUT_11940,337.34339886216054
OUT_11941,156.7630931153147
OUT_11942,360.35622467745577
OUT_11943,929.2847293002376
OUT_11944,937.6399386390708
OUT_11945,224.21163886525784
OUT_11946,111.80193634631168
OUT_11947,341.52653204056315
OUT_11948,100.49741639789357
OUT_11949,2846.4424812701645
OUT_11950,2069.568018451758
OUT_11951,958.110936221988
OUT_11952,147.0459498922466
OUT_11953,168.34383193960423
OUT_11954,280.4012634249051
OUT_11955,145.89642972405912
OUT_11956,137.08767877034688
OUT_11957,119.61617754825845
OUT_11958,966.9877025247994
OUT_11959,112.7653616219427
OUT_11960,879.6006135861293
OUT_11961,982.349873520478
OUT_11962,324.4932230889694
OUT_11963,1018.9165849099784
OUT_11964,159.0120832820547
OUT_11965,275.74729706271967
OUT_11966,108.25773469759724
OUT_11967,130.21480696911306
OUT_11968,946.5930267710676
OUT_11969,968.7539206724672
OUT_11970,956.4003434718036
OUT_11971,104.50424999658438
OUT_11972,280.86042802822794
OUT_11973,133.22816099164604
OUT_11974,214.88212245144734
OUT_11975,267.89064530956404
OUT_11976,914.4441520367523
OUT_11977,163.70201637135725
OUT_11978,302.9615184489501
OUT_11979,154.8651027741522
OUT_11980,105.26410344042115
OUT_11981,2041.1718865216264
OUT_11982,161.36612762366542
OUT_11983,332.8863793804947
OUT_11984,110.5541869138426
OUT_11985,144.87839281908276
OUT_11986,293.48414610421776
OUT_11987,278.72707099061137
OUT_11988,329.27010947334645
OUT_11989,413.6039271403614
OUT_11990,109.27976758092132
OUT_11991,277.6648919583104
OUT_11992,338.24945191476206
OUT_11993,290.91686576991077
OUT_11994,113.84179378549943
OUT_11995,309.3724980143626
OUT_11996,281.42659581490915
OUT_11997,118.56362653985305
OUT_11998,359.2152256891122
OUT_11999,121.726400803046
OUT_12000,324.99735467402786
OUT_12001,178.16002101300552
OUT_12002,407.09033974964535
OUT_12003,310.3065396390441
OUT_12004,2050.2873269796987
OUT_12005,112.2078846773328
OUT_12006,303.21822542036887
OUT_12007,345.7461420517966
OUT_12008,924.1870528216568
OUT_12009,103.00308156562963
OUT_12010,171.4103051039044
OUT_12011,146.31728851053106
OUT_12012,1044.028315200694
OUT_12013,307.1725098888108
OUT_12014,121.30430471516262
OUT_12015,1936.5983397763728
OUT_12016,118.59910944368694
OUT_12017,136.8168747848787
OUT_12018,112.15896541537933
OUT_12019,136.07361257439996
OUT_12020,130.10715631136375
OUT_12021,294.63178453869693
OUT_12022,383.357787332885
OUT_12023,111.3370059009344
OUT_12024,112.36675399689334
OUT_12025,109.38740459648449
OUT_12026,2002.674497666312
OUT_12027,227.58362654149812
OUT_12028,355.0882723723166
OUT_12029,117.37177827328648
OUT_12030,1000.806386694298
OUT_12031,162.33162433282894
OUT_12032,324.0317229501045
OUT_12033,320.96042004516505
OUT_12034,127.10667889893124
OUT_12035,358.91225870995174
OUT_12036,921.6586725752873
OUT_12037,139.7121560676215
OUT_12038,126.92547949888133
OUT_12039,121.226241041819
OUT_12040,160.6894698079991
OUT_12041,370.7304489145221
OUT_12042,311.7593566865269
OUT_12043,278.8848844472975
OUT_12044,125.76779262336832
OUT_12045,312.101991780924
OUT_12046,165.74591777649132
OUT_12047,124.76657457758824
OUT_12048,134.0273050658849
OUT_12049,971.5014559459524
OUT_12050,153.8988886653859
OUT_12051,112.33914385348726
OUT_12052,129.29687120082173
OUT_12053,105.63539446773044
OUT_12054,304.7457219910948
OUT_12055,1023.391226162062
OUT_12056,116.01027853155372
OUT_12057,101.24604379415396
OUT_12058,975.7139937661592
OUT_12059,98.94664976021939
OUT_12060,2081.186575661423
OUT_12061,128.00406437843208
OUT_12062,345.67987366241726
OUT_12063,268.7602100832093
OUT_12064,251.9029244695085
OUT_12065,135.92027071505086
OUT_12066,108.59670994410959
OUT_12067,119.229460641029
OUT_12068,143.79032468460653
OUT_12069,179.3299286594404
OUT_12070,364.14123291314615
OUT_12071,960.678420147281
OUT_12072,102.48219466841216
OUT_12073,128.754160436403
OUT_12074,949.5321313659783
OUT_12075,100.0860305292201
OUT_12076,131.10742834747762
OUT_12077,313.3833340031487
OUT_12078,150.63560114234588
OUT_12079,110.89292636395842
OUT_12080,116.5993053010132
OUT_12081,993.2037326940804
OUT_12082,317.8386993071683
OUT_12083,936.8821868248384
OUT_12084,284.95967307996744
OUT_12085,147.25660756735002
OUT_12086,111.87063645803391
OUT_12087,143.23720734879933
OUT_12088,153.78715479852022
OUT_12089,110.3567329926898
OUT_12090,284.72530845479315
OUT_12091,934.2142916396424
OUT_12092,116.2672239223036
OUT_12093,123.96003987912532
OUT_12094,215.87462365504362
OUT_12095,284.41785681912995
OUT_12096,332.49989117231945
OUT_12097,146.68001084141235
OUT_12098,301.9040746941022
OUT_12099,124.25236219362684
OUT_12100,120.69417436275408
OUT_12101,121.52297316474564
OUT_12102,114.85253035454916
OUT_12103,142.76121509073556
OUT_12104,171.76633377231644
OUT_12105,138.61749577340123
OUT_12106,140.91845700419918
OUT_12107,113.39347062391847
OUT_12108,2093.5500396696843
OUT_12109,322.26744831873407
OUT_12110,343.4275082267426
OUT_12111,139.8472340771968
OUT_12112,144.51080670584795
OUT_12113,908.7598707448387
OUT_12114,114.72205058837342
OUT_12115,985.4051883982692
OUT_12116,334.9847666661544
OUT_12117,206.4333773429125
OUT_12118,309.4330099805225
OUT_12119,109.98203963031581
OUT_12120,494.6201910249067
OUT_12121,353.4222551335771
OUT_12122,110.97393949201644
OUT_12123,322.797191493317
OUT_12124,309.5903926272596
OUT_12125,297.4580700068328
OUT_12126,129.3519116055189
OUT_12127,138.62290951732123
OUT_12128,341.1528452617071
OUT_12129,102.36152919353526
OUT_12130,120.9753704296152
OUT_12131,2072.495457505197
OUT_12132,122.21486971655646
OUT_12133,144.44262560884744
OUT_12134,356.63610732745
OUT_12135,179.02353464755723
OUT_12136,285.50433736450105
OUT_12137,307.06497944410376
OUT_12138,1003.327292326822
OUT_12139,970.534394181949
OUT_12140,154.38147589107052
OUT_12141,2083.777398077846
OUT_12142,1961.9842999293523
OUT_12143,129.0012488178273
OUT_12144,153.7437288712396
OUT_12145,968.9112047257762
OUT_12146,121.38165656413322
OUT_12147,276.58915486869233
OUT_12148,919.4717733919883
OUT_12149,131.2435870124965
OUT_12150,137.85986959792086
OUT_12151,115.50866766747467
OUT_12152,997.2154600326568
OUT_12153,319.54222729210886
OUT_12154,273.686483701035
OUT_12155,119.02658865166774
OUT_12156,157.33251555377308
OUT_12157,309.6993313724
OUT_12158,159.25474238545206
OUT_12159,2579.076480298646
OUT_12160,351.97832474049824
OUT_12161,112.16111395853066
OUT_12162,2034.3939206605223
OUT_12164,113.82934697839156
OUT_12165,129.3843839610286
OUT_12166,117.4514637486151
OUT_12167,115.06815238047187
OUT_12168,122.29814002889336
OUT_12169,108.7367985188958
OUT_12170,313.88139809342005
OUT_12171,138.37249742294497
OUT_12172,331.2393428323739
OUT_12173,278.1571214891662
OUT_12174,262.25662497485706
OUT_12175,112.39104254543884
OUT_12176,285.1921947911932
OUT_12177,137.85983389168678
OUT_12178,110.97932809246534
OUT_12179,127.66937291419045
OUT_12180,196.52020156618178
OUT_12181,117.85397014277676
OUT_12182,297.60950784156734
OUT_12183,139.8786420874665
OUT_12184,345.7897367045019
OUT_12185,367.53728277904713
OUT_12186,140.68703762405303
OUT_12187,349.5458036079816
OUT_12188,138.93972440434695
OUT_12189,324.6394529416071
OUT_12190,113.42803740865348
OUT_12191,118.70421115635618
OUT_12192,126.49909764235656
OUT_12193,216.63753060101914
OUT_12194,345.4559303210932
OUT_12195,116.72297225910258
OUT_12196,142.80267563185623
OUT_12197,396.5820891748682
OUT_12198,299.09721324581415
OUT_12199,128.69567826166428
OUT_12200,948.5116051317972
OUT_12201,141.44904615607476
OUT_12202,133.28852437335834
OUT_12203,931.5933363071488
OUT_12204,114.70542783169726
OUT_12205,2110.375397584396
OUT_12206,2038.9158035822588
OUT_12207,284.343994964796
OUT_12208,311.20475056060644
OUT_12209,121.87726988341367
OUT_12210,121.65130521015668
OUT_12211,156.02320749037546
OUT_12212,112.21106003562959
OUT_12213,156.1110033616897
OUT_12214,337.55696772541194
OUT_12215,1055.606561027296
OUT_12216,307.04584331258326
OUT_12217,103.39243745767217
OUT_12218,151.65062181419498
OUT_12219,331.8627100697866
OUT_12220,931.976973741539
OUT_12221,157.03056744785872
OUT_12222,111.78670344467349
OUT_12223,301.1938843814917
OUT_12224,1009.6509743784326
OUT_12225,140.39127565304594
OUT_12226,145.21329243281585
OUT_12227,146.54089504416734
OUT_12228,146.17142735297432
OUT_12229,124.36266732537943
OUT_12230,137.4785860513366
OUT_12231,143.156144600919
OUT_12232,182.59491595980552
OUT_12233,155.74133275405688
OUT_12234,108.8292031418314
OUT_12235,334.22508650570194
OUT_12236,116.33801626163019
OUT_12237,944.2675834318014
OUT_12238,111.1787289111522
OUT_12239,309.2870329352762
OUT_12240,127.92825051025065
OUT_12241,144.75262722246063
OUT_12242,1004.7137492776252
OUT_12243,121.1714453696872
OUT_12244,322.3584415517846
OUT_12245,118.24943526751602
OUT_12246,113.44320958639437
OUT_12247,119.3871376561585
OUT_12248,332.44912120952466
OUT_12249,2014.228007983976
OUT_12250,1044.9129666435651
OUT_12251,204.83366108066315
OUT_12252,107.59239731034492
OUT_12253,284.0322787244958
OUT_12254,136.65289235421906
OUT_12255,921.7545217794626
OUT_12256,883.7181655479721
OUT_12257,128.02770616786543
OUT_12258,1994.1761180566689
OUT_12259,346.7419141722862
OUT_12260,99.22753576954779
OUT_12261,153.47287635644113
OUT_12262,364.356622969536
OUT_12263,2052.9644037756148
OUT_12264,1946.3981051779144
OUT_12265,302.7793295901018
OUT_12266,150.1595062097053
OUT_12267,341.0061881907532
OUT_12268,2081.1809700411804
OUT_12269,114.52831747701006
OUT_12270,354.32858275676057
OUT_12271,116.43445203877768
OUT_12272,305.5876557403272
OUT_12273,257.0364466744519
OUT_12274,125.67694282747624
OUT_12275,326.246813392464
OUT_12276,126.79726046488626
OUT_12277,2015.3019147304287
OUT_12278,120.8601655953643
OUT_12279,313.7999410902648
OUT_12280,290.90991051399357
OUT_12281,308.72049525661834
OUT_12282,315.19930375990333
OUT_12283,1435.8195151162815
OUT_12284,111.07750332986902
OUT_12285,319.5216048963584
OUT_12286,161.63966354212113
OUT_12287,106.28115361048987
OUT_12288,104.03792491458043
OUT_12289,135.6658001521889
OUT_12290,111.89885463487175
OUT_12291,934.900942316458
OUT_12292,307.9654022570303
OUT_12293,155.74924238245526
OUT_12294,515.6494100648259
OUT_12295,1350.7074545047133
OUT_12296,136.35000436949574
OUT_12297,287.9659431762284
OUT_12298,302.400556902066
OUT_12299,142.0860193094591
OUT_12300,133.219835001801
OUT_12301,872.7535572497056
OUT_12302,257.38394953550426
OUT_12303,110.75110093628595
OUT_12304,113.99890975478468
OUT_12305,112.64770970745921
OUT_12306,2016.8188607195189
OUT_12307,123.99948746246282
OUT_12308,295.2292548337175
OUT_12309,297.62593813808786
OUT_12310,349.3385530601574
OUT_12311,347.4107932283349
OUT_12312,321.42843006511464
OUT_12313,136.40264783031537
OUT_12314,302.9122560077551
OUT_12315,139.86872659797118
OUT_12316,130.5942219766401
OUT_12317,121.26921688452214
OUT_12318,106.34698033867417
OUT_12319,118.14743245026716
OUT_12320,224.04364864429215
OUT_12321,135.61248779522398
OUT_12322,142.47347280061646
OUT_12323,191.3655644002025
OUT_12324,327.3450972507694
OUT_12325,291.13701503278213
OUT_12326,112.03346045849344
OUT_12327,959.2261120841029
OUT_12328,289.0015354893022
OUT_12329,142.7865597302798
OUT_12330,113.13318254023804
OUT_12331,941.2166397581652
OUT_12332,294.69578125698143
OUT_12333,343.4522762746837
OUT_12334,1931.0530125173268
OUT_12335,341.74546377680724
OUT_12336,107.0188539320656
OUT_12337,134.82933648238682
OUT_12338,409.52452154537866
OUT_12339,150.31141523914533
OUT_12340,326.7492622818663
OUT_12341,117.09748460574764
OUT_12342,116.8549055911346
OUT_12343,1001.7622602843068
OUT_12344,282.8362647781508
OUT_12345,2058.7818820968987
OUT_12346,965.7192417961757
OUT_12347,360.5479209809837
OUT_12348,2630.2794011788114
OUT_12349,344.6193325834178
OUT_12350,120.81348286421382
OUT_12351,127.46752076282294
OUT_12352,104.69266934032463
OUT_12353,110.67366817514812
OUT_12354,105.72295741045009
OUT_12355,345.2186632604348
OUT_12356,163.7146873062662
OUT_12357,111.18977586070251
OUT_12358,508.226697887962
OUT_12359,113.47896020014844
OUT_12360,996.871065887302
OUT_12361,111.68629968596015
OUT_12362,115.39331143019577
OUT_12363,109.79779907397116
OUT_12364,111.07750332986902
OUT_12365,197.6367742368439
OUT_12366,142.29470378065537
OUT_12367,312.4717760091291
OUT_12368,1986.1746093040551
OUT_12369,846.6432911867555
OUT_12370,326.5682622268953
OUT_12371,1005.5045397287254
OUT_12372,2014.1750020897912
OUT_12373,279.43522872316936
OUT_12374,323.88663353850933
OUT_12375,315.2202722142102
OUT_12376,901.8105195678326
OUT_12377,111.35928545269469
OUT_12378,309.36498266438474
OUT_12379,116.0107708332224
OUT_12380,239.81369655452986
OUT_12381,908.4689730045579
OUT_12382,116.04852525350819
OUT_12383,112.39490753466973
OUT_12384,920.692679198035
OUT_12385,140.35589519799282
OUT_12386,114.73374159438204
OUT_12387,334.2832200846461
OUT_12388,923.7652218767248
OUT_12389,323.7508814551081
OUT_12390,136.63191810035295
OUT_12391,290.1616587192339
OUT_12392,156.76545736432666
OUT_12393,318.07094207153887
OUT_12394,944.451870047934
OUT_12395,141.97810271189707
OUT_12396,866.0539879420385
OUT_12397,183.39303019678212
OUT_12398,1954.1971469650164
OUT_12399,368.6964176919837
OUT_12400,2016.0194319617729
OUT_12401,1043.7340354494363
OUT_12402,358.0577080916674
OUT_12403,215.3601314866739
OUT_12404,112.37732256210138
OUT_12405,113.23074519700228
OUT_12406,288.8107865825796
OUT_12408,175.3085072694386
OUT_12409,318.46432578476464
OUT_12410,370.2449450927632
OUT_12411,430.2571617121897
OUT_12412,287.2256979916908
OUT_12413,334.8237126554769
OUT_12414,1020.5405848196636
OUT_12415,283.61638668869
OUT_12416,339.35482766097346
OUT_12417,944.5615288588964
OUT_12418,282.41124062985324
OUT_12419,135.00654354059614
OUT_12420,321.4606770830012
OUT_12421,351.5057825600472
OUT_12422,159.21283188112974
OUT_12423,322.46327547982685
OUT_12424,908.9386486765176
OUT_12425,2027.1446840262208
OUT_12426,116.80590022052561
OUT_12427,116.45110725153368
OUT_12428,116.28630939470357
OUT_12429,293.20205912508374
OUT_12430,289.42719792857525
OUT_12431,150.7409256799317
OUT_12432,139.0653035071439
OUT_12433,193.71958826980185
OUT_12434,293.961625118095
OUT_12435,338.3201878212945
OUT_12436,961.8987163627548
OUT_12437,100.55031426451478
OUT_12438,113.17508028177888
OUT_12439,159.67474535835208
OUT_12440,948.6795758995572
OUT_12441,114.48050372705376
OUT_12442,363.95771882805127
OUT_12443,165.4767462201286
OUT_12444,897.8996784504137
OUT_12445,2179.9633184069603
OUT_12446,358.6662582302987
OUT_12447,118.46373795227706
OUT_12448,294.14293379721715
OUT_12449,127.23256850218564
OUT_12450,280.07888104061544
OUT_12451,127.38878686799652
OUT_12452,159.98187232956428
OUT_12453,112.36204545332703
OUT_12454,389.91840054785575
OUT_12455,112.5966984543448
OUT_12456,901.4626118565027
OUT_12457,218.93355454840986
OUT_12458,130.16658948835584
OUT_12459,337.6103761885733
OUT_12460,941.1263866874372
OUT_12461,103.79401815367152
OUT_12462,156.645239155809
OUT_12463,1067.0636097198546
OUT_12464,294.7419610697085
OUT_12465,123.3602533582565
OUT_12466,156.99189843290415
OUT_12467,115.78508710127085
OUT_12468,165.76516482285896
OUT_12469,995.8312652347674
OUT_12470,338.62313640346343
OUT_12471,139.6417184430941
OUT_12472,123.68413410755574
OUT_12473,344.66920313415187
OUT_12474,164.3010059814893
OUT_12475,105.16822962985488
OUT_12476,343.9818597423106
OUT_12477,122.67325108430094
OUT_12478,221.2140034038421
OUT_12479,335.71577674209345
OUT_12480,1340.2311626029514
OUT_12481,112.88628374592507
OUT_12482,978.6634347083244
OUT_12483,918.3283133299195
OUT_12484,1997.640404795708
OUT_12485,982.6202533114612
OUT_12486,139.27623282611052
OUT_12487,110.79591746407245
OUT_12488,922.0109851181256
OUT_12489,137.30528848384245
OUT_12490,136.13173568200085
OUT_12491,101.01952553290793
OUT_12492,2020.1687560742164
OUT_12493,145.55678543409496
OUT_12494,2028.6565834215853
OUT_12495,322.5621930050707
OUT_12496,405.5334036198725
OUT_12497,107.24510962890919
OUT_12498,274.2053089532367
OUT_12499,146.57850118919484
OUT_12500,115.41140191892012
OUT_12501,309.3251250696585
OUT_12502,970.8712755710308
OUT_12503,290.58823966481464
OUT_12504,110.37331081281609
OUT_12505,177.3444355166011
OUT_12506,133.7031158224796
OUT_12507,1006.1497432001804
OUT_12508,272.3455833737242
OUT_12509,942.690188060182
OUT_12510,150.82043713455235
OUT_12511,122.90761204809364
OUT_12512,295.6440607403482
OUT_12513,369.840983543384
OUT_12514,1977.021320893574
OUT_12515,279.32286442006557
OUT_12516,154.228472347983
OUT_12517,257.55859990529143
OUT_12518,974.81015787391
OUT_12519,116.17792382225824
OUT_12521,140.32999364242144
OUT_12522,946.1550128738028
OUT_12523,343.0965758108762
OUT_12524,109.96052031439211
OUT_12525,106.75609768169716
OUT_12526,177.40381977388955
OUT_12527,198.2553728815463
OUT_12528,233.95708382582433
OUT_12529,940.9827778099726
OUT_12530,950.0427981198054
OUT_12531,999.4751081712866
OUT_12532,111.19624610747321
OUT_12533,180.95392779569147
OUT_12535,150.33111110576593
OUT_12536,958.1871803858546
OUT_12537,137.7783308592135
OUT_12538,322.5234833145239
OUT_12539,112.50495591205517
OUT_12540,119.976979312289
OUT_12541,190.57952369894323
OUT_12542,330.7202924333931
OUT_12543,145.00411219013034
OUT_12544,357.3978161601862
OUT_12546,108.62219139747504
OUT_12547,121.20631830850256
OUT_12548,191.99982884491973
OUT_12549,172.85338275691493
OUT_12550,118.57778819193317
OUT_12551,297.62593813808786
OUT_12552,964.0074423251468
OUT_12553,289.8112192544809
OUT_12554,140.58573857808906
OUT_12555,113.28946907720561
OUT_12556,105.37113282123991
OUT_12557,142.4843607237075
OUT_12558,105.31427467998941
OUT_12559,126.98411368028167
OUT_12560,131.3136359325735
OUT_12561,2137.3994032156443
OUT_12562,953.9615420110888
OUT_12563,944.5928842240204
OUT_12564,323.7280052418726
OUT_12565,143.18960446960253
OUT_12566,120.95153400716792
OUT_12567,169.6720915709281
OUT_12568,119.99186831027583
OUT_12569,908.3260672061529
OUT_12570,339.68400234339714
OUT_12571,187.30075380019989
OUT_12572,939.7475297426876
OUT_12573,148.0822288109381
OUT_12574,154.61447762331028
OUT_12575,314.044631542416
OUT_12576,148.6174042861325
OUT_12577,104.0862595650819
OUT_12578,284.20353573053825
OUT_12579,318.7016769029415
OUT_12580,961.0922741613498
OUT_12581,972.747416783069
OUT_12582,984.0224719698804
OUT_12583,137.99177235009486
OUT_12584,120.8474990199344
OUT_12585,129.75469804030433
OUT_12586,128.81286371018763
OUT_12587,953.8242797061196
OUT_12588,2884.9290478942817
OUT_12589,127.5634459654585
OUT_12590,110.93360516727549
OUT_12591,320.0801189525609
OUT_12592,2023.080024200489
OUT_12593,309.6629115407627
OUT_12594,1006.1952115088882
OUT_12595,393.2913502756696
OUT_12596,925.2298074724748
OUT_12597,155.45861522110476
OUT_12598,1037.9346889316394
OUT_12599,136.9492852325126
OUT_12600,340.5018697532085
OUT_12601,133.04374936170842
OUT_12602,238.0138656184499
OUT_12603,1002.3668289316754
OUT_12604,388.7709856310087
OUT_12605,366.605273115993
OUT_12606,302.9605857011793
OUT_12607,318.0280507210609
OUT_12608,141.37654143625392
OUT_12609,160.51546279189807
OUT_12611,312.51725194371807
OUT_12612,142.2143240542701
OUT_12613,121.88927538883804
OUT_12614,153.61153353420582
OUT_12615,346.4491895323128
OUT_12616,155.8694899444448
OUT_12617,112.71199744619678
OUT_12618,279.9781159326805
OUT_12619,176.38857447741765
OUT_12620,199.01108996363556
OUT_12621,917.8165660182372
OUT_12622,124.48914665296417
OUT_12623,1005.4585613131208
OUT_12624,2105.708291167073
OUT_12625,2111.205112167788
OUT_12626,156.00980046440728
OUT_12627,103.20406773996798
OUT_12628,311.3980156671368
OUT_12629,952.6541988120676
OUT_12630,319.6617457052128
OUT_12631,111.55712243442912
OUT_12632,976.1816319469692
OUT_12633,145.33711071349174
OUT_12634,171.6506971950024
OUT_12635,316.3894402084997
OUT_12636,132.88031742935635
OUT_12637,126.90788424679523
OUT_12638,1999.526610070732
OUT_12639,110.89104961266906
OUT_12640,121.51888745132214
OUT_12641,981.656109303998
OUT_12642,1945.481712113556
OUT_12643,295.5344401356036
OUT_12644,359.5527395261126
OUT_12645,226.23088095866734
OUT_12646,146.45388795313562
OUT_12647,160.192440886291
OUT_12648,112.22935433829048
OUT_12649,130.11553720705854
OUT_12650,140.13743574064515
OUT_12651,105.77127049411507
OUT_12652,296.73171270250145
OUT_12653,339.9481223318018
OUT_12654,1030.0099147236433
OUT_12655,270.0915685338561
OUT_12656,124.90476346284206
OUT_12657,172.97647654688316
OUT_12658,1995.237120601668
OUT_12659,145.44466767510386
OUT_12660,292.9824157368764
OUT_12662,132.0101972544919
OUT_12663,130.90712696551392
OUT_12664,283.7611547899614
OUT_12665,160.98934014010035
OUT_12666,950.7262968352424
OUT_12667,127.24281786655126
OUT_12668,338.3502751506855
OUT_12670,338.32137420292764
OUT_12671,146.57894938242174
OUT_12672,928.6989469405428
OUT_12673,166.67766949502928
OUT_12674,152.87786438376375
OUT_12675,2061.9924154987057
OUT_12676,115.39230248211791
OUT_12677,351.0236283426515
OUT_12678,288.48936161092814
OUT_12679,148.32396847371768
OUT_12680,112.78532551095874
OUT_12681,112.88880462456584
OUT_12682,961.2631254841529
OUT_12683,1997.6702843214684
OUT_12684,120.28195563158464
OUT_12685,116.57447005091612
OUT_12686,240.72138659075097
OUT_12687,106.60032807334605
OUT_12688,109.43810047389772
OUT_12689,345.1782300749623
OUT_12690,361.9287693016788
OUT_12691,1994.4229733346576
OUT_12692,302.7214018876157
OUT_12693,320.1623874810423
OUT_12694,178.04053151633485
OUT_12695,112.76365250916854
OUT_12696,123.466151348503
OUT_12697,1048.0743336054302
OUT_12698,285.50433736450105
OUT_12699,104.26155098041626
OUT_12700,197.49051121032977
OUT_12701,140.1918660396414
OUT_12702,1029.6344219493262
OUT_12703,112.68671175055871
OUT_12704,990.249855657402
OUT_12705,928.2854381903244
OUT_12706,359.9722067465988
OUT_12707,295.7681171160782
OUT_12708,134.01046323236622
OUT_12709,291.5431252337873
OUT_12710,207.85687166062675
OUT_12711,251.47365252085044
OUT_12712,282.014882005502
OUT_12713,239.36502436901543
OUT_12714,326.18937930574845
OUT_12716,323.83807504961254
OUT_12717,298.3907485128126
OUT_12718,103.61285577227987
OUT_12719,323.4532187942619
OUT_12720,147.94801936267538
OUT_12721,111.83248694615126
OUT_12722,368.763830217838
OUT_12723,112.51507927578538
OUT_12724,122.86398150984496
OUT_12725,111.99857423634788
OUT_12726,92.47573690447436
OUT_12728,2057.2293458346085
OUT_12729,378.4655004702652
OUT_12730,984.4682468704232
OUT_12731,306.5447653317644
OUT_12732,117.01091098677726
OUT_12733,142.48380771525066
OUT_12734,937.1441023369742
OUT_12735,319.60632640960864
OUT_12736,108.27747637639447
OUT_12737,112.99720593709291
OUT_12738,118.35804159544487
OUT_12739,122.59581510417136
OUT_12740,939.974571138056
OUT_12741,131.937353255299
OUT_12742,2079.0798230278465
OUT_12743,352.2064569149029
OUT_12744,338.6903250993396
OUT_12745,1083.9849741447165
OUT_12746,130.3163877249118
OUT_12747,151.0027162115355
OUT_12748,156.59492687282565
OUT_12749,155.48513187655018
OUT_12750,286.59968859134574
OUT_12751,137.3377997576211
OUT_12752,116.94033343419665
OUT_12753,340.80379357593546
OUT_12754,953.8872480474448
OUT_12755,336.35671262653307
OUT_12756,146.17747712096394
OUT_12757,105.45306725767207
OUT_12758,105.19104117052103
OUT_12759,130.47860082828552
OUT_12760,113.87933543165539
OUT_12761,95.79957876025752
OUT_12762,139.3995745627377
OUT_12763,288.7068356493684
OUT_12764,111.13107435092783
OUT_12765,112.98564720848346
OUT_12766,322.84558252980395
OUT_12767,111.8711215482408
OUT_12768,115.57335665343444
OUT_12769,1005.940433331246
OUT_12770,123.02135082153646
OUT_12771,125.05706416934449
OUT_12772,104.98232131759548
OUT_12773,103.5789552888106
OUT_12774,149.55580545365478
OUT_12775,163.41451722770196
OUT_12776,135.31679861391976
OUT_12777,359.7068597822307
OUT_12778,112.08643606903995
OUT_12779,106.6634379243444
OUT_12780,132.0457236070262
OUT_12781,165.74582245025115
OUT_12782,297.8864129372643
OUT_12783,945.3679943714286
OUT_12784,338.595121494062
OUT_12785,303.8319415043892
OUT_12786,116.91672006909076
OUT_12787,143.22999785385116
OUT_12788,287.3849549983361
OUT_12789,361.9137873716384
OUT_12790,355.40462567806986
OUT_12791,115.18795450802186
OUT_12792,319.28520218795904
OUT_12793,386.1520949214544
OUT_12794,121.51562518243963
OUT_12795,119.46502228553722
OUT_12796,164.39578479983967
OUT_12797,137.95348398104696
OUT_12798,120.54677794888444
OUT_12799,106.3353313563001
OUT_12800,139.0191776117354
OUT_12801,311.3614014802093
OUT_12802,119.93860350757058
OUT_12803,112.9929868141173
OUT_12804,960.9503698038684
OUT_12805,125.11235791520453
OUT_12806,302.280438573998
OUT_12807,968.3602733604276
OUT_12808,131.58557923380965
OUT_12809,263.63505780445246
OUT_12810,347.146520329277
OUT_12811,294.9789252517903
OUT_12812,125.04636494831148
OUT_12813,347.8919631858763
OUT_12814,340.78162152888166
OUT_12815,989.3640008799536
OUT_12816,356.0803323221277
OUT_12817,354.7977831608112
OUT_12819,110.22320436462898
OUT_12820,826.3609039090526
OUT_12821,314.4423515491945
OUT_12822,175.3085072694386
OUT_12823,110.3567329926898
OUT_12824,110.61619555525337
OUT_12825,114.15856081532422
OUT_12826,142.1680907947743
OUT_12827,111.87492674257409
OUT_12828,110.53420848370186
OUT_12829,116.709203639713
OUT_12830,138.06644132130367
OUT_12831,111.98665019585353
OUT_12832,445.7259295321656
OUT_12833,299.25096004548976
OUT_12834,2030.480049837844
OUT_12835,200.45838858076158
OUT_12836,313.9854995309386
OUT_12837,135.19134677791084
OUT_12838,99.07909475576186
OUT_12839,105.96211459749476
OUT_12840,120.99187008029996
OUT_12841,131.86059628569527
OUT_12842,904.6115068688002
OUT_12843,351.1975699293047
OUT_12844,328.3871675361221
OUT_12845,323.8841011057651
OUT_12846,106.81526221347191
OUT_12847,114.68376353793846
OUT_12848,2088.285576789824
OUT_12849,301.3490573618505
OUT_12850,136.7017498183262
OUT_12851,284.8436763593081
OUT_12852,124.887501626559
OUT_12853,136.98704421242334
OUT_12854,141.02508751771998
OUT_12855,1999.0986025382217
OUT_12856,113.89273093426436
OUT_12857,928.0300403031242
OUT_12858,126.78634117743526
OUT_12859,121.61651815530001
OUT_12860,189.44449210061074
OUT_12861,324.98109303766023
OUT_12862,362.00258625796505
OUT_12863,978.1979871925232
OUT_12864,138.613606129535
OUT_12865,2687.8128798863177
OUT_12866,117.47591808527122
OUT_12867,315.9303458450321
OUT_12868,123.97968485814752
OUT_12869,150.8688719904697
OUT_12870,157.29003737509933
OUT_12871,192.48520638467025
OUT_12872,136.36275406713344
OUT_12873,2052.9325857095146
OUT_12874,2108.785591209365
OUT_12875,974.3787252354437
OUT_12876,286.9075130683009
OUT_12877,131.1438505080485
OUT_12878,117.28460939707256
OUT_12879,311.5286732298397
OUT_12881,319.5325464784613
OUT_12882,2120.1731468099365
OUT_12883,372.536051460316
OUT_12884,121.10068736973376
OUT_12885,281.31125286501344
OUT_12886,287.9973441471968
OUT_12887,129.22433306001915
OUT_12888,136.609335547068
OUT_12889,295.00293124700755
OUT_12890,2047.3992020298256
OUT_12891,285.1672641897157
OUT_12892,301.2469058674473
OUT_12893,109.5737187260022
OUT_12894,164.02904310476382
OUT_12895,228.54408084446482
OUT_12896,340.5838461558288
OUT_12897,147.0802984019393
OUT_12898,297.8299985748609
OUT_12899,104.36821071595868
OUT_12900,1127.5964373618651
OUT_12901,112.08497187406766
OUT_12902,106.28998940135794
OUT_12903,145.80444985880123
OUT_12904,288.2898799046946
OUT_12905,1026.1116478968108
OUT_12906,1048.7573205004117
OUT_12907,952.7351298038182
OUT_12908,121.97403072759948
OUT_12909,285.92812166282107
OUT_12910,123.87225499723117
OUT_12911,932.6453170883389
OUT_12912,195.4354556052023
OUT_12913,299.8814959083109
OUT_12914,118.43416330985701
OUT_12915,335.595038681248
OUT_12916,163.70957907116167
OUT_12917,111.27206318248307
OUT_12918,302.9911181540062
OUT_12919,143.74078669746044
OUT_12920,131.72255632915488
OUT_12921,274.4864335500383
OUT_12922,110.65391161345899
OUT_12923,904.1604583563332
OUT_12924,322.4530926081888
OUT_12925,359.4269685561519
OUT_12926,908.1383989709558
OUT_12927,178.30460734431503
OUT_12928,111.48589755231647
OUT_12929,112.48346648570242
OUT_12930,345.7743535887164
OUT_12931,130.8718104437141
OUT_12932,2029.9765734505136
OUT_12933,303.68192992502134
OUT_12934,488.4705347702883
OUT_12935,893.4203824318568
OUT_12936,143.18194126537688
OUT_12937,145.4820315467771
OUT_12938,111.60530360496985
OUT_12939,1981.01893931746
OUT_12940,115.64606634117256
OUT_12941,991.2504718760088
OUT_12942,327.4150291953158
OUT_12943,149.44533559008667
OUT_12944,310.91784796469744
OUT_12945,333.54065283005895
OUT_12946,282.68212366141324
OUT_12947,171.17623392745622
OUT_12948,111.01313402316303
OUT_12949,909.6825678091094
OUT_12950,300.3128744843012
OUT_12951,329.63709485253025
OUT_12952,182.8817203751558
OUT_12953,934.4541644173868
OUT_12954,141.91777533893637
OUT_12955,98.25389800182126
OUT_12956,116.77766779636391
OUT_12958,344.23999836121413
OUT_12959,327.40922608719865
OUT_12960,304.3704127141027
OUT_12961,956.64906761873
OUT_12962,159.35316164403255
OUT_12963,366.2134832046341
OUT_12964,119.61481775364015
OUT_12965,1041.0788458501331
OUT_12966,124.53704200310712
OUT_12967,133.4169590388863
OUT_12968,124.94193299029476
OUT_12969,2088.091764267468
OUT_12970,302.0363314091937
OUT_12971,1056.0352811323826
OUT_12972,322.49617254814063
OUT_12973,100.9617698836214
OUT_12974,2042.507487849492
OUT_12975,118.20877217212545
OUT_12976,993.0072311343154
OUT_12977,916.1218400700191
OUT_12978,2041.5362686561816
OUT_12979,336.0963794571922
OUT_12980,111.31846760464786
OUT_12981,126.43657716673886
OUT_12982,350.1085242724193
OUT_12983,131.34968641934134
OUT_12984,120.3290276446024
OUT_12985,927.7948217002818
OUT_12986,953.2869377395212
OUT_12987,2986.1932298098554
OUT_12988,140.0169543543031
OUT_12989,163.09462635668666
OUT_12990,321.5458155699964
OUT_12991,994.9436470131986
OUT_12992,295.21619215788337
OUT_12993,978.2006270325832
OUT_12994,314.2319803026138
OUT_12995,116.99858459509286
OUT_12996,305.6724331642391
OUT_12997,272.3455833737242
OUT_12998,255.38876184755043
OUT_12999,114.65602463040096
OUT_13000,292.2787865454572
OUT_13001,108.41069833791055
OUT_13002,111.25989031009446
OUT_13003,112.36675399689334
OUT_13004,297.1413719496211
OUT_13005,133.6889893820594
OUT_13006,114.2715946859649
OUT_13007,110.89292636395842
OUT_13008,2004.8311055078568
OUT_13009,144.0276520286309
OUT_13010,912.1018471055826
OUT_13011,123.86439144024608
OUT_13012,128.19647642418258
OUT_13013,111.61162422101008
OUT_13014,143.10408284074626
OUT_13015,321.22226419060286
OUT_13016,111.25307288757398
OUT_13017,1003.5510676350168
OUT_13018,279.1919755404063
OUT_13019,991.4201639581736
OUT_13020,288.00505426305006
OUT_13021,111.15287072662328
OUT_13022,108.63329284611936
OUT_13023,2098.1542947606868
OUT_13024,145.55092204902076
OUT_13025,111.03961790583058
OUT_13026,912.3933974010047
OUT_13027,286.32065517056276
OUT_13028,122.22267445273332
OUT_13029,298.70730618948187
OUT_13030,103.75274439503481
OUT_13031,112.0020104279
OUT_13032,1009.883306193463
OUT_13033,112.04288217198932
OUT_13034,114.07850156409793
OUT_13035,1949.162390412488
OUT_13036,279.40145612701946
OUT_13037,105.15024679412632
OUT_13038,109.10258266037947
OUT_13039,327.3961309326162
OUT_13040,110.61619555525337
OUT_13041,112.77184279943457
OUT_13042,112.43634446120491
OUT_13043,114.4927648223557
OUT_13044,293.1766077516343
OUT_13045,108.40203536308567
OUT_13046,115.99993357273571
OUT_13047,119.75307914297925
OUT_13048,116.37792215212089
OUT_13049,138.06658102774827
OUT_13050,122.13297252324767
OUT_13051,116.02619517450803
OUT_13052,927.168926974826
OUT_13053,284.6743540035199
OUT_13054,111.00212878504446
OUT_13055,1897.3657869559656
OUT_13056,286.792025646834
OUT_13057,963.7993156728504
OUT_13058,114.01611422852734
OUT_13059,129.39032886920597
OUT_13060,111.60133491001444
OUT_13061,116.26209976519417
OUT_13062,103.80048755948394
OUT_13063,947.3294728449964
OUT_13064,142.75036965740827
OUT_13065,113.61784056853364
OUT_13066,280.81081975464207
OUT_13067,118.43416330985701
OUT_13068,152.46609987296767
OUT_13069,107.11409415899247
OUT_13070,104.90539785841744
OUT_13071,116.9235752651592
OUT_13072,938.3086190008928
OUT_13073,113.41403321366076
OUT_13074,138.35922151712708
OUT_13075,310.3681363639937
OUT_13076,329.48625685723016
OUT_13077,145.3976566519915
OUT_13078,112.20031187048703
OUT_13079,113.90216612714696
OUT_13080,109.7519266935055
OUT_13081,109.76117602532352
OUT_13082,153.52904032109325
OUT_13083,116.43932867924418
OUT_13084,135.28875522296528
OUT_13085,108.28221284257964
OUT_13086,113.40344488675626
OUT_13087,116.39471515376688
OUT_13088,920.155625347511
OUT_13089,125.91964919165724
OUT_13090,120.69151602859903
OUT_13091,329.43236065641065
OUT_13092,315.7682721392953
OUT_13093,332.7885941196389
OUT_13094,143.55100777643352
OUT_13095,292.3311972085011
OUT_13096,367.75589900062687
OUT_13097,912.3933974010047
OUT_13098,133.83848790265307
OUT_13099,153.13768684287257
OUT_13100,109.44772301033655
OUT_13101,286.294216227074
OUT_13102,111.31846760464786
OUT_13103,111.5683595609232
OUT_13104,307.4524713587276
OUT_13105,927.8989064196224
OUT_13106,103.5789552888106
OUT_13107,104.79586760039552
OUT_13108,110.89292636395842
OUT_13109,283.7776675249811
OUT_13110,115.86689880649165
OUT_13111,265.22603766403944
OUT_13112,136.7172842837288
OUT_13113,2061.9789500037405
OUT_13114,107.1290273364865
OUT_13115,135.37342277056854
OUT_13116,338.6814309227476
OUT_13117,117.44012042298526
OUT_13118,2113.284578883263
OUT_13119,279.32286442006557
OUT_13120,335.58917565193155
OUT_13121,105.96210124607714
OUT_13122,114.30934910625069
OUT_13123,110.25052042756909
OUT_13124,103.5789552888106
OUT_13125,284.582039588715
OUT_13126,111.60133491001444
OUT_13127,124.764819913173
OUT_13128,930.3775393881456
OUT_13129,283.7611547899614
OUT_13130,308.4404949344703
OUT_13131,109.87040090601398
OUT_13132,307.06893432154624
OUT_13133,240.3415196415821
OUT_13134,110.53420848370186
OUT_13135,906.0948081302778
OUT_13136,110.20117840386163
OUT_13137,111.48589755231647
OUT_13138,106.59973218565817
OUT_13139,183.46964326696
OUT_13140,1907.0196414335835
OUT_13141,294.80509152088354
OUT_13142,138.03769471849836
OUT_13143,158.56879869340557
OUT_13144,948.467090972424
OUT_13145,165.06560216831744
OUT_13146,129.85470334195745
OUT_13147,118.64718383831044
OUT_13148,372.9287222182693
OUT_13149,950.5508254581862
OUT_13150,291.4812135180665
OUT_13151,341.8486276053584
OUT_13152,299.35142142299617
OUT_13153,302.85603325218983
OUT_13154,104.09359555100103
OUT_13155,112.15215703113248
OUT_13156,122.4993230973044
OUT_13157,317.4492653428166
OUT_13158,926.413214897948
OUT_13159,112.60027598069136
OUT_13160,119.45705927227792
OUT_13161,104.71487283817636
OUT_13162,133.74290145389372
OUT_13163,104.21714844474111
OUT_13164,121.90219712898876
OUT_13165,347.7666036546905
OUT_13166,121.067183799438
OUT_13167,472.406887514808
OUT_13168,929.5788304831656
OUT_13169,110.7358471264564
OUT_13170,295.7372068211375
OUT_13171,298.32593475107615
OUT_13172,284.6882521538357
OUT_13173,911.6511043092048
OUT_13174,104.09359555100103
OUT_13175,204.13968836555583
OUT_13176,111.78670344467349
OUT_13177,304.872221376791
OUT_13178,109.98203963031581
OUT_13179,116.07809989592823
OUT_13180,286.294216227074
OUT_13181,108.83808307858123
OUT_13182,116.3781960355302
OUT_13183,115.10083416076904
OUT_13184,346.1700835126089
OUT_13185,291.09134267384235
OUT_13186,283.7611547899614
OUT_13187,110.53420848370186
OUT_13188,293.61409357113496
OUT_13189,306.4199534466566
OUT_13190,108.79056827964412
OUT_13191,105.16963046335603
OUT_13192,104.79586760039552
OUT_13193,112.49371483616208
OUT_13194,373.5124602103157
OUT_13195,128.8623825763539
OUT_13196,103.75274439503481
OUT_13197,127.81510224756332
OUT_13198,296.8318571191574
OUT_13199,110.61619555525337
OUT_13200,110.89292636395842
OUT_13201,490.4495061049201
OUT_13202,115.38340535489796
OUT_13203,310.78724225142054
OUT_13204,105.03746354348964
OUT_13205,123.9991830511932
OUT_13206,927.3109372025864
OUT_13207,148.12518044519337
OUT_13208,141.49484134270082
OUT_13209,109.67413730108414
OUT_13210,272.3455833737242
OUT_13211,127.59057108662516
OUT_13212,111.34340259458553
OUT_13213,260.0623215470614
OUT_13214,104.31769986679066
OUT_13215,311.736444543457
OUT_13216,119.2314831050128
OUT_13217,111.79293539217392
OUT_13218,124.3298444581256
OUT_13219,124.4358854202686
OUT_13220,962.1269336562816
OUT_13221,113.6620592087352
OUT_13222,138.24549824723155
OUT_13223,312.277751453336
OUT_13224,121.04440398078576
OUT_13225,139.8855926929733
OUT_13226,111.35928545269469
OUT_13227,329.106948119895
OUT_13228,984.0629970431296
OUT_13229,111.07750332986902
OUT_13230,2064.94346168692
OUT_13231,909.4201641013602
OUT_13232,2020.2748806383008
OUT_13233,143.68862505878036
OUT_13234,2787.728337750372
OUT_13235,127.41776809892173
OUT_13236,172.30774690180965
OUT_13237,1936.6872277538591
OUT_13238,941.7042120974731
OUT_13239,151.35884851715244
OUT_13240,1971.9944486928168
OUT_13241,357.4647798289657
OUT_13242,132.5596523665472
OUT_13243,291.0326027478196
OUT_13244,112.70158584033004
OUT_13245,116.04034547564244
OUT_13246,285.2513051151596
OUT_13247,125.70617681151457
OUT_13248,109.29003033835176
OUT_13249,104.682640342101
OUT_13250,134.77901046342956
OUT_13251,113.66586902692066
OUT_13252,972.4915116084804
OUT_13253,207.97473555934334
OUT_13254,2531.648903627151
OUT_13255,110.7841509846686
OUT_13256,947.4754272395342
OUT_13257,108.69558545767262
OUT_13258,341.4330239060798
OUT_13259,104.02653446674063
OUT_13260,114.70257421447725
OUT_13261,174.53728601474202
OUT_13262,112.82232552664853
OUT_13263,101.80657506498709
OUT_13264,287.50347351619143
OUT_13265,111.31846760464786
OUT_13266,2111.049524164288
OUT_13267,124.14341391787842
OUT_13268,134.15107078709698
OUT_13269,970.4929348019884
OUT_13270,959.0361012613488
OUT_13271,1032.041983972425
OUT_13272,925.53437749553
OUT_13273,124.02576705792605
OUT_13274,110.53469357390874
OUT_13275,109.27976758092132
OUT_13276,147.7736168296339
OUT_13277,382.450574148209
OUT_13278,128.00029090208596
OUT_13279,305.04417269484065
OUT_13280,275.6103263023814
OUT_13281,1000.0942300779996
OUT_13282,109.56792473596343
OUT_13283,110.16849334751576
OUT_13284,1108.9229649132424
OUT_13285,961.2579234152804
OUT_13286,343.98014229518924
OUT_13287,273.7937842361356
OUT_13288,912.3687210864664
OUT_13289,1036.2177269094864
OUT_13290,114.91228689045558
OUT_13291,112.46750232525989
OUT_13292,309.969556825618
OUT_13293,308.2194431301697
OUT_13294,284.5904362875674
OUT_13295,114.77424216661271
OUT_13296,2150.6304463894653
OUT_13297,290.9038978935379
OUT_13298,308.9439843246563
OUT_13299,148.68764011594268
OUT_13300,111.12511765902022
OUT_13301,136.18244310315572
OUT_13302,289.755084090003
OUT_13303,297.1415104581119
OUT_13304,105.19973603568499
OUT_13305,112.30757565436434
OUT_13306,136.73625166971243
OUT_13307,110.37640935047864
OUT_13308,110.61619555525337
OUT_13309,284.5772400006267
OUT_13310,135.28834708913192
OUT_13311,299.34376439002097
OUT_13312,104.71487283817636
OUT_13313,125.40204868967744
OUT_13314,2125.9043130178243
OUT_13315,116.94737215220968
OUT_13316,110.39115095365004
OUT_13317,137.07526726836176
OUT_13318,911.572512602251
OUT_13319,987.003507800889
OUT_13320,963.2739761862512
OUT_13321,112.28008613473251
OUT_13322,104.682640342101
OUT_13323,109.27976758092132
OUT_13324,285.01716099618994
OUT_13325,109.27976758092132
OUT_13326,122.20824782552992
OUT_13327,119.50237312777344
OUT_13328,119.77222338228174
OUT_13329,120.4908644744615
OUT_13330,112.97061428201371
OUT_13331,104.26155098041626
OUT_13332,223.93527703473157
OUT_13333,2045.5775299634688
OUT_13334,339.0897204675325
OUT_13335,2177.5681591275657
OUT_13336,135.34141679816713
OUT_13337,112.28869496954901
OUT_13338,905.7284414386859
OUT_13339,1008.6927808594476
OUT_13340,129.58812609712032
OUT_13341,135.38620341247812
OUT_13342,118.30366515851227
OUT_13343,947.3509227055824
OUT_13344,332.28733278183824
OUT_13345,157.8017662305342
OUT_13346,159.1331988404758
OUT_13347,1916.202749049616
OUT_13348,111.3370059009344
OUT_13349,105.03746354348964
OUT_13350,912.3687210864664
OUT_13351,299.69185704766073
OUT_13352,303.37355008900425
OUT_13353,361.9696419756237
OUT_13354,145.79527492309165
OUT_13355,286.332904304759
OUT_13356,108.77585994734456
OUT_13357,129.21032327919443
OUT_13358,239.01383829122474
OUT_13359,161.0349948299383
OUT_13360,285.3734484848418
OUT_13361,105.34609002970764
OUT_13362,226.5826551485671
OUT_13363,112.82232552664853
OUT_13364,360.4477659210714
OUT_13365,114.1504093268532
OUT_13366,282.90089558900803
OUT_13367,115.10727520140408
OUT_13368,291.5273189594933
OUT_13369,340.1759716903624
OUT_13370,1070.7121708424677
OUT_13371,104.09359555100103
OUT_13372,122.3514245281692
OUT_13373,123.47584362000136
OUT_13374,103.73752872157041
OUT_13375,106.88745426206096
OUT_13376,364.1061780578234
OUT_13377,321.44336498636767
OUT_13378,117.35926072067
OUT_13379,2013.703091146528
OUT_13380,283.13786734550035
OUT_13381,120.58718858992536
OUT_13382,144.60478944922198
OUT_13383,114.1079191702364
OUT_13384,290.795536832068
OUT_13385,319.17151847532006
OUT_13386,163.33892492747776
OUT_13387,291.53579747733085
OUT_13388,283.7611547899614
OUT_13389,284.2130785305374
OUT_13390,936.9569647975208
OUT_13391,322.4397714133153
OUT_13392,920.7696824065284
OUT_13393,105.07459183685407
OUT_13394,135.68041062572524
OUT_13395,951.5162647542865
OUT_13396,112.28869496954901
OUT_13397,116.23955532913156
OUT_13398,113.2556498147154
OUT_13399,127.0220407656319
OUT_13400,112.77184279943457
OUT_13401,286.69750445761406
OUT_13402,337.0118677884422
OUT_13403,2003.1951121028264
OUT_13404,124.35620802991292
OUT_13405,330.015619638745
OUT_13406,137.68076760503197
OUT_13407,109.27976758092132
OUT_13408,118.43416330985701
OUT_13409,281.28653846484025
OUT_13410,1020.1127121700272
OUT_13411,119.90034070758826
OUT_13412,1992.2286373665825
OUT_13413,304.14332254528784
OUT_13414,960.9740281735776
OUT_13415,108.82843883116418
OUT_13416,285.1165586125769
OUT_13417,1023.3382235513492
OUT_13418,176.84279917940694
OUT_13419,114.84155905867725
OUT_13420,140.9697803905394
OUT_13421,154.15874612303102
OUT_13422,112.39490753466973
OUT_13423,126.7487183834509
OUT_13424,145.96372138215546
OUT_13425,111.09809879910874
OUT_13426,109.44772301033655
OUT_13427,115.08425450553308
OUT_13428,113.46991643553918
OUT_13429,109.50952809330838
OUT_13430,902.0267733875315
OUT_13431,112.22935433829048
OUT_13432,110.68160584528279
OUT_13433,121.80991179301049
OUT_13434,153.25589087758968
OUT_13435,129.9007574275605
OUT_13436,358.8717790174145
OUT_13437,163.97339075509532
OUT_13438,230.09160736300322
OUT_13439,118.20702887855664
OUT_13440,956.693033336436
OUT_13441,110.4678121650652
OUT_13442,960.8954824870588
OUT_13443,324.0830338928989
OUT_13444,109.44772301033655
OUT_13445,136.88151945786518
OUT_13446,927.7001960231246
OUT_13447,324.17310159522737
OUT_13448,910.7326314168632
OUT_13449,111.8711215482408
OUT_13450,283.5929061956459
OUT_13451,115.25130248910494
OUT_13452,123.93902354994698
OUT_13453,998.197930755253
OUT_13454,148.9693431082704
OUT_13455,307.41638908150475
OUT_13456,150.29792057925417
OUT_13457,285.9305730976685
OUT_13458,921.9286434385501
OUT_13459,131.3046069728328
OUT_13460,128.23305214563655
OUT_13461,114.69209352203296
OUT_13462,281.53964131319253
OUT_13463,137.9795381590257
OUT_13464,315.5079337784517
OUT_13465,138.67953397863008
OUT_13466,112.08305346156425
OUT_13467,142.72923420355556
OUT_13468,1012.1759490229532
OUT_13469,932.7954648743272
OUT_13470,290.9065712586968
OUT_13471,121.59650991793217
OUT_13472,291.17025828634496
OUT_13473,223.8671940056957
OUT_13474,148.16347647960822
OUT_13475,330.55442260502116
OUT_13476,290.15225706007953
OUT_13477,974.1165191569086
OUT_13478,271.07819949774034
OUT_13479,112.45068701025376
OUT_13480,148.54197941165455
OUT_13481,2035.7906228659865
OUT_13482,286.3728079340279
OUT_13483,104.57504591617474
OUT_13484,327.2004831458236
OUT_13485,905.7284414386859
OUT_13486,117.67627869994968
OUT_13487,109.50952809330838
OUT_13488,283.4950903293776
OUT_13489,283.3164067835148
OUT_13490,354.9288983970932
OUT_13491,108.76512731873089
OUT_13492,117.95003303733154
OUT_13493,158.28280772798146
OUT_13494,112.9663602235612
OUT_13495,118.74314812378324
OUT_13496,936.8973867827972
OUT_13497,143.8486243249167
OUT_13498,288.03089575716587
OUT_13499,339.1877672101313
OUT_13500,282.2383908397928
OUT_13501,290.89885673219595
OUT_13502,121.13473510391336
OUT_13503,160.12678191249393
OUT_13504,1003.1396940394304
OUT_13505,902.822981871747
OUT_13506,984.1841759650634
OUT_13507,353.59215971936334
OUT_13508,166.02908199223984
OUT_13509,332.7704090115999
OUT_13510,145.08504299637136
OUT_13511,127.42583115045676
OUT_13513,125.46008606240306
OUT_13514,1968.605327487709
OUT_13515,294.5002563708507
OUT_13516,928.7419418917584
OUT_13517,284.6935893090252
OUT_13518,104.44449235513159
OUT_13519,116.18155731102236
OUT_13520,912.1018471055826
OUT_13521,133.0197272601379
OUT_13522,913.025470422318
OUT_13523,153.13971512630027
OUT_13524,293.39421525465207
OUT_13525,140.2722158254095
OUT_13526,1019.0490709050704
OUT_13527,929.200038085486
OUT_13528,151.81626542768788
OUT_13529,109.27976758092132
OUT_13530,954.842965755078
OUT_13531,324.7298909311829
OUT_13532,308.5887846111619
OUT_13533,290.58823966481464
OUT_13534,1920.9535037960468
OUT_13535,103.56104256938075
OUT_13536,1018.5684331397484
OUT_13537,120.56760683862387
OUT_13538,101.53223368308666
OUT_13539,319.9239887363976
OUT_13540,2070.5050027857133
OUT_13541,113.67338135245444
OUT_13542,121.21164237395374
OUT_13543,300.1032203804232
OUT_13544,276.13300062980016
OUT_13545,279.4395294701259
OUT_13546,275.74729706271967
OUT_13547,287.4999191160205
OUT_13548,133.54741521710466
OUT_13549,353.0453364061336
OUT_13550,148.16347647960822
OUT_13551,301.11784601004683
OUT_13552,159.2794690716254
OUT_13553,121.90587059081092
OUT_13554,361.1543911975724
OUT_13555,110.90233696646186
OUT_13556,952.4001672688622
OUT_13557,115.11946182757988
OUT_13558,124.95419290787228
OUT_13559,104.8950054817722
OUT_13560,2865.382331240693
OUT_13561,141.086485740983
OUT_13562,905.7284414386859
OUT_13563,937.7461056887868
OUT_13564,189.31813188519195
OUT_13565,116.9760115808287
OUT_13566,118.39050647651264
OUT_13567,104.71487283817636
OUT_13568,346.30759629221166
OUT_13569,111.40437282646337
OUT_13570,155.19061012257004
OUT_13571,255.09602212737587
OUT_13572,109.65385308532534
OUT_13573,119.9835209945351
OUT_13574,946.848136336175
OUT_13575,997.0213660380916
OUT_13576,109.02203155609854
OUT_13577,110.53420848370186
OUT_13578,127.54584401735885
OUT_13579,946.1505607443082
OUT_13580,286.02439322688707
OUT_13581,117.45203505981029
OUT_13582,284.6882521538357
OUT_13583,131.29264825256777
OUT_13584,129.60261602623777
OUT_13585,141.25268594989075
OUT_13586,106.53263106067232
OUT_13587,166.76070694473668
OUT_13588,121.41035033829807
OUT_13589,120.28879565954917
OUT_13590,285.27768065940535
OUT_13591,104.26155098041626
OUT_13592,347.8779200814936
OUT_13593,113.12936764535463
OUT_13594,116.45535021858718
OUT_13595,934.0290874493096
OUT_13596,912.4491431434728
OUT_13597,111.36420153688844
OUT_13598,132.2176713376589
OUT_13599,2207.921524267188
OUT_13600,154.48777980936495
OUT_13601,112.5750254525546
OUT_13602,313.96582804456347
OUT_13603,910.3102506233445
OUT_13604,110.7841509846686
OUT_13605,316.59172001986747
OUT_13606,118.08734688865871
OUT_13607,284.8508939726488
OUT_13608,296.6864981144868
OUT_13609,129.45761276489165
OUT_13610,131.26709535245865
OUT_13611,920.0156948057746
OUT_13612,111.8711215482408
OUT_13613,2183.39424460431
OUT_13614,337.5066995688808
OUT_13615,112.02928365713169
OUT_13616,111.67684499906524
OUT_13617,368.8954001423668
OUT_13618,2067.873898553621
OUT_13619,279.1919755404063
OUT_13620,1024.087630972059
OUT_13621,112.96100086738291
OUT_13622,382.4981526948145
OUT_13623,365.0843722404175
OUT_13624,280.5458891078915
OUT_13625,311.43601295614764
OUT_13626,331.39874274449187
OUT_13627,319.1583311692459
OUT_13628,437.38818277325606
OUT_13629,104.55365278356236
OUT_13630,104.09359555100103
OUT_13631,305.0767875026872
OUT_13632,134.6937403061612
OUT_13633,287.87015048349497
OUT_13634,960.5212719572328
OUT_13635,110.61619555525337
OUT_13636,119.3916475290942
OUT_13637,110.16849334751576
OUT_13638,279.32286442006557
OUT_13639,2002.0871546776543
OUT_13640,341.9275730044486
OUT_13641,319.9629798335716
OUT_13642,932.1314322019554
OUT_13643,130.56540364925718
OUT_13644,997.6603416938816
OUT_13645,927.2915071844518
OUT_13646,111.25307288757398
OUT_13647,2015.102877702198
OUT_13648,2042.6254925838257
OUT_13649,951.9938287312256
OUT_13650,103.78838647977122
OUT_13651,344.8971801376955
OUT_13652,138.3236058933162
OUT_13653,156.85829868765495
OUT_13654,291.29656582619936
OUT_13655,112.0020104279
OUT_13656,136.68944946259245
OUT_13657,285.80086647682054
OUT_13658,110.16849334751576
OUT_13659,110.89104961266906
OUT_13660,294.50558751168126
OUT_13661,112.36675399689334
OUT_13662,302.79139816201433
OUT_13663,285.2513051151596
OUT_13664,895.3400766463116
OUT_13665,1997.429080098839
OUT_13666,127.18504075908037
OUT_13667,109.98203963031581
OUT_13668,285.47671650633424
OUT_13669,111.08273364865848
OUT_13670,912.7128937909462
OUT_13671,282.96145977227815
OUT_13672,312.2425346248156
OUT_13673,108.21858413190164
OUT_13674,107.9741815058491
OUT_13675,156.15878300225552
OUT_13676,119.49622403443945
OUT_13677,929.5404309323854
OUT_13678,980.938110674141
OUT_13679,111.31846760464786
OUT_13680,120.37904575717214
OUT_13681,145.7756924035123
OUT_13682,112.39490753466973
OUT_13683,348.5017541515487
OUT_13684,293.0798099173734
OUT_13685,135.33511786915219
OUT_13686,105.79720853539304
OUT_13687,372.81743230125073
OUT_13688,112.07789110303838
OUT_13689,135.7383054583496
OUT_13690,152.46372838884682
OUT_13691,287.9996268434245
OUT_13692,134.01467802508776
OUT_13693,286.6719199034084
OUT_13694,2095.899977207024
OUT_13695,119.1985530945282
OUT_13696,286.76982830728286
OUT_13697,298.2948126782692
OUT_13698,137.33263244673145
OUT_13699,333.6667325039605
OUT_13700,110.61619555525337
OUT_13701,112.34113555060456
OUT_13702,372.1172530354273
OUT_13703,110.61619555525337
OUT_13704,104.682640342101
OUT_13705,144.3836079314627
OUT_13706,105.34803645378157
OUT_13707,104.09359555100103
OUT_13708,112.30757565436434
OUT_13709,108.76512731873089
OUT_13710,110.0806392418964
OUT_13711,126.7816470213854
OUT_13712,155.0378733275387
OUT_13713,119.82542009331148
OUT_13714,331.0541758272274
OUT_13715,957.0325359558886
OUT_13716,989.2156579210238
OUT_13717,303.7410927645107
OUT_13718,905.7284414386859
OUT_13719,408.5061263072017
OUT_13720,140.17701151585044
OUT_13721,284.6882521538357
OUT_13722,324.2981009154635
OUT_13723,350.1904815514226
OUT_13724,109.3167543767903
OUT_13725,125.17409739245556
OUT_13726,298.01495640376834
OUT_13727,132.4820384807722
OUT_13728,147.5295920386909
OUT_13729,204.66156531983805
OUT_13730,119.04937855459576
OUT_13731,117.27711411157341
OUT_13732,283.6714979025998
OUT_13733,151.13361094456877
OUT_13734,974.8069158287186
OUT_13735,113.12936764535463
OUT_13736,912.2876900696783
OUT_13737,959.5757964726106
OUT_13738,143.5612865268061
OUT_13739,113.37559983443084
OUT_13740,105.49229985345113
OUT_13741,132.1674019593686
OUT_13742,914.5346459964396
OUT_13743,103.94451754206264
OUT_13744,124.7241616934272
OUT_13745,111.44321846605511
OUT_13746,110.789313989191
OUT_13747,286.3037897383637
OUT_13748,109.82471409318461
OUT_13749,124.70132504504777
OUT_13750,395.1354652169323
OUT_13751,126.47117402122046
OUT_13752,281.713956456819
OUT_13753,2884.642363860376
OUT_13754,110.18877756327457
OUT_13755,337.96778727668783
OUT_13756,133.19948823379332
OUT_13757,922.2251725508698
OUT_13758,932.2186722111938
OUT_13759,160.2296625421501
OUT_13760,314.7866390107775
OUT_13761,962.5839354678338
OUT_13762,970.9120438140932
OUT_13763,928.50008837863
OUT_13764,113.32947753545847
OUT_13765,110.99028105965739
OUT_13766,111.13107435092783
OUT_13767,280.3594411009659
OUT_13768,286.0504140085071
OUT_13769,146.4055472406714
OUT_13770,111.60530360496985
OUT_13771,131.75382817198945
OUT_13772,110.26051535214837
OUT_13773,283.57384995023546
OUT_13774,112.9158578512284
OUT_13775,141.63324251928145
OUT_13776,312.3018971798687
OUT_13777,271.51162701838723
OUT_13778,335.1071506396268
OUT_13779,129.62774393389006
OUT_13780,928.2433241279449
OUT_13781,111.80193634631168
OUT_13782,118.45759614737226
OUT_13783,109.44085213738146
OUT_13784,123.01978171882972
OUT_13785,121.93138100804651
OUT_13786,325.2923342944972
OUT_13787,112.28869496954901
OUT_13788,111.50492132184782
OUT_13789,266.1794746578526
OUT_13790,327.5249686665738
OUT_13791,950.063829849488
OUT_13792,142.72645381668067
OUT_13793,285.0319542481675
OUT_13794,142.49683550770223
OUT_13795,140.34578519489867
OUT_13796,287.5932461437499
OUT_13797,110.16849334751576
OUT_13798,104.79586760039552
OUT_13799,136.63138616237177
OUT_13800,917.7758259781779
OUT_13801,1985.671659096453
OUT_13802,927.154352603717
OUT_13804,107.063374613788
OUT_13805,177.6689796895535
OUT_13806,332.4659475912481
OUT_13807,296.25143022006034
OUT_13808,2182.8659591770734
OUT_13809,302.5252287816749
OUT_13810,114.55389288385716
OUT_13811,338.067632067965
OUT_13812,940.9957702764603
OUT_13813,2122.714365101304
OUT_13814,131.24781664166147
OUT_13815,921.5885705437494
OUT_13816,117.14394237337744
OUT_13817,286.6719199034084
OUT_13818,302.5619121706025
OUT_13819,336.46456534166657
OUT_13820,111.48589755231647
OUT_13821,932.2872790709677
OUT_13822,110.53420848370186
OUT_13823,284.51580933489765
OUT_13824,130.16210040298137
OUT_13825,109.0591586421331
OUT_13826,284.9010653685082
OUT_13827,293.79293030035467
OUT_13828,1996.99557164922
OUT_13829,296.2118089564986
OUT_13830,133.58405089124966
OUT_13831,292.50748545073566
OUT_13832,169.22560899741964
OUT_13833,326.6573158753803
OUT_13834,314.314180597892
OUT_13835,275.74729706271967
OUT_13836,178.6796550735045
OUT_13837,114.3156746921777
OUT_13838,103.56104256938075
OUT_13839,316.08752441211607
OUT_13840,306.2389361390766
OUT_13841,153.49791686798994
OUT_13842,121.9201812736362
OUT_13843,352.53160541614034
OUT_13844,182.57637188900435
OUT_13845,110.08256499815386
OUT_13846,195.79890227521253
OUT_13847,293.5689239693674
OUT_13848,116.8834093021338
OUT_13849,104.09359555100103
OUT_13850,128.82038021796765
OUT_13851,931.5466368753848
OUT_13852,138.37793783592326
OUT_13853,129.75342975577234
OUT_13854,121.97221865920892
OUT_13855,115.8867480096671
OUT_13856,131.75772572736506
OUT_13857,987.4378641915226
OUT_13858,912.6066812258254
OUT_13859,130.9164760516575
OUT_13860,110.53420848370186
OUT_13861,126.42245985117384
OUT_13862,147.4167023097614
OUT_13863,125.28532304334206
OUT_13864,129.4015716632408
OUT_13865,109.15929769281074
OUT_13866,244.6951892171581
OUT_13867,126.03229954138963
OUT_13868,111.0982214878455
OUT_13869,147.26116210417933
OUT_13870,104.98232131759548
OUT_13871,297.7876163648271
OUT_13872,110.88576386931754
OUT_13873,285.9317553564798
OUT_13874,107.16749252569932
OUT_13875,905.9417252635066
OUT_13876,326.1862595062462
OUT_13877,903.2503998637258
OUT_13878,293.004996775705
OUT_13879,288.7263640579561
OUT_13880,2000.2747535380936
OUT_13881,279.1919755404063
OUT_13882,141.98130556108376
OUT_13883,1968.7504098075624
OUT_13884,930.2814108693752
OUT_13886,111.56841319937382
OUT_13887,110.01956822151143
OUT_13888,157.40509509404956
OUT_13889,134.57895693271178
OUT_13890,127.05152548064554
OUT_13891,283.550468458096
OUT_13892,111.02500534597984
OUT_13893,169.95199152411294
OUT_13894,348.1451346353913
OUT_13895,120.77860473082518
OUT_13896,362.1775697914189
OUT_13897,297.4712694496811
OUT_13898,111.8313147924
OUT_13899,311.5516828806622
OUT_13900,281.6317045533957
OUT_13901,104.72247507662475
OUT_13902,294.1980480366931
OUT_13903,111.33749099114128
OUT_13904,904.3551454769167
OUT_13905,1991.776427387889
OUT_13906,133.1456814409926
OUT_13907,319.4445576367541
OUT_13908,2055.7722026810097
OUT_13909,148.34802671214877
OUT_13910,120.18723667180792
OUT_13911,110.81227399544011
OUT_13912,898.5997805562829
OUT_13913,299.153607848461
OUT_13914,366.8257127510946
OUT_13915,319.3858377310572
OUT_13916,294.09668717682683
OUT_13917,320.457108563829
OUT_13918,281.1339021363986
OUT_13919,296.0552921855261
OUT_13920,138.37168393577775
OUT_13921,1963.7087910429884
OUT_13922,118.91372919365476
OUT_13923,158.13332986579988
OUT_13924,281.7379171185164
OUT_13925,907.6231921778518
OUT_13926,310.878469801278
OUT_13927,138.26523893672623
OUT_13928,101.69427517772866
OUT_13929,104.26155098041626
OUT_13930,110.63424125915522
OUT_13931,338.6369321592308
OUT_13932,392.2912198713618
OUT_13933,368.5432292306406
OUT_13934,157.01762928323208
OUT_13935,277.0557734094172
OUT_13936,126.1905839379156
OUT_13937,988.8502599627112
OUT_13938,286.8229578832459
OUT_13939,110.78483704754835
OUT_13940,315.3355126300505
OUT_13941,105.02190915792548
OUT_13942,124.4250371335606
OUT_13943,937.039285391757
OUT_13944,919.015481027637
OUT_13945,114.21537642978574
OUT_13946,341.37529487400406
OUT_13947,363.5900958179984
OUT_13948,144.731222669441
OUT_13949,112.22935433829048
OUT_13950,915.8854350666566
OUT_13951,355.23209792486534
OUT_13952,113.2626200324559
OUT_13953,287.9737503176854
OUT_13954,2046.160567448233
OUT_13955,132.7444539895471
OUT_13956,914.989737964734
OUT_13957,112.76106388467497
OUT_13958,308.1841580061337
OUT_13959,311.2501585004686
OUT_13960,109.02635597506338
OUT_13961,320.64764275670143
OUT_13962,104.09359555100103
OUT_13963,1055.6436997757323
OUT_13964,114.3915474332185
OUT_13965,364.5231629307527
OUT_13966,139.76707290175995
OUT_13967,113.16519695496962
OUT_13968,151.01648088803606
OUT_13969,303.0907625190513
OUT_13970,1026.4089678107632
OUT_13971,116.99277628508355
OUT_13972,1117.699435074588
OUT_13973,288.64315959037833
OUT_13974,208.83166611403053
OUT_13975,927.4372437583171
OUT_13976,104.47357598458616
OUT_13977,940.2849461068506
OUT_13978,132.80706335298112
OUT_13979,279.32286442006557
OUT_13980,280.3594411009659
OUT_13981,2829.256182028858
OUT_13982,2175.4835671716232
OUT_13983,123.12429155777404
OUT_13984,119.7342265758549
OUT_13985,154.8369052853984
OUT_13986,1974.9828186404168
OUT_13987,333.7690056092346
OUT_13988,303.52578555717133
OUT_13989,118.29665320844524
OUT_13990,136.31098676821702
OUT_13991,287.0472994103201
OUT_13992,987.9563727326952
OUT_13993,103.74691071822583
OUT_13994,323.897137447288
OUT_13995,112.91685862833674
OUT_13996,2014.1470190407124
OUT_13997,105.26410344042115
OUT_13998,2040.185635729854
OUT_13999,110.68160584528279
OUT_14000,151.314636286806
OUT_14001,115.46350357545211
OUT_14002,140.478259149189
OUT_14003,111.35928545269469
OUT_14004,154.8557186378676
OUT_14005,285.2341672131018
OUT_14006,107.79463395967134
OUT_14007,309.4426941652083
OUT_14008,283.1376713208608
OUT_14009,284.46128328660467
OUT_14010,96.36971794398465
OUT_14011,287.6256574745099
OUT_14012,111.89442640495031
OUT_14013,112.82232552664853
OUT_14014,1012.2833247164284
OUT_14015,924.1298676195455
OUT_14016,182.3801663270812
OUT_14017,312.497528957834
OUT_14018,215.2916493863902
OUT_14019,294.63553925821606
OUT_14020,105.94358626957235
OUT_14021,286.294216227074
OUT_14022,151.8182886527114
OUT_14023,2066.44711916574
OUT_14024,942.7284161095224
OUT_14025,1008.5658082851272
OUT_14026,111.5745924359212
OUT_14027,113.65748183627775
OUT_14028,119.32505891293974
OUT_14029,991.3507233554474
OUT_14030,921.1517676301368
OUT_14031,288.05146775357537
OUT_14032,911.572512602251
OUT_14033,915.3211313400426
OUT_14034,2045.2990223884635
OUT_14035,109.65385308532534
OUT_14036,918.1027695782263
OUT_14037,902.0267733875315
OUT_14038,115.84067334542806
OUT_14039,360.8624414272589
OUT_14040,325.4280426256105
OUT_14041,104.46768105540505
OUT_14042,153.51992010419758
OUT_14043,137.29467633909192
OUT_14044,195.83862880037717
OUT_14045,281.68919631984835
OUT_14046,108.8803688376575
OUT_14047,336.9460239210033
OUT_14048,113.40210520092027
OUT_14049,116.7365161432734
OUT_14050,2058.648610029417
OUT_14051,283.14370223563617
OUT_14052,151.314636286806
OUT_14053,113.49565093046195
OUT_14054,110.56286306767859
OUT_14055,114.3431171696766
OUT_14056,283.38521199000184
OUT_14057,923.749986030285
OUT_14058,313.3107953413211
OUT_14059,143.5059004184764
OUT_14060,301.76019474491244
OUT_14061,282.2285358969921
OUT_14062,932.7651374516072
OUT_14063,1972.8294238337503
OUT_14064,138.8867116959022
OUT_14065,921.0790061996448
OUT_14066,110.22363557340992
OUT_14067,104.318044214469
OUT_14068,314.0823310782918
OUT_14069,110.10155529306294
OUT_14070,279.1919755404063
OUT_14071,129.3266238110587
OUT_14072,291.42703149075976
OUT_14073,129.2824336540183
OUT_14074,903.7701885574677
OUT_14075,141.6887082582889
OUT_14076,925.0491703238716
OUT_14077,122.23485952422692
OUT_14078,308.2765348497447
OUT_14079,110.92857820386469
OUT_14080,284.15376596482463
OUT_14081,116.23849160423086
OUT_14082,912.4996099661255
OUT_14083,119.89691641350866
OUT_14084,113.18138879047355
OUT_14085,273.2541262092518
OUT_14086,895.2402585376641
OUT_14087,105.34803645378157
OUT_14088,323.7996735251095
OUT_14089,988.1774295874905
OUT_14090,980.1252800943004
OUT_14091,124.27367357474034
OUT_14092,112.34113555060456
OUT_14093,2029.370087704655
OUT_14094,158.66272944699148
OUT_14095,353.59404401221553
OUT_14096,124.59565195296437
OUT_14097,104.21714844474111
OUT_14098,333.91908081671744
OUT_14099,316.13576874818983
OUT_14100,121.28815282690672
OUT_14101,111.87063645803391
OUT_14102,288.997692992357
OUT_14103,113.9815657550025
OUT_14104,124.56081510177998
OUT_14105,109.93563520815101
OUT_14106,333.39591464422926
OUT_14107,128.7213613886617
OUT_14108,109.18454046733464
OUT_14109,931.7896650966766
OUT_14110,297.9520331848697
OUT_14111,902.0267733875315
OUT_14112,140.93728906075347
OUT_14113,100.65807368876315
OUT_14114,913.5537418341912
OUT_14115,141.3757224736601
OUT_14116,104.49381359923659
OUT_14117,287.1770517770651
OUT_14118,2088.6056424405065
OUT_14119,274.303124819505
OUT_14120,135.82476779537748
OUT_14121,148.18372532078357
OUT_14122,118.72776325088054
OUT_14123,108.68654419652074
OUT_14124,97.45584043607415
OUT_14125,112.66525797069058
OUT_14126,295.6492458098113
OUT_14127,908.065631136505
OUT_14128,111.89442640495031
OUT_14129,140.14409142458248
OUT_14130,111.50492132184782
OUT_14131,922.3560614305289
OUT_14132,366.0073039452986
OUT_14133,912.0527460047496
OUT_14134,119.27907851027172
OUT_14135,319.9989181845489
OUT_14137,104.168729910043
OUT_14138,112.49006067660889
OUT_14139,1974.9165992737576
OUT_14140,111.07750332986902
OUT_14141,124.33744494622108
OUT_14142,281.28653846484025
OUT_14143,111.60530360496985
OUT_14144,354.7788582413481
OUT_14145,285.50433736450105
OUT_14146,295.2906881776405
OUT_14147,329.4497052402674
OUT_14148,108.2377728296887
OUT_14149,122.89188142218931
OUT_14150,153.57890810200132
OUT_14151,112.08305346156425
OUT_14152,305.01937275234417
OUT_14153,111.13107435092783
OUT_14154,272.79696202740035
OUT_14155,113.31357978034087
OUT_14156,317.7819228052973
OUT_14157,127.66937291419045
OUT_14158,163.9064671256575
OUT_14159,285.39812479938035
OUT_14160,103.21245131498387
OUT_14161,112.30757565436434
OUT_14162,314.24176710540723
OUT_14163,111.07750332986902
OUT_14164,335.46114429226776
OUT_14165,276.9409224535014
OUT_14166,285.50433736450105
OUT_14167,104.09359555100103
OUT_14168,161.92118562833878
OUT_14169,286.0103470634337
OUT_14170,281.1339021363986
OUT_14171,117.78411482501134
OUT_14172,344.3441497387259
OUT_14173,316.609005011044
OUT_14174,302.24211975147455
OUT_14175,906.4121985115755
OUT_14176,143.65556736208174
OUT_14177,121.69394649820234
OUT_14178,128.94469946360888
OUT_14179,284.2130785305374
OUT_14180,129.30789770612722
OUT_14181,137.0337411223369
OUT_14182,343.10776477668736
OUT_14183,143.75297743906995
OUT_14185,129.88837294767217
OUT_14186,937.104035106462
OUT_14187,126.10009644459107
OUT_14188,126.55156339168846
OUT_14189,281.1339021363986
OUT_14190,105.94358626957235
OUT_14191,977.1893161038964
OUT_14192,913.7699958119771
OUT_14193,123.5113114996975
OUT_14194,105.13517454692074
OUT_14195,919.0861706189672
OUT_14196,109.44772301033655
OUT_14197,902.953870751406
OUT_14198,129.64565957686787
OUT_14199,115.72150135225512
OUT_14200,1977.140660002164
OUT_14201,126.1587940676748
OUT_14202,110.18877756327457
OUT_14203,286.0201526121601
OUT_14204,122.36981197836516
OUT_14205,107.2634867291351
OUT_14206,116.04852525350819
OUT_14207,285.14017589441175
OUT_14208,2043.2286599543204
OUT_14209,285.82063662413344
OUT_14210,352.6789555794734
OUT_14211,153.62339152010503
OUT_14212,322.707269412983
OUT_14213,112.36675399689334
OUT_14214,162.7757683744474
OUT_14215,317.1067885049261
OUT_14216,109.44772301033655
OUT_14217,1931.1775884849155
OUT_14218,113.04792573115908
OUT_14219,133.88817730932766
OUT_14220,112.46750232525989
OUT_14221,280.81081975464207
OUT_14222,2103.981768491178
OUT_14223,106.81000270002508
OUT_14224,141.9103939342069
OUT_14225,902.845058509798
OUT_14226,911.572512602251
OUT_14227,111.46837987080049
OUT_14228,353.6370132035145
OUT_14229,387.7025426908757
OUT_14230,110.12521138135716
OUT_14231,1130.6392754548808
OUT_14232,116.04034547564244
OUT_14233,299.50719566272073
OUT_14234,106.84466011113619
OUT_14235,127.2860895260953
OUT_14236,288.49283418343225
OUT_14237,285.7881877655554
OUT_14238,341.20017864998596
OUT_14239,126.13379783296782
OUT_14240,1973.3656427958504
OUT_14241,954.1760212967696
OUT_14242,912.0232553986287
OUT_14243,291.69939649129134
OUT_14244,112.41317517653732
OUT_14245,111.50492132184782
OUT_14246,106.99214570448905
OUT_14247,279.1919755404063
OUT_14248,284.2066723784644
OUT_14249,371.59870233760194
OUT_14250,118.99687692665589
OUT_14251,953.350868359436
OUT_14252,337.2562610622714
OUT_14253,283.5929061956459
OUT_14254,133.86986432338335
OUT_14255,108.21102208415567
OUT_14256,110.68160584528279
OUT_14257,307.1475339824055
OUT_14258,285.50433736450105
OUT_14259,174.54437330469284
OUT_14260,342.71294272023067
OUT_14261,104.21714844474111
OUT_14262,924.426120591244
OUT_14263,313.7693863522914
OUT_14264,112.98715884153744
OUT_14265,281.37088668633066
OUT_14266,295.46777021705026
OUT_14267,284.10571986426993
OUT_14268,315.6007260247157
OUT_14269,326.3378638468298
OUT_14270,101.13833376023409
OUT_14271,284.64920897768
OUT_14272,328.7025884143712
OUT_14273,324.6501379236227
OUT_14274,2059.943786961044
OUT_14275,308.4096927865051
OUT_14276,148.91070922065802
OUT_14277,294.35776758482774
OUT_14278,253.59362052132292
OUT_14279,121.39982979060996
OUT_14280,936.5100425459602
OUT_14281,1858.524398097857
OUT_14282,937.2776385685444
OUT_14283,350.2715205137366
OUT_14284,112.19735718400635
OUT_14285,104.26155098041626
OUT_14286,108.22112920334456
OUT_14287,362.7720434875176
OUT_14288,110.84464519050427
OUT_14289,125.7592154288286
OUT_14290,316.1990945910453
OUT_14291,317.5006000240219
OUT_14292,970.1685870157824
OUT_14293,111.40437282646337
OUT_14294,2045.8347836486057
OUT_14295,131.86846469152073
OUT_14296,141.3602609457438
OUT_14297,956.066666413828
OUT_14298,281.713956456819
OUT_14299,275.74729706271967
OUT_14300,910.1793617436854
OUT_14301,216.55033057889835
OUT_14302,114.74425634358889
OUT_14303,283.02105051991254
OUT_14304,112.49973482133525
OUT_14305,965.070577526204
OUT_14306,115.30962048877292
OUT_14307,109.44772301033655
OUT_14308,110.61619555525337
OUT_14309,112.30757565436434
OUT_14310,328.6711777554518
OUT_14311,111.78670344467349
OUT_14312,120.34981625719324
OUT_14313,104.02653446674063
OUT_14314,364.27888720404974
OUT_14315,114.35491821386276
OUT_14316,337.3447724976519
OUT_14317,111.70157905999498
OUT_14318,954.178629313664
OUT_14319,287.6724211987075
OUT_14320,112.39490753466973
OUT_14321,139.2748660590604
OUT_14322,333.6984772632892
OUT_14323,912.4491431434728
OUT_14324,129.99143793371908
OUT_14325,119.74902415575126
OUT_14326,370.57097089636886
OUT_14327,180.0644714982486
OUT_14328,903.1671545762267
OUT_14329,105.03746354348964
OUT_14330,114.3431171696766
OUT_14331,128.41364928186255
OUT_14332,323.75788845652943
OUT_14333,106.79931610281513
OUT_14334,922.2251725508698
OUT_14335,130.90103691822208
OUT_14336,924.3890687275544
OUT_14337,1957.1494784150857
OUT_14338,315.1083126270772
OUT_14339,128.91317701571123
OUT_14340,347.35247203835326
OUT_14341,316.10320498329617
OUT_14342,247.26390332705344
OUT_14343,295.45571820825575
OUT_14344,111.5745924359212
OUT_14345,148.9500903899788
OUT_14346,977.4333239206773
OUT_14348,158.11068320953703
OUT_14349,359.1154015551652
OUT_14350,1060.4988089768617
OUT_14351,952.5295635680724
OUT_14352,905.7284414386859
OUT_14353,116.64724645638276
OUT_14354,109.67413730108414
OUT_14355,926.7171021536524
OUT_14356,490.4487416678178
OUT_14357,982.9844023728735
OUT_14358,112.19553631989895
OUT_14359,916.2846082621533
OUT_14360,104.2812273382051
OUT_14361,928.0709969799832
OUT_14362,143.3197918385534
OUT_14363,279.32286442006557
OUT_14364,1097.939531660733
OUT_14365,351.3068666311674
OUT_14366,114.51946117171246
OUT_14367,1939.855070261288
OUT_14368,286.0103470634337
OUT_14369,112.85680757538027
OUT_14370,359.4220726903476
OUT_14371,120.5453807713586
OUT_14372,168.05877457606388
OUT_14373,1026.5115308816848
OUT_14374,912.3182542638137
OUT_14375,287.18577510320017
OUT_14376,973.6402624226398
OUT_14377,126.62241803502852
OUT_14378,105.34803645378157
OUT_14379,321.6458156294995
OUT_14380,351.2877796830925
OUT_14381,359.44371183811336
OUT_14382,198.3070355450135
OUT_14383,305.5573707867585
OUT_14384,911.6511043092048
OUT_14385,148.65620425337212
OUT_14386,287.2835572611049
OUT_14387,144.16670376446552
OUT_14388,283.5757495036399
OUT_14389,293.9559961021601
OUT_14390,347.0630171833346
OUT_14391,964.3651331988472
OUT_14392,154.14529857923435
OUT_14393,321.9467871579789
OUT_14394,102.1510089477521
OUT_14395,127.34792239895776
OUT_14396,337.5666256950713
OUT_14397,124.86673011711214
OUT_14398,283.28311385879476
OUT_14399,151.82482290934712
OUT_14400,112.36795531180088
OUT_14401,112.77184279943457
OUT_14402,125.16025421290048
OUT_14403,123.56916550430202
OUT_14404,103.31473549600601
OUT_14405,118.30720765576602
OUT_14406,112.10664487585787
OUT_14407,106.43033708610277
OUT_14408,287.9532106330937
OUT_14409,110.43856752179124
OUT_14410,181.69709497444228
OUT_14411,108.72234144376513
OUT_14412,110.66558245356795
OUT_14413,144.2315794203795
OUT_14414,350.47009261819727
OUT_14415,1010.9942052056213
OUT_14416,113.1085604539908
OUT_14417,116.18402292188064
OUT_14418,112.63853120892163
OUT_14419,108.40203536308567
OUT_14420,127.4787513021805
OUT_14421,183.2011732617269
OUT_14422,158.02230635887693
OUT_14423,911.572512602251
OUT_14424,285.9317553564798
OUT_14425,164.46395025087082
OUT_14426,114.1388850841359
OUT_14427,111.19624610747321
OUT_14428,110.78759768090161
OUT_14429,912.3182542638137
OUT_14430,310.4589978411443
OUT_14431,110.17876519393364
OUT_14432,103.9085058026626
OUT_14433,1047.9204544683057
OUT_14434,144.52697111264703
OUT_14435,277.0490668586152
OUT_14436,1967.1042326387
OUT_14437,104.26155098041626
OUT_14438,975.5329221371554
OUT_14439,128.74129122853898
OUT_14440,324.568137302748
OUT_14441,955.0610837890248
OUT_14442,973.4631847170762
OUT_14443,133.2867288959599
OUT_14444,294.2923955086354
OUT_14445,118.76432937633018
OUT_14446,121.42157110778906
OUT_14447,112.82232552664853
OUT_14448,107.63260267989749
OUT_14449,113.52522246061154
OUT_14450,922.3560614305289
OUT_14451,344.73761120948427
OUT_14452,152.11743073539634
OUT_14453,2139.739648992743
OUT_14454,284.22800582391
OUT_14455,128.6507881397098
OUT_14456,141.39052639317447
OUT_14457,328.35060844488163
OUT_14458,337.303196035511
OUT_14459,334.409548640414
OUT_14460,138.7466758855181
OUT_14461,285.1156701458145
OUT_14462,279.40145612701946
OUT_14463,283.9071829977304
OUT_14464,128.1696790362086
OUT_14465,107.07498616119248
OUT_14466,142.5406119468167
OUT_14467,992.8988556176818
OUT_14468,2110.982674043305
OUT_14469,336.0807690590356
OUT_14470,295.3354572339131
OUT_14471,284.5772400006267
OUT_14472,319.62053490175646
OUT_14473,128.98377050684428
OUT_14474,110.53469357390874
OUT_14475,118.52398332701874
OUT_14476,922.5693452553496
OUT_14477,148.05995096170886
OUT_14478,120.25910919242126
OUT_14479,351.84190862896213
OUT_14480,253.21551556626835
OUT_14481,110.22649362148019
OUT_14482,949.2559950667602
OUT_14483,332.8867631192714
OUT_14484,110.45027547034144
OUT_14485,959.6659571349256
OUT_14486,152.0473888290881
OUT_14487,112.82232552664853
OUT_14488,287.18443893135066
OUT_14489,166.28196231804486
OUT_14490,285.80086647682054
OUT_14491,110.53469357390874
OUT_14492,119.87130869974884
OUT_14493,1908.7745823117536
OUT_14494,284.33128558209575
OUT_14495,284.6159012686337
OUT_14496,117.700389577542
OUT_14497,186.85981638145495
OUT_14498,117.67469496573956
OUT_14499,106.88560957965326
OUT_14500,162.60167577143346
OUT_14501,131.80973231120132
OUT_14502,926.2451655153063
OUT_14503,123.07088215532472
OUT_14504,113.53246839755052
OUT_14505,971.8140566813062
OUT_14506,150.39887681256118
OUT_14507,134.02028683379007
OUT_14508,2008.0293843176364
OUT_14509,158.31111850945487
OUT_14510,297.69051410498463
OUT_14511,109.27976758092132
OUT_14512,122.9027949497762
OUT_14513,945.7564637039223
OUT_14514,2104.6310821242623
OUT_14515,284.63951833527335
OUT_14516,285.50433736450105
OUT_14517,105.34803645378157
OUT_14518,288.5030191218999
OUT_14519,1004.911796190494
OUT_14520,308.95057387482984
OUT_14521,294.64527813289857
OUT_14522,285.7980942281196
OUT_14523,123.5774571260942
OUT_14524,924.4479210620535
OUT_14525,2051.590887187321
OUT_14526,911.572512602251
OUT_14527,105.34803645378157
OUT_14528,127.66937291419045
OUT_14529,306.0999191200969
OUT_14530,251.48051454565487
OUT_14531,315.2904080439593
OUT_14532,112.77184279943457
OUT_14533,103.74691071822583
OUT_14534,105.26410344042115
OUT_14535,333.0875152323538
OUT_14536,963.1487870281434
OUT_14537,313.421841404054
OUT_14538,334.7172628893647
OUT_14539,111.70203471438718
OUT_14540,285.01785427954616
OUT_14541,126.53355698965808
OUT_14542,148.5591542396848
OUT_14543,136.13382264432576
OUT_14544,111.3370059009344
OUT_14545,180.0644714982486
OUT_14546,126.61408697975168
OUT_14547,2024.8018540681192
OUT_14548,112.22935433829048
OUT_14549,105.34803645378157
OUT_14550,127.85880653086237
OUT_14551,1990.2284801840688
OUT_14552,128.71056922839685
OUT_14553,921.797754558891
OUT_14554,139.2725362071257
OUT_14555,317.9462908972969
OUT_14556,917.710042207578
OUT_14557,360.53551485932405
OUT_14558,911.4649485269908
OUT_14560,335.50883679386584
OUT_14561,302.7153603128014
OUT_14562,112.42275041522359
OUT_14563,111.35928545269469
OUT_14564,293.0238034552815
OUT_14565,142.0051403926209
OUT_14566,969.0532869110912
OUT_14567,110.81723044294938
OUT_14568,379.2029713275627
OUT_14570,112.4487784534949
OUT_14571,343.992605321165
OUT_14572,282.30076076909853
OUT_14573,291.63289930909013
OUT_14574,114.72336861401511
OUT_14575,164.32965066387416
OUT_14576,324.2489711696916
OUT_14577,1004.4648771817205
OUT_14578,122.10795864031284
OUT_14579,134.59517518763855
OUT_14580,114.1056291750782
OUT_14581,147.03897342040798
OUT_14582,118.71010929776206
OUT_14583,133.92473681505402
OUT_14584,939.69500656151
OUT_14585,136.43983254561155
OUT_14586,2172.594227715471
OUT_14587,114.66901003191829
OUT_14588,922.5693452553496
OUT_14589,317.09726581808184
OUT_14590,351.8402157981428
OUT_14591,140.93538676940648
OUT_14592,110.18877756327457
OUT_14593,116.14945665532233
OUT_14594,306.6267086205409
OUT_14595,211.5977146150752
OUT_14596,111.6511642820292
OUT_14597,111.44321846605511
OUT_14598,133.64300455905038
OUT_14599,110.25052042756909
OUT_14600,969.5203027856064
OUT_14601,910.2954573713669
OUT_14602,2136.0853456403343
OUT_14603,305.5892349384029
OUT_14604,112.10664487585787
OUT_14605,114.87547533827863
OUT_14606,346.27906850516547
OUT_14607,278.3575523251204
OUT_14608,1067.574833372635
OUT_14609,111.85073857103156
OUT_14610,139.64776726979193
OUT_14611,367.3044001221259
OUT_14612,970.538095384704
OUT_14613,287.14745626295814
OUT_14614,292.2859387000495
OUT_14615,2175.882972900249
OUT_14616,122.37144483475944
OUT_14617,105.88915849912458
OUT_14618,121.51283797170686
OUT_14619,938.1015900285709
OUT_14620,118.00954230545165
OUT_14621,256.5002099606753
OUT_14622,300.3066654180525
OUT_14623,279.1919755404063
OUT_14624,109.98203963031581
OUT_14625,111.44321846605511
OUT_14626,328.93415271201053
OUT_14627,117.41723578529556
OUT_14628,357.0558747950505
OUT_14629,286.9538467629052
OUT_14630,2026.4662312025807
OUT_14631,919.8464808077875
OUT_14632,100.33141199037242
OUT_14633,167.3268425763774
OUT_14634,110.81227399544011
OUT_14635,931.9634123705116
OUT_14636,297.4681897408046
OUT_14637,138.53028687331977
OUT_14638,287.16197348189536
OUT_14639,287.7510819321476
OUT_14640,111.60133491001444
OUT_14641,285.9631354206027
OUT_14642,132.14542654601954
OUT_14643,109.46739936812538
OUT_14644,285.8779019935196
OUT_14645,908.0069488653016
OUT_14646,119.8590097991568
OUT_14647,98.21231885401654
OUT_14648,138.5806857052764
OUT_14649,291.1606898571886
OUT_14650,104.71487283817636
OUT_14651,311.4705772146372
OUT_14653,121.1122920866306
OUT_14654,111.44321846605511
OUT_14655,104.66161123086835
OUT_14656,130.8187472620426
OUT_14657,111.36420153688844
OUT_14658,108.65817193661455
OUT_14659,145.5849831899149
OUT_14660,110.00947657820757
OUT_14661,113.36199762370353
OUT_14662,897.8996784504137
OUT_14663,1993.356703956828
OUT_14664,985.2833276455384
OUT_14665,109.27976758092132
OUT_14666,109.56792473596343
OUT_14667,112.66764306186325
OUT_14668,111.07750332986902
OUT_14669,105.26410344042115
OUT_14670,323.8799498858657
OUT_14671,1942.2194288544413
OUT_14672,972.9756838776278
OUT_14673,333.3024714578386
OUT_14674,279.32286442006557
OUT_14675,108.76512731873089
OUT_14676,141.9770619593874
OUT_14677,117.2258823782025
OUT_14678,225.80521283969884
OUT_14679,297.1928933116717
OUT_14680,285.3734484848418
OUT_14681,993.116679513498
OUT_14682,133.79045621384094
OUT_14683,990.3740958375932
OUT_14684,158.04967239221526
OUT_14685,289.84033933624653
OUT_14686,279.32286442006557
OUT_14687,334.4619523642262
OUT_14688,291.42703149075976
OUT_14689,129.81342231221012
OUT_14690,324.9474307511019
OUT_14691,137.07526726836176
OUT_14692,113.19093381948475
OUT_14693,288.9811695457785
OUT_14694,989.843525654862
OUT_14695,137.6571785876455
OUT_14696,111.00212878504446
OUT_14697,111.8703749083068
OUT_14698,911.572512602251
OUT_14699,940.6969153985706
OUT_14700,126.69066354260994
OUT_14701,110.18877756327457
OUT_14702,110.4049024443972
OUT_14703,103.73324129707908
OUT_14704,112.24387118401351
OUT_14705,323.94625745866466
OUT_14706,104.82421092400249
OUT_14707,111.48589755231647
OUT_14708,904.781563365086
OUT_14709,950.123566925244
OUT_14710,284.1074805073349
OUT_14711,105.81260216205074
OUT_14712,1087.220045826627
OUT_14713,126.64627023339106
OUT_14714,289.73364552127407
OUT_14715,154.12227006170403
OUT_14716,134.96470267983335
OUT_14717,112.82232552664853
OUT_14718,147.6682480240297
OUT_14719,287.57005284967346
OUT_14720,1917.3554486592527
OUT_14721,295.0962407625731
OUT_14722,292.47337315990524
OUT_14723,362.00902562459504
OUT_14724,274.7391074242401
OUT_14725,921.7100745017747
OUT_14726,285.9317553564798
OUT_14727,126.06400482974335
OUT_14728,305.48625070450925
OUT_14729,109.65055492548606
OUT_14730,328.89144455773226
OUT_14731,127.24281786655126
OUT_14732,111.60133491001444
OUT_14733,143.323042575974
OUT_14734,112.28869496954901
OUT_14735,315.27511451737337
OUT_14736,355.87276428545925
OUT_14737,114.49522956727036
OUT_14738,280.81081975464207
OUT_14739,305.48485758154334
OUT_14740,109.98203963031581
OUT_14741,912.1018471055826
OUT_14742,110.45027547034144
OUT_14743,998.7840041526232
OUT_14744,108.3348717672703
OUT_14745,279.32286442006557
OUT_14746,133.65039007314604
OUT_14747,149.61651503387014
OUT_14748,110.78483704754835
OUT_14749,905.7284414386859
OUT_14750,292.09515543333487
OUT_14751,333.6568732227336
OUT_14752,916.8291809282229
OUT_14753,287.7685387745577
OUT_14754,911.572512602251
OUT_14755,286.294216227074
OUT_14756,282.2383908397928
OUT_14757,922.9808670674212
OUT_14758,286.667951208453
OUT_14759,380.93152059791686
OUT_14760,982.8880909113602
OUT_14761,151.30450191445817
OUT_14762,315.1509608983058
OUT_14763,109.27976758092132
OUT_14764,131.001168313687
OUT_14765,285.3288458366119
OUT_14766,324.71612881435976
OUT_14767,931.9397296886762
OUT_14768,310.0219024727188
OUT_14769,119.22725429521842
OUT_14770,318.9146684902408
OUT_14771,2056.9886519849306
OUT_14772,113.1408138675479
OUT_14773,927.8304057601206
OUT_14774,947.43768128067
OUT_14775,108.17005741265741
OUT_14776,110.25052042756909
OUT_14777,357.9766278895682
OUT_14778,905.6875923286202
OUT_14779,152.8705160864368
OUT_14780,159.12069154246194
OUT_14781,118.86364899956548
OUT_14782,979.8521890076728
OUT_14783,303.24560572194014
OUT_14784,113.12936764535463
OUT_14785,112.44945276918135
OUT_14786,115.99900066298082
OUT_14787,950.7570797914776
OUT_14788,145.70927483629995
OUT_14789,131.40539047776784
OUT_14790,114.09361213922055
OUT_14791,290.65634322737236
OUT_14792,115.69566902399598
OUT_14793,146.98745806196345
OUT_14794,110.18877756327457
OUT_14795,115.69887242860564
OUT_14796,124.54346003702518
OUT_14797,110.18877756327457
OUT_14798,336.6775805558869
OUT_14799,965.254156485034
OUT_14800,946.5204873829576
OUT_14801,120.2660869052586
OUT_14802,347.01849468193177
OUT_14803,282.1405749735245
OUT_14804,153.0332190181887
OUT_14805,111.11018838621489
OUT_14806,133.7784835821251
OUT_14807,117.84026971229586
OUT_14808,117.28079074414782
OUT_14809,2013.9541541788567
OUT_14810,315.11080659462294
OUT_14811,285.3734484848418
OUT_14812,104.09359555100103
OUT_14813,112.07231682935645
OUT_14814,285.14017589441175
OUT_14815,132.3265948752018
OUT_14816,104.09359555100103
OUT_14817,132.75225091039033
OUT_14818,911.4416237225919
OUT_14819,112.7324662950443
OUT_14820,957.67331414263
OUT_14821,111.24233093945008
OUT_14822,2087.7250177336014
OUT_14823,932.0823785992952
OUT_14824,109.98203963031581
OUT_14825,344.5405292878655
OUT_14826,131.29264825256777
OUT_14827,144.32570410620963
OUT_14828,113.45425940580363
OUT_14829,104.68026731643654
OUT_14830,2061.9823524473363
OUT_14831,191.10257789759356
OUT_14832,224.09723383158
OUT_14833,2085.2829687659378
OUT_14834,1016.651428763516
OUT_14835,110.02046684178904
OUT_14836,325.21094332153774
OUT_14837,107.24510962890919
OUT_14838,145.53456397533188
OUT_14839,316.2816720203215
OUT_14840,106.92501656060304
OUT_14841,109.53098376357205
OUT_14842,377.6573441399385
OUT_14843,304.02394555280915
OUT_14844,110.61619555525337
OUT_14845,130.90228570897074
OUT_14846,926.0238255165448
OUT_14847,328.60479625796347
OUT_14848,136.43960673204955
OUT_14849,141.56284665462792
OUT_14850,144.00496002319073
OUT_14851,115.36313175747019
OUT_14852,223.10981272086664
OUT_14853,319.43575263288847
OUT_14854,104.63854206326432
OUT_14855,157.36435679488594
OUT_14856,1015.2709701219
OUT_14857,290.14346981008856
OUT_14858,365.7725437751896
OUT_14859,944.597665150724
OUT_14860,110.92857820386469
OUT_14861,119.41521386455028
OUT_14862,297.12569892099367
OUT_14863,318.192580983899
OUT_14864,950.6185444587244
OUT_14865,272.79696202740035
OUT_14866,114.46256892470004
OUT_14867,168.2703872860707
OUT_14868,926.143745920506
OUT_14869,948.9603274939204
OUT_14870,339.8952008863941
OUT_14871,284.5772400006267
OUT_14872,1967.166639576525
OUT_14873,143.91984652586376
OUT_14874,2032.774167414656
OUT_14875,2086.509118226784
OUT_14876,905.7284414386859
OUT_14877,109.44772301033655
OUT_14878,399.1939852435229
OUT_14879,118.74348245645064
OUT_14880,116.60881732023167
OUT_14881,906.256324492884
OUT_14882,903.3812887433849
OUT_14883,333.81060241690307
OUT_14884,909.2762158043303
OUT_14885,922.5693452553496
OUT_14886,127.76370508099455
OUT_14887,291.5180342408602
OUT_14888,142.4609266295122
OUT_14889,314.05327798106464
OUT_14890,116.45380756485892
OUT_14891,112.24901224697811
OUT_14892,131.40243767639103
OUT_14893,134.7352595258969
OUT_14894,286.28313453904536
OUT_14895,110.7841509846686
OUT_14896,111.44321846605511
OUT_14897,295.0219512109022
OUT_14898,130.4214877605272
OUT_14899,127.4146745884496
OUT_14900,112.50485939737388
OUT_14901,348.15402220159564
OUT_14902,293.5848035813645
OUT_14903,159.59494077610412
OUT_14904,389.0882918231508
OUT_14905,299.906736482355
OUT_14906,112.52686703769449
OUT_14907,151.05416237915892
OUT_14908,279.32286442006557
OUT_14909,158.65639660867615
OUT_14910,147.16849760391614
OUT_14911,1032.5527834006718
OUT_14912,106.53718173118186
OUT_14913,326.3294883938776
OUT_14914,985.3565569366287
OUT_14915,124.25999526811054
OUT_14916,291.0351309973784
OUT_14917,111.57866975
OUT_14918,112.6073289713489
OUT_14919,116.04852525350819
OUT_14920,101.50942180735801
OUT_14921,125.42418307031753
OUT_14922,2040.138140040564
OUT_14923,374.3742344592441
OUT_14924,335.4088630975715
OUT_14925,288.59504845113446
OUT_14926,283.05927563854647
OUT_14927,296.206696850464
OUT_14928,924.3921617451394
OUT_14929,329.4566557094897
OUT_14930,960.1992432860628
OUT_14931,105.26410344042115
OUT_14932,117.53637541798842
OUT_14933,122.01697527614944
OUT_14934,291.15178605497107
OUT_14935,328.6681650445666
OUT_14936,300.6327965773059
OUT_14937,916.6195780797732
OUT_14938,290.4549918520481
OUT_14939,133.9252795855337
OUT_14940,906.4907902185294
OUT_14941,848.1278711432218
OUT_14942,138.66660631179266
OUT_14943,119.73973129812606
OUT_14944,110.61619555525337
OUT_14945,125.75115950431206
OUT_14946,924.0050564892534
OUT_14947,978.7112240855768
OUT_14948,137.29972667186868
OUT_14949,122.58723835918816
OUT_14950,114.65178582297013
OUT_14951,128.23839846583857
OUT_14952,132.16177024431283
OUT_14953,348.19250399071865
OUT_14954,291.1256429693747
OUT_14955,182.4950434827326
OUT_14956,303.87308406663783
OUT_14957,109.27243159500219
OUT_14958,922.3560614305289
OUT_14959,1967.807047680429
OUT_14960,279.32286442006557
OUT_14961,110.86172480903903
OUT_14962,284.26011498272413
OUT_14963,312.11004087418934
OUT_14964,136.24396598675392
OUT_14965,286.3834965867983
OUT_14966,130.28664721814854
OUT_14967,295.7604623649158
OUT_14968,350.5342376948992
OUT_14969,119.55721990027097
OUT_14970,245.5329874871318
OUT_14971,319.0989635777852
OUT_14972,274.303124819505
OUT_14973,130.9017172588916
OUT_14974,947.5728911884624
OUT_14975,112.22935433829048
OUT_14976,272.3455833737242
OUT_14977,366.2304611844279
OUT_14978,104.79586760039552
OUT_14979,105.61955785063672
OUT_14980,142.84355425399465
OUT_14981,1259.0245221240448
OUT_14982,326.0150900227764
OUT_14983,321.5911872299364
OUT_14984,136.49070580239135
OUT_14985,104.79586760039552
OUT_14986,988.4744506124928
OUT_14987,281.713956456819
OUT_14988,255.93024095174687
OUT_14989,285.6392629543691
OUT_14990,279.1919755404063
OUT_14991,903.3812887433849
OUT_14992,906.8912013857113
OUT_14993,987.8234140701642
OUT_14994,968.9968887091248
OUT_14995,133.06060049736465
OUT_14996,110.45027547034144
OUT_14997,109.93563520815101
OUT_14998,279.32286442006557
OUT_14999,104.79586760039552
OUT_15000,112.85577581279499
OUT_15001,340.31719874210324
OUT_15002,114.99309716957058
OUT_15003,144.16988807024015
OUT_15004,314.7410879073293
OUT_15005,2394.8939022462537
OUT_15006,286.3037897383637
OUT_15007,2014.752930242699
OUT_15008,327.79820997657777
OUT_15009,104.682640342101
OUT_15010,145.45766398141035
OUT_15011,128.18765350511745
OUT_15012,286.332904304759
OUT_15013,299.6345465590732
OUT_15014,129.48337369460697
OUT_15015,111.72350698019365
OUT_15016,131.9458068628375
OUT_15017,115.6993714729658
OUT_15018,115.13175977312318
OUT_15019,299.8658765563097
OUT_15020,928.375591926664
OUT_15021,296.39017225519217
OUT_15022,276.82166522356096
OUT_15023,147.3577366361826
OUT_15024,280.81081975464207
OUT_15025,999.1333912324588
OUT_15026,140.22805189673693
OUT_15027,293.27078760233167
OUT_15028,356.06653940632214
OUT_15029,111.5207526363562
OUT_15030,111.35321332786737
OUT_15031,111.3408666383508
OUT_15032,146.78662108606966
OUT_15033,343.0050077929853
OUT_15034,115.46451479498481
OUT_15035,331.7515465265092
OUT_15036,113.87425763846429
OUT_15037,108.46634852439857
OUT_15038,297.04795579977053
OUT_15039,326.8185258602573
OUT_15040,112.85680757538027
OUT_15041,901.8958845078724
OUT_15042,1001.0101876836522
OUT_15043,285.5979382080393
OUT_15044,105.59690143679715
OUT_15045,153.33448729097043
OUT_15046,1042.36230358801
OUT_15047,2047.902872948696
OUT_15048,112.08305346156425
OUT_15049,936.403453798644
OUT_15050,113.89550714422327
OUT_15051,974.3576965061052
OUT_15052,930.578465737872
OUT_15053,934.4040439923476
OUT_15054,281.28653846484025
OUT_15055,2031.295713780744
OUT_15056,110.15156452932128
OUT_15057,1976.720844765287
OUT_15058,112.15215703113248
OUT_15059,112.49006067660889
OUT_15060,115.64396087080256
OUT_15061,928.3122237814948
OUT_15062,285.39812479938035
OUT_15063,940.242918596478
OUT_15064,111.8703749083068
OUT_15065,947.7142718819445
OUT_15066,126.01239544780516
OUT_15067,285.75405013151936
OUT_15068,110.53469357390874
OUT_15069,109.65385308532534
OUT_15070,300.3012460664257
OUT_15071,177.58972116319796
OUT_15072,287.710682192969
OUT_15073,107.45083138467794
OUT_15074,110.66558245356795
OUT_15075,172.48076047492424
OUT_15076,958.3362319691898
OUT_15077,133.5412268605399
OUT_15078,975.34381973193
OUT_15079,114.78564786824721
OUT_15080,110.18877756327457
OUT_15081,924.975213870091
OUT_15082,980.945009637201
OUT_15083,930.1990033379528
OUT_15084,113.77254976050902
OUT_15085,382.7557609303
OUT_15086,105.94358626957235
OUT_15087,145.60622655475277
OUT_15088,121.15665657052878
OUT_15089,1938.0676309446424
OUT_15090,112.48936342503481
OUT_15091,911.6511043092048
OUT_15092,280.3594411009659
OUT_15093,982.8570097483332
OUT_15094,123.64123928991096
OUT_15095,140.07533009622125
OUT_15096,383.0526262332006
OUT_15097,111.36420153688844
OUT_15098,970.7574539118784
OUT_15099,112.06417293176474
OUT_15100,332.9774946982483
OUT_15101,284.20353573053825
OUT_15102,182.0025355491832
OUT_15103,912.4996099661255
OUT_15104,316.2661879641814
OUT_15105,135.06519636628303
OUT_15106,112.08497187406766
OUT_15107,109.44772301033655
OUT_15108,903.8791712835019
OUT_15109,112.0020104279
OUT_15110,218.57767536069716
OUT_15111,359.60567227118884
OUT_15112,120.95074681858696
OUT_15113,150.40673622923413
OUT_15114,1012.059218868704
OUT_15115,282.2191666804784
OUT_15116,282.16533511049516
OUT_15117,123.74559689575148
OUT_15118,114.46132271637607
OUT_15119,147.0511661906789
OUT_15120,110.61619555525337
OUT_15121,114.51900293539695
OUT_15122,903.6128607343197
OUT_15123,103.04940584076134
OUT_15124,131.37756858496533
OUT_15125,909.2491601386358
OUT_15126,127.6875940257396
OUT_15127,159.21830406941797
OUT_15128,133.08084074485652
OUT_15129,322.1134053124438
OUT_15130,135.43820276821214
OUT_15131,114.36397547138849
OUT_15132,985.3222203074084
OUT_15133,147.45591416447243
OUT_15134,319.90482429933706
OUT_15135,962.6000519171292
OUT_15136,118.54592348535982
OUT_15137,104.79586760039552
OUT_15138,119.27904374015128
OUT_15139,300.7371711916709
OUT_15140,180.30281355393754
OUT_15141,111.87063645803391
OUT_15142,170.30425727461883
OUT_15143,109.98203963031581
OUT_15144,156.96098959722718
OUT_15145,1964.195407734103
OUT_15146,285.6308418828166
OUT_15147,936.0492552729156
OUT_15148,289.4861675075323
OUT_15149,283.04371167570145
OUT_15150,112.39490753466973
OUT_15151,104.09359555100103
OUT_15152,106.81044984818446
OUT_15153,356.244975761892
OUT_15154,1020.9064433009642
OUT_15155,272.2726276138738
OUT_15156,985.1711026064412
OUT_15157,140.1754531737396
OUT_15158,977.1028914416916
OUT_15159,1088.0377961528156
OUT_15160,2029.5169898219428
OUT_15161,292.11521065569303
OUT_15162,181.89855118721863
OUT_15163,964.2576926967166
OUT_15164,110.08256499815386
OUT_15165,297.59588134826964
OUT_15166,323.4706775383729
OUT_15167,292.47337315990524
OUT_15168,912.1018471055826
OUT_15169,106.56486355674768
OUT_15170,280.81081975464207
OUT_15171,119.68630822578912
OUT_15172,103.94297022298075
OUT_15173,279.40145612701946
OUT_15174,212.34782507605513
OUT_15175,137.07526726836176
OUT_15176,274.6412915579718
OUT_15177,310.1367759960136
OUT_15178,111.0162051921443
OUT_15179,1952.110560897564
OUT_15180,125.2152568904203
OUT_15181,296.7352325832939
OUT_15182,108.76512731873089
OUT_15183,910.3102506233445
OUT_15184,987.1838187566487
OUT_15185,992.9547723820242
OUT_15186,134.67185484353104
OUT_15187,280.3594411009659
OUT_15188,147.21187314430946
OUT_15189,276.48134000449096
OUT_15190,112.31583747694864
OUT_15191,107.47421947973676
OUT_15192,109.4033204746614
OUT_15193,326.8980532654408
OUT_15194,286.09963171432895
OUT_15195,110.61619555525337
OUT_15196,279.08238587008185
OUT_15197,104.74946317823073
OUT_15198,952.3809230494106
OUT_15199,282.7529651514818
OUT_15200,286.2420634636089
OUT_15201,113.18138879047355
OUT_15202,897.8996784504137
OUT_15203,410.88790282340585
OUT_15204,333.165888808234
OUT_15205,137.33263244673145
OUT_15206,157.05188190020797
OUT_15207,107.10546336267782
OUT_15208,978.3990199665398
OUT_15209,112.85680757538027
OUT_15210,109.46739936812538
OUT_15211,125.82137900239437
OUT_15212,903.6128607343197
OUT_15213,129.19446604076833
OUT_15214,321.0566300133355
OUT_15215,301.88900403164007
OUT_15216,284.6558317075806
OUT_15217,127.29093562796834
OUT_15218,292.49285872652
OUT_15219,285.39812479938035
OUT_15220,359.7719537359351
OUT_15221,134.2230179560885
OUT_15222,905.8070331456397
OUT_15223,140.47936390745787
OUT_15224,282.1405749735245
OUT_15225,127.3377799830924
OUT_15226,145.62582108428384
OUT_15227,444.03846572595813
OUT_15228,946.2033721793184
OUT_15229,112.41987325483738
OUT_15230,110.22363557340992
OUT_15231,363.5423372807768
OUT_15232,2104.627989612067
OUT_15233,303.91867209726286
OUT_15234,117.82558654853608
OUT_15235,2159.630968014174
OUT_15236,916.1218400700191
OUT_15237,123.84862856577176
OUT_15238,2068.826415646792
OUT_15239,110.3567329926898
OUT_15240,294.53044860477354
OUT_15241,115.75535973543205
OUT_15242,154.77128546127813
OUT_15243,283.7611547899614
OUT_15244,103.92205424577841
OUT_15245,116.49102471898809
OUT_15246,1003.237324643259
OUT_15247,166.9152784511831
OUT_15248,114.91228689045558
OUT_15249,908.833517783677
OUT_15250,946.086510844562
OUT_15251,287.7668381750626
OUT_15252,1886.1458153607853
OUT_15253,317.50512997795016
OUT_15254,111.09994384898573
OUT_15255,950.252040271329
OUT_15256,971.26607323815
OUT_15257,124.53789165905168
OUT_15258,111.03961790583058
OUT_15259,935.8230914473776
OUT_15260,1018.6838715888812
OUT_15261,109.27976758092132
OUT_15262,131.484229340691
OUT_15263,286.6719199034084
OUT_15264,335.3732506128529
OUT_15265,110.7358471264564
OUT_15266,2074.1204431510964
OUT_15267,903.2188608159445
OUT_15268,149.49015574261438
OUT_15269,124.8278488960831
OUT_15270,119.68651576385712
OUT_15271,166.43544080410996
OUT_15272,905.7284414386859
OUT_15273,283.12332188291816
OUT_15274,283.5507398748969
OUT_15275,100.4995969719172
OUT_15276,120.95992201953592
OUT_15277,364.0802158820108
OUT_15278,108.79019254856355
OUT_15279,107.47979257992664
OUT_15280,332.4787104983711
OUT_15281,113.91820774248096
OUT_15282,358.67635829982294
OUT_15283,2010.400779239027
OUT_15284,129.4195576369593
OUT_15285,2189.4878448021964
OUT_15286,111.98320919673468
OUT_15287,346.60658380188045
OUT_15288,115.88421705073408
OUT_15289,287.1600259348721
OUT_15290,285.5675938863905
OUT_15291,915.8905756671948
OUT_15292,110.45027547034144
OUT_15293,109.27976758092132
OUT_15294,2134.9502930835747
OUT_15295,105.13169426485584
OUT_15296,111.8063278574608
OUT_15297,135.4423459757167
OUT_15298,303.26772956025576
OUT_15299,945.9065471267128
OUT_15300,284.6677927780782
OUT_15301,286.12355678715113
OUT_15302,109.44772301033655
OUT_15303,409.20543223394543
OUT_15304,285.79330861920516
OUT_15305,147.1605198567111
OUT_15306,150.65382570230477
OUT_15307,143.98006108833025
OUT_15308,283.98208878192656
OUT_15309,112.82232552664853
OUT_15310,287.528487585314
OUT_15311,288.6880130109048
OUT_15312,116.84289048002717
OUT_15313,302.0326440124198
OUT_15314,108.73299035783609
OUT_15315,1991.7344671558983
OUT_15316,939.1965671335485
OUT_15317,971.6022892134775
OUT_15318,323.74087872607083
OUT_15319,342.1991175310248
OUT_15320,324.8851007092009
OUT_15321,113.6264250779538
OUT_15322,905.8129420116104
OUT_15323,353.8738774453139
OUT_15324,280.81081975464207
OUT_15325,113.19093381948475
OUT_15326,109.90104486809665
OUT_15327,1313.6310247016404
OUT_15328,132.48308147622768
OUT_15329,1039.8688366224524
OUT_15330,111.79550509714991
OUT_15331,285.1295719137603
OUT_15332,129.26907050953088
OUT_15333,911.572512602251
OUT_15334,284.046985491894
OUT_15335,939.1234029442476
OUT_15336,126.26192349451772
OUT_15337,904.272491270151
OUT_15338,228.44056045717645
OUT_15339,104.79586760039552
OUT_15340,965.4769997495904
OUT_15341,379.0363881321609
OUT_15342,1979.470815442584
OUT_15343,284.55608777881145
OUT_15344,886.7208403394195
OUT_15345,104.98232131759548
OUT_15346,374.8090537605376
OUT_15347,143.79015063476888
OUT_15348,112.28869496954901
OUT_15349,287.0324384698591
OUT_15350,111.85635163958945
OUT_15351,274.2245331125511
OUT_15352,302.304728579856
OUT_15353,1992.3505917022244
OUT_15354,111.80193634631168
OUT_15355,127.73275429620767
OUT_15356,1863.2321896713356
OUT_15357,110.66080690297987
OUT_15358,989.7510642977104
OUT_15359,112.36675399689334
OUT_15360,125.741667835085
OUT_15361,304.848606710448
OUT_15362,341.62419466464536
OUT_15363,326.1216411680354
OUT_15364,285.5498921074846
OUT_15365,104.682640342101
OUT_15366,110.80382734245744
OUT_15367,151.3955070154244
OUT_15368,112.2555959088539
OUT_15369,315.6623273013879
OUT_15370,281.28653846484025
OUT_15371,104.2812273382051
OUT_15372,2004.4197884594769
OUT_15373,279.1919755404063
OUT_15374,119.51911563598256
OUT_15375,289.09455516743066
OUT_15376,904.5682278755737
OUT_15377,368.8886122658081
OUT_15378,129.50775665235238
OUT_15379,381.4942440200255
OUT_15380,111.11018838621489
OUT_15381,317.9835433596341
OUT_15382,286.7465429154069
OUT_15383,178.03279267660014
OUT_15384,116.10954293196352
OUT_15385,113.33837147568846
OUT_15386,118.36865200989376
OUT_15387,301.9079449374861
OUT_15388,164.7548006288537
OUT_15389,115.64619070407905
OUT_15390,979.28621734996
OUT_15391,354.58637965791775
OUT_15392,303.0962906253632
OUT_15393,286.0792743911603
OUT_15394,146.41028071915247
OUT_15395,108.30756556897273
OUT_15396,108.98635687362992
OUT_15397,995.7788842234952
OUT_15398,946.0716398716932
OUT_15399,1037.7820672863295
OUT_15400,1014.8614997636816
OUT_15401,110.45027547034144
OUT_15402,269.94996317345465
OUT_15404,110.53469357390874
OUT_15405,127.51523923095806
OUT_15406,112.10664487585787
OUT_15407,281.0547205678402
OUT_15408,119.9935738043686
OUT_15409,324.1749489895111
OUT_15410,366.3773750163973
OUT_15411,330.8596151635922
OUT_15412,905.7284414386859
OUT_15413,151.721064362992
OUT_15414,114.03449139603536
OUT_15415,1952.7024661789235
OUT_15416,298.8772866307182
OUT_15417,911.572512602251
OUT_15418,903.3629023269958
OUT_15419,324.42531026545976
OUT_15420,286.251978587713
OUT_15421,110.18877756327457
OUT_15422,105.60377749282223
OUT_15423,308.25557931468893
OUT_15424,995.9341873822292
OUT_15425,354.2862441750208
OUT_15426,111.31846760464786
OUT_15427,119.57280237653993
OUT_15428,2055.102942405146
OUT_15429,284.6541622317736
OUT_15430,104.09359555100103
OUT_15431,335.89518298995034
OUT_15432,111.87063645803391
OUT_15433,168.72354308952802
OUT_15434,112.78532551095874
OUT_15435,920.512036932152
OUT_15436,104.26155098041626
OUT_15437,290.902394927298
OUT_15438,306.1459067977263
OUT_15439,323.6746542812064
OUT_15440,166.8174069208033
OUT_15441,140.05284035691375
OUT_15442,1003.7516926320728
OUT_15443,144.386179767016
OUT_15444,315.749611401129
OUT_15445,146.8794801292161
OUT_15446,279.305887997311
OUT_15447,330.56940298947484
OUT_15448,103.45069039387587
OUT_15449,949.914518338031
OUT_15450,413.0762098343585
OUT_15451,1452.2323054707376
OUT_15452,291.8479995485922
OUT_15453,105.15067045699008
OUT_15454,272.3455833737242
OUT_15455,921.3558867587466
OUT_15456,109.66752191677833
OUT_15457,110.16802675947825
OUT_15458,1018.0999100360224
OUT_15459,172.61735817525798
OUT_15460,330.1983625874391
OUT_15461,987.230859097925
OUT_15462,903.2601446530504
OUT_15463,269.1919566333896
OUT_15464,347.444704625308
OUT_15465,121.92637774152423
OUT_15466,906.2813096319164
OUT_15467,335.5140265615954
OUT_15468,2774.404814918224
OUT_15469,348.4288136639295
OUT_15470,912.3687210864664
OUT_15471,141.46603111797336
OUT_15472,930.6164833006408
OUT_15473,104.98232131759548
OUT_15474,298.3015756380033
OUT_15475,117.67216100931752
OUT_15476,109.27976758092132
OUT_15477,334.0214784094088
OUT_15478,117.5440248770357
OUT_15479,110.25052042756909
OUT_15480,941.663252973849
OUT_15481,1025.9290978371223
OUT_15482,127.63064861159852
OUT_15483,318.5983166132074
OUT_15484,286.332904304759
OUT_15485,285.70712414445285
OUT_15486,128.2786356442798
OUT_15487,1196.1388090873863
OUT_15488,113.40670738414434
OUT_15489,989.7498414238632
OUT_15490,106.948540724005
OUT_15491,104.72247507662475
OUT_15492,110.45027547034144
OUT_15493,946.2241529282124
OUT_15494,323.7993237414918
OUT_15495,145.67315113940325
OUT_15496,2274.550642759428
OUT_15497,922.3560614305289
OUT_15498,961.7105425833092
OUT_15500,112.36349174931418
OUT_15501,151.05397076825628
OUT_15502,997.1930764053526
OUT_15503,123.9782923104535
OUT_15504,1010.4332928559307
OUT_15505,274.2245331125511
OUT_15506,1052.955273937028
OUT_15507,285.9317553564798
OUT_15508,112.95466997689377
OUT_15509,904.1214532903133
OUT_15510,116.18980237878688
OUT_15511,2121.7145615081963
OUT_15512,947.0100726004714
OUT_15513,1992.891051578213
OUT_15514,1915.0253739932905
OUT_15515,111.80193634631168
OUT_15516,311.47967085252253
OUT_15517,937.683469187244
OUT_15518,288.5073164797689
OUT_15519,279.1919755404063
OUT_15520,130.51249245633105
OUT_15521,1064.9345223925873
OUT_15522,903.991918278277
OUT_15523,288.6880130109048
OUT_15524,296.11525562060234
OUT_15525,110.18877756327457
OUT_15526,286.14144250161087
OUT_15527,375.9077779360737
OUT_15528,1015.4295929355015
OUT_15529,110.29985673564997
OUT_15530,237.18399484942645
OUT_15531,111.59200461366744
OUT_15532,995.4401599722444
OUT_15533,111.78670344467349
OUT_15534,1995.128490173026
OUT_15535,272.3455833737242
OUT_15536,111.89442640495031
OUT_15537,377.8480442771946
OUT_15538,998.210554232021
OUT_15539,109.46739936812538
OUT_15540,110.66558245356795
OUT_15541,118.88768802607277
OUT_15542,112.46715588601865
OUT_15543,909.8086736410723
OUT_15544,129.9007574275605
OUT_15545,297.2160827482045
OUT_15546,112.48842493469952
OUT_15547,317.8124512917659
OUT_15548,989.8859041264903
OUT_15549,293.71009160699055
OUT_15550,110.61619555525337
OUT_15551,326.75422322106505
OUT_15552,2045.9566171365984
OUT_15553,104.98232131759548
OUT_15554,136.79140150595595
OUT_15555,115.22708436425182
OUT_15556,110.46665373692103
OUT_15557,105.26410344042115
OUT_15558,111.6829124413816
OUT_15559,108.40203536308567
OUT_15560,298.0932749778883
OUT_15561,105.03746354348964
OUT_15562,2121.1692416926508
OUT_15563,103.48315855693797
OUT_15564,111.61729441507293
OUT_15565,918.820992102694
OUT_15566,109.93424210484967
OUT_15567,112.80433981219588
OUT_15568,119.35437466108654
OUT_15569,112.39490753466973
OUT_15570,109.46739936812538
OUT_15571,186.4999286074718
OUT_15572,113.42735417406836
OUT_15573,116.48133915330905
OUT_15574,273.67533859260664
OUT_15575,111.60115755159522
OUT_15576,244.34355549768097
OUT_15577,150.98546402088434
OUT_15578,930.7556946974612
OUT_15579,305.1399057645311
OUT_15580,272.13338862015206
OUT_15581,279.1919755404063
OUT_15582,299.178315081304
OUT_15583,2091.257629134604
OUT_15584,862.8885718245556
OUT_15585,142.7976621932723
OUT_15586,283.5929061956459
OUT_15587,285.3734484848418
OUT_15588,115.42254507529968
OUT_15589,129.55179014608248
OUT_15590,137.2846012433339
OUT_15591,111.36420153688844
OUT_15592,2094.791619341984
OUT_15593,922.1419272633708
OUT_15594,111.5745924359212
OUT_15595,379.1813589773734
OUT_15596,1046.1158005417358
OUT_15597,106.72268862509326
OUT_15598,2038.599405217215
OUT_15599,138.68578091739573
OUT_15600,282.56133330436387
OUT_15601,937.8604275686852
OUT_15602,238.98488251517782
OUT_15603,352.81952228255875
OUT_15604,349.008182291206
OUT_15605,105.03746354348964
OUT_15606,367.1762233045157
OUT_15607,997.466329306956
OUT_15608,370.1886222615754
OUT_15609,290.20161085201016
OUT_15610,113.04543463199421
OUT_15612,110.78483704754835
OUT_15613,1936.006225623448
OUT_15614,107.59816453793869
OUT_15615,341.62613361593884
OUT_15616,103.43015368972154
OUT_15618,109.53744599525166
OUT_15619,316.19393087075355
OUT_15620,124.97907902982304
OUT_15621,378.93619067304127
OUT_15622,116.02679333692927
OUT_15623,284.8436763593081
OUT_15624,922.781949175373
OUT_15625,352.8547486057682
OUT_15626,962.4322612110564
OUT_15627,2061.8250209776247
OUT_15628,1994.554501134812
OUT_15629,980.424432117531
OUT_15630,125.6184674428418
OUT_15631,115.28853048440374
OUT_15632,137.72312322131705
OUT_15633,127.24218527105216
OUT_15634,342.70256728871465
OUT_15635,115.93615699194282
OUT_15636,110.47496847556745
OUT_15637,2238.5224622427418
OUT_15638,279.40145612701946
OUT_15639,99.96500969407835
OUT_15640,144.13050033204797
OUT_15641,138.21055578965937
OUT_15642,113.25839314220707
OUT_15643,204.13968836555583
OUT_15644,179.84710425587085
OUT_15645,112.8653368521886
OUT_15646,296.0885430923313
OUT_15647,112.28869496954901
OUT_15648,284.6677927780782
OUT_15649,317.0613634160307
OUT_15650,1969.652751090902
OUT_15651,289.6001094303488
OUT_15653,139.46030758634532
OUT_15654,118.76301118990824
OUT_15655,108.76512731873089
OUT_15656,112.17157312652844
OUT_15657,122.51955922016653
OUT_15658,139.89203269433557
OUT_15659,320.56514792623204
OUT_15660,133.78113180320025
OUT_15661,104.26155098041626
OUT_15662,318.98339332793034
OUT_15663,105.79055395334208
OUT_15664,962.4207189915776
OUT_15665,2015.7736490433351
OUT_15666,283.14626404435273
OUT_15667,946.2327816588128
OUT_15668,268.74374317308053
OUT_15669,922.0419273240636
OUT_15670,286.4926151256585
OUT_15671,118.23891355485068
OUT_15672,324.4830388447309
OUT_15673,988.503926514288
OUT_15674,912.5277348504267
OUT_15675,292.9125213797244
OUT_15676,111.46837987080049
OUT_15677,280.3666527349007
OUT_15678,347.9101536834987
OUT_15679,112.28869496954901
OUT_15680,917.4620156683816
OUT_15681,112.65484503428851
OUT_15682,125.60322665683128
OUT_15683,110.18877756327457
OUT_15684,106.19705000322104
OUT_15685,280.3594411009659
OUT_15686,131.22760446381966
OUT_15687,104.09359555100103
OUT_15688,1999.879615812216
OUT_15689,141.83443627972278
OUT_15690,339.7449013442888
OUT_15691,288.7252425932383
OUT_15692,112.88880462456584
OUT_15693,962.2483192488368
OUT_15694,302.82185521992835
OUT_15695,126.4353120647299
OUT_15696,338.1828994076503
OUT_15697,2073.2372708164503
OUT_15698,129.9824508924521
OUT_15699,105.03746354348964
OUT_15700,318.3706491355695
OUT_15701,284.5772400006267
OUT_15702,934.7930422632598
OUT_15703,110.08256499815386
OUT_15704,122.27783481962372
OUT_15706,307.2323923909015
OUT_15707,912.0232553986287
OUT_15708,904.8764674870256
OUT_15709,169.40664102131004
OUT_15710,128.32972873491198
OUT_15711,212.7249055234542
OUT_15712,289.8177918222464
OUT_15713,154.13175737624266
OUT_15714,110.45027547034144
OUT_15715,111.78670344467349
OUT_15716,307.5497811016929
OUT_15717,2057.0455970365742
OUT_15718,128.05839185652334
OUT_15719,1015.123963599278
OUT_15720,112.07231682935645
OUT_15721,113.85072314839162
OUT_15722,336.27669311065586
OUT_15723,112.20829947891798
OUT_15724,937.6224802858136
OUT_15725,116.66367822584624
OUT_15726,153.92022513411425
OUT_15727,375.2055512724791
OUT_15728,1966.5474181873983
OUT_15729,921.9199431913366
OUT_15730,264.4077237024036
OUT_15731,972.8033172413268
OUT_15732,144.7190478022241
OUT_15733,897.7687895707546
OUT_15735,112.34628231001068
OUT_15736,284.2352548763062
OUT_15737,282.17303852490704
OUT_15738,309.24825558220414
OUT_15739,933.7139828336976
OUT_15740,285.14017589441175
OUT_15741,151.06935553658013
OUT_15742,118.64469482451749
OUT_15743,143.92220054610348
OUT_15744,110.10155529306294
OUT_15745,1014.2079922800446
OUT_15746,1006.9469267251684
OUT_15747,118.15541685801304
OUT_15748,908.080555542193
OUT_15749,104.0862595650819
OUT_15750,983.4099153401532
OUT_15751,897.8996784504137
OUT_15752,210.16414793770213
OUT_15753,108.67513493993616
OUT_15754,367.9233841997186
OUT_15755,909.1060105853368
OUT_15756,905.9173088942348
OUT_15757,344.1815198306944
OUT_15758,291.23756085672846
OUT_15759,141.8285386205571
OUT_15760,337.0228705984372
OUT_15761,103.5789552888106
OUT_15762,304.884972560088
OUT_15763,284.1526190934701
OUT_15764,322.89128971956467
OUT_15765,109.44772301033655
OUT_15766,111.49311127607706
OUT_15767,118.83030833254033
OUT_15768,129.26170076107996
OUT_15769,284.44719373461874
OUT_15770,112.3377835873266
OUT_15771,113.49448144110023
OUT_15772,279.32286442006557
OUT_15773,364.3303863757683
OUT_15774,365.5900481504125
OUT_15775,138.74057623408058
OUT_15776,167.5953408380988
OUT_15777,285.50433736450105
OUT_15778,283.9035611052027
OUT_15779,298.6970082838114
OUT_15780,1111.464046032925
OUT_15781,281.68919631984835
OUT_15782,1965.2712867025448
OUT_15783,317.4417331481903
OUT_15784,112.67939208304391
OUT_15785,123.38160022050475
OUT_15786,109.44772301033655
OUT_15787,1039.6846166825608
OUT_15788,322.27854013634527
OUT_15789,134.2212404451927
OUT_15790,2007.70383204515
OUT_15791,129.6775269932656
OUT_15792,294.3056939851597
OUT_15793,2104.23915683162
OUT_15794,283.04371167570145
OUT_15795,317.2321574800407
OUT_15796,120.85119763425438
OUT_15797,961.473035863424
OUT_15798,314.1380475225497
OUT_15799,989.4565782891402
OUT_15800,922.2251725508698
OUT_15801,944.4334508459818
OUT_15802,2024.1250779139536
OUT_15803,110.92857820386469
OUT_15804,142.84898265990742
OUT_15806,125.19048868501659
OUT_15807,111.5244601979848
OUT_15808,350.45905553310376
OUT_15809,366.9978917434034
OUT_15810,131.32959029199984
OUT_15811,108.04428277757009
OUT_15812,267.4057980841575
OUT_15813,154.9644088279747
OUT_15814,1003.6802783972388
OUT_15815,106.88745426206096
OUT_15816,111.07750332986902
OUT_15817,128.49261531280902
OUT_15818,234.16784008320653
OUT_15820,132.57699530086725
OUT_15821,114.47646658045724
OUT_15822,105.26410344042115
OUT_15823,116.28205561889986
OUT_15824,105.34803645378157
OUT_15825,912.2625085213456
OUT_15826,295.5647019303995
OUT_15827,169.1143949942121
OUT_15828,921.797754558891
OUT_15829,283.9773583916024
OUT_15830,304.5400465549225
OUT_15831,111.77426728279734
OUT_15832,303.27747231982005
OUT_15833,110.89104961266906
OUT_15834,912.4491431434728
OUT_15835,111.87063645803391
OUT_15836,110.18877756327457
OUT_15837,2196.2140095699747
OUT_15838,915.7177332694164
OUT_15839,911.572512602251
OUT_15840,960.1992535875548
OUT_15841,334.6062882231652
OUT_15842,104.682640342101
OUT_15843,292.1708755240952
OUT_15844,111.67147923363927
OUT_15845,908.2755204270934
OUT_15846,283.5757495036399
OUT_15847,1989.2637460477224
OUT_15848,912.3933974010047
OUT_15849,987.6724169274896
OUT_15850,111.24925393156416
OUT_15851,114.26739581690664
OUT_15852,973.4162993396384
OUT_15853,2034.1316393644177
OUT_15854,289.36167666266596
OUT_15855,113.34527274444791
OUT_15856,122.0554173516786
OUT_15857,140.52199720620456
OUT_15858,118.76050493031764
OUT_15859,286.9140948031528
OUT_15861,1996.4876541069057
OUT_15862,921.5507101410494
OUT_15863,116.60881732023167
OUT_15864,154.45200485815275
OUT_15865,294.7867731737781
OUT_15866,290.6318727867496
OUT_15867,293.37580184234514
OUT_15868,112.3039244688532
OUT_15869,332.9294760016934
OUT_15870,107.69776301343686
OUT_15871,2035.44687010404
OUT_15872,285.5675938863905
OUT_15873,109.84209273049937
OUT_15874,1443.5467497646034
OUT_15875,113.6253904223537
OUT_15876,111.21501567288041
OUT_15877,1964.0362521406869
OUT_15878,316.7932424671037
OUT_15879,110.66558245356795
OUT_15880,353.8334802885986
OUT_15881,112.36675399689334
OUT_15882,905.9417252635066
OUT_15883,123.41674955074744
OUT_15884,111.9251631930343
OUT_15885,149.13235807708966
OUT_15886,959.8022833352788
OUT_15887,128.7171575745074
OUT_15888,111.07750332986902
OUT_15889,110.18877756327457
OUT_15890,2030.4018128121647
OUT_15891,119.96457006349917
OUT_15892,254.87581527737612
OUT_15893,111.1754471651703
OUT_15894,159.0081706902307
OUT_15895,1000.1109243663708
OUT_15896,144.07331640726704
OUT_15897,121.99695475041167
OUT_15898,110.9712907647483
OUT_15899,919.8094054608182
OUT_15900,291.57047671889643
OUT_15901,339.7375219287069
OUT_15902,123.67669297335864
OUT_15903,134.35784293538876
OUT_15904,110.23682048859804
OUT_15905,290.22163309143076
OUT_15906,1938.503545944547
OUT_15907,110.26951072247817
OUT_15908,322.1139877423029
OUT_15909,285.42597825294354
OUT_15910,112.04008433328109
OUT_15911,336.293585879406
OUT_15912,918.438232949772
OUT_15913,107.2197270084446
OUT_15914,128.1814029386347
OUT_15915,113.41536542552848
OUT_15916,123.51456013296904
OUT_15917,121.39084970715788
OUT_15918,204.83770406123216
OUT_15919,969.2936300186147
OUT_15920,278.95870294997627
OUT_15921,955.9746433883756
OUT_15922,912.4491431434728
OUT_15923,105.34803645378157
OUT_15924,279.32286442006557
OUT_15925,183.22636584436916
OUT_15926,921.6427581669137
OUT_15927,99.92184908008912
OUT_15928,156.26027417022024
OUT_15929,323.375636120806
OUT_15930,978.7915170037206
OUT_15931,902.0267733875315
OUT_15932,111.89442640495031
OUT_15933,114.87842340713597
OUT_15934,1020.203325443939
OUT_15935,288.5667900644114
OUT_15936,111.3370059009344
OUT_15937,115.50866766747467
OUT_15938,140.13466850062338
OUT_15939,132.98655033379427
OUT_15940,110.89104961266906
OUT_15941,145.103410142654
OUT_15942,912.1018471055826
OUT_15943,118.16467225379026
OUT_15944,193.92361708376808
OUT_15945,331.93944137318584
OUT_15946,124.1245799851585
OUT_15947,104.79586760039552
OUT_15948,125.3454903897053
OUT_15949,133.6063626299902
OUT_15950,362.7820378632002
OUT_15951,1944.257109461068
OUT_15952,884.9347045975333
OUT_15953,280.3594411009659
OUT_15954,275.74729706271967
OUT_15955,1017.386935841368
OUT_15956,104.21714844474111
OUT_15957,109.27976758092132
OUT_15958,905.9417252635066
OUT_15959,357.81270396710204
OUT_15960,105.1830411491388
OUT_15961,257.4088382659945
OUT_15962,285.50433736450105
OUT_15963,115.26560980046844
OUT_15964,110.80382734245744
OUT_15965,111.59200461366744
OUT_15966,305.0535675573872
OUT_15967,112.07231682935645
OUT_15968,1076.4629273279986
OUT_15969,144.0677488095174
OUT_15970,112.06417293176474
OUT_15971,2050.8700939524533
OUT_15972,286.294216227074
OUT_15973,326.1200310268977
OUT_15974,337.5915504900759
OUT_15975,286.6719199034084
OUT_15976,124.38801782199904
OUT_15977,136.73625166971243
OUT_15978,306.7767260291803
OUT_15979,979.1443024009948
OUT_15980,118.5034826028182
OUT_15981,112.47738380011909
OUT_15982,110.10155529306294
OUT_15983,124.79913253568672
OUT_15984,135.5532416963302
OUT_15985,963.2018188159792
OUT_15986,330.41008401227606
OUT_15987,128.7860955887251
OUT_15988,112.0020104279
OUT_15989,910.428763194176
OUT_15990,289.8988540427121
OUT_15991,108.52806693391328
OUT_15992,104.0862595650819
OUT_15993,329.3926530309226
OUT_15994,300.7697963784099
OUT_15995,114.80521941346905
OUT_15996,971.6253086377072
OUT_15997,136.0456673284506
OUT_15998,285.0301013925956
OUT_15999,145.2019731553513
OUT_16000,905.5975525590268
OUT_16001,304.30515023680573
OUT_16002,148.29220923588562
OUT_16003,317.47960233612514
OUT_16004,905.7284414386859
OUT_16005,146.19577290935982
OUT_16006,341.8391792627111
OUT_16007,111.16114206751666
OUT_16008,415.5611148352819
OUT_16009,107.46623809339012
OUT_16010,135.66286099081412
OUT_16011,109.12749539365456
OUT_16012,113.62317959907921
OUT_16013,138.63687081906176
OUT_16014,112.24901224697811
OUT_16015,112.04288217198932
OUT_16016,1056.8400391157954
OUT_16017,387.57398427370345
OUT_16018,132.29111260320883
OUT_16019,286.6719199034084
OUT_16020,314.1099709540438
OUT_16021,112.30214150259019
OUT_16022,133.23976514899957
OUT_16023,367.009052979773
OUT_16024,112.46750232525989
OUT_16025,295.30256871543344
OUT_16026,286.9538467629052
OUT_16027,129.55179014608248
OUT_16028,123.38160022050475
OUT_16029,287.3612701009007
OUT_16030,327.7252602763499
OUT_16031,301.9424968378163
OUT_16032,125.12225585665868
OUT_16033,135.21937879072678
OUT_16034,989.8591136774731
OUT_16035,305.6855431633508
OUT_16036,270.411483008821
OUT_16037,143.37422280059386
OUT_16038,125.36715186820189
OUT_16039,113.56138366301104
OUT_16040,110.9287013022845
OUT_16041,2038.4054528580864
OUT_16042,326.35701049148776
OUT_16043,973.700173129136
OUT_16044,112.40891193772968
OUT_16045,319.1585114551357
OUT_16046,354.5269748673425
OUT_16047,137.07526726836176
OUT_16048,322.9979987421227
OUT_16049,915.3569228635674
OUT_16050,114.06248305541408
OUT_16051,111.18977586070251
OUT_16053,228.78185497769445
OUT_16054,283.13786734550035
OUT_16055,1000.5394641887704
OUT_16056,126.21732676873415
OUT_16057,114.66901003191829
OUT_16058,356.23809235445384
OUT_16059,112.85577581279499
OUT_16060,120.54268132615962
OUT_16061,115.25130248910494
OUT_16062,285.50433736450105
OUT_16063,296.93130739163564
OUT_16064,926.3876688931192
OUT_16065,146.70687144971163
OUT_16066,112.4487784534949
OUT_16067,135.02120179820994
OUT_16068,109.98203963031581
OUT_16069,270.5840307726637
OUT_16070,108.91643483598148
OUT_16071,2106.054923675153
OUT_16072,103.7209980904684
OUT_16073,156.86114869690337
OUT_16074,136.97360421123716
OUT_16075,2017.891608968244
OUT_16076,108.70525868988256
OUT_16077,315.5229359254805
OUT_16078,349.3157755461476
OUT_16079,311.4030317582642
OUT_16080,128.09784734817717
OUT_16081,121.85666624663024
OUT_16082,320.4679311182407
OUT_16083,966.541721614853
OUT_16084,284.20353573053825
OUT_16085,2092.474430707405
OUT_16086,922.2251725508698
OUT_16087,327.8892451508493
OUT_16088,981.4133247394104
OUT_16089,113.16346220930456
OUT_16090,151.2229502767186
OUT_16091,103.75274439503481
OUT_16092,123.33980202473852
OUT_16093,297.2925136331636
OUT_16094,2122.753251733467
OUT_16095,151.52801637985476
OUT_16096,129.71013378153503
OUT_16097,933.1858778935324
OUT_16098,111.48589755231647
OUT_16099,303.7957877549505
OUT_16100,111.40437282646337
OUT_16101,142.96382545234175
OUT_16102,284.2352548763062
OUT_16103,274.2301690596546
OUT_16104,317.36257940865926
OUT_16105,281.61953262821885
OUT_16106,345.9128005408701
OUT_16107,283.3540197828305
OUT_16108,1830.916212858638
OUT_16110,156.2074191519787
OUT_16111,116.66354196995304
OUT_16112,328.97719236607054
OUT_16113,986.6720199690058
OUT_16114,992.1062425008636
OUT_16115,109.92292022826928
OUT_16116,962.6880539973512
OUT_16117,189.31813188519195
OUT_16118,103.74691071822583
OUT_16119,136.22143737407364
OUT_16120,110.30925978439463
OUT_16121,160.48559374563567
OUT_16122,112.49006067660889
OUT_16123,948.9791922173422
OUT_16124,281.7379171185164
OUT_16125,187.17573586156516
OUT_16126,312.00374524709633
OUT_16127,111.78670344467349
OUT_16128,358.7401528118207
OUT_16129,156.92921137608255
OUT_16130,289.7162183587862
OUT_16131,115.81774376554822
OUT_16132,128.68909598932927
OUT_16133,110.00947657820757
OUT_16134,111.78670344467349
OUT_16135,912.8560869728298
OUT_16136,912.4996099661255
OUT_16137,126.64983017472994
OUT_16138,110.61619555525337
OUT_16139,289.1456709775113
OUT_16140,301.9358570752197
OUT_16141,130.51369770036467
OUT_16142,939.0797542013312
OUT_16143,936.5988573009848
OUT_16144,932.955621574827
OUT_16145,166.23045259206978
OUT_16146,999.3586687748764
OUT_16147,284.5772400006267
OUT_16148,113.12936764535463
OUT_16149,103.5789552888106
OUT_16150,977.8194260243686
OUT_16151,154.9699822435558
OUT_16152,115.36435157587309
OUT_16153,989.0992195227795
OUT_16154,349.75501887613115
OUT_16155,156.48510852669358
OUT_16156,287.80895540717995
OUT_16157,118.32958794274276
OUT_16158,291.45495111546035
OUT_16159,147.99711209794245
OUT_16160,103.74691071822583
OUT_16161,295.6432923715275
OUT_16162,332.0298500807252
OUT_16163,117.46273840503846
OUT_16164,1189.0916391360424
OUT_16165,110.16849334751576
OUT_16166,111.6045444609521
OUT_16167,118.99891913744278
OUT_16168,111.87063645803391
OUT_16169,1986.259974234
OUT_16170,990.1043677940734
OUT_16171,286.4656798769137
OUT_16172,906.6005566244568
OUT_16173,339.5624028184011
OUT_16174,111.85211373470291
OUT_16175,134.12773896487616
OUT_16176,928.0471469773812
OUT_16177,284.8394953224347
OUT_16178,112.9407405887407
OUT_16179,344.4340290130402
OUT_16180,2091.5342281435223
OUT_16181,280.6542414752307
OUT_16182,105.46572090086204
OUT_16183,1933.924803205516
OUT_16184,938.7992554741086
OUT_16185,926.3760543949654
OUT_16186,158.23766203248312
OUT_16187,142.9087741137427
OUT_16188,129.98274303805823
OUT_16189,330.511623255312
OUT_16190,998.2498304277714
OUT_16191,275.43059809456554
OUT_16192,285.3511867366788
OUT_16193,364.37157136921786
OUT_16194,1006.462250360442
OUT_16195,1993.6677998993416
OUT_16196,283.77990752767465
OUT_16197,114.42474011923414
OUT_16198,111.25339521660854
OUT_16199,2091.7585084810985
OUT_16200,147.14488235426884
OUT_16201,992.9339466297738
OUT_16202,106.06561113513838
OUT_16203,103.53447097476341
OUT_16204,339.2160439475652
OUT_16205,110.55528963745286
OUT_16206,110.68160584528279
OUT_16207,288.033831229176
OUT_16208,205.24550207031228
OUT_16209,903.6128607343197
OUT_16210,115.39596709362154
OUT_16211,101.50923668291152
OUT_16212,111.48589755231647
OUT_16213,139.96049198405524
OUT_16214,143.8090869347568
OUT_16215,912.1018471055826
OUT_16216,902.8476581862852
OUT_16217,315.72416589858443
OUT_16218,110.18877756327457
OUT_16219,931.0684037990994
OUT_16220,130.9277919824647
OUT_16221,122.66069171407169
OUT_16222,119.70783753723866
OUT_16223,1981.449227097372
OUT_16224,156.85439581528814
OUT_16225,286.3037897383637
OUT_16226,145.52990370894065
OUT_16227,121.91207429973151
OUT_16228,2074.175959918264
OUT_16229,2057.5112138799886
OUT_16230,335.8226722386457
OUT_16231,111.34340259458553
OUT_16232,125.9808110134511
OUT_16233,117.12705924816768
OUT_16234,366.20954130104406
OUT_16235,310.9024475052202
OUT_16236,117.33098879627582
OUT_16237,323.2511762161856
OUT_16238,2080.547747591815
OUT_16239,161.78298427905509
OUT_16240,280.3594411009659
OUT_16241,143.23904854532978
OUT_16242,244.96182230247263
OUT_16243,898.5834355233034
OUT_16244,917.1020178333537
OUT_16245,918.9307206894595
OUT_16246,131.09265927658683
OUT_16247,111.33490478618717
OUT_16248,320.4356906577816
OUT_16249,109.08595233532304
OUT_16250,145.5883194087101
OUT_16251,111.50492132184782
OUT_16252,936.7021340988284
OUT_16253,121.16789434447794
OUT_16254,913.793320616376
OUT_16255,909.946582230636
OUT_16256,282.4796119125796
OUT_16257,166.92826483730792
OUT_16258,955.8785800742288
OUT_16259,113.79260404107562
OUT_16260,146.8818568175875
OUT_16261,292.7574838006017
OUT_16262,110.22363557340992
OUT_16263,122.16039017322151
OUT_16264,113.23110510905968
OUT_16265,111.42871783716042
OUT_16266,114.93184554372095
OUT_16267,109.07066796495528
OUT_16268,112.06942299082782
OUT_16269,314.00433663050734
OUT_16270,111.13107435092783
OUT_16271,913.2016479020958
OUT_16272,279.5852485508482
OUT_16273,902.5028090768876
OUT_16274,132.53835403906848
OUT_16275,951.1556184703434
OUT_16276,130.45502466513494
OUT_16277,109.27976758092132
OUT_16278,274.6412915579718
OUT_16279,327.5265760042892
OUT_16280,109.74289579468876
OUT_16281,147.24193684538562
OUT_16282,121.19637232479758
OUT_16283,285.9317553564798
OUT_16284,948.065686764257
OUT_16285,111.443703556262
OUT_16286,103.04798011495598
OUT_16287,304.8072500486023
OUT_16288,288.5128263202471
OUT_16289,124.9714051435382
OUT_16290,154.76242562535987
OUT_16291,109.27976758092132
OUT_16292,336.9057431414129
OUT_16293,363.7298905389599
OUT_16294,113.66361420359794
OUT_16295,113.72219674925591
OUT_16296,404.0960612202537
OUT_16297,340.07846689281763
OUT_16298,266.4826062686415
OUT_16299,350.38737344682625
OUT_16300,1041.8254488547393
OUT_16301,118.34956571034616
OUT_16302,911.572512602251
OUT_16303,1975.5870737358127
OUT_16304,1921.4152065876185
OUT_16305,110.66558245356795
OUT_16306,112.78004184447248
OUT_16307,116.81341424133107
OUT_16308,108.28138849689304
OUT_16309,313.5255940741315
OUT_16310,317.2132997163652
OUT_16311,943.464359839804
OUT_16312,156.7365768441528
OUT_16313,104.09359555100103
OUT_16314,1856.936046540569
OUT_16315,948.6921999290072
OUT_16316,107.73527611425072
OUT_16317,975.268688892816
OUT_16318,989.6917293555975
OUT_16319,112.85577581279499
OUT_16320,123.26692427254892
OUT_16321,286.1942683038776
OUT_16322,958.1151476273544
OUT_16323,339.5134654235339
OUT_16324,204.83770406123216
OUT_16325,109.27976758092132
OUT_16326,905.7284414386859
OUT_16327,284.6677927780782
OUT_16328,995.7659761418222
OUT_16329,1944.751114136454
OUT_16330,995.5700999637708
OUT_16331,2141.9459434825126
OUT_16332,105.03746354348964
OUT_16333,145.13134101084952
OUT_16334,968.1339260414604
OUT_16335,271.9007073106002
OUT_16336,2109.3671693834485
OUT_16337,136.32547277863918
OUT_16338,125.7000867897469
OUT_16339,111.443703556262
OUT_16340,117.2033931645752
OUT_16341,341.5612455399753
OUT_16342,111.48589755231647
OUT_16343,937.31566314955
OUT_16344,147.40894370463755
OUT_16345,112.0020104279
OUT_16346,109.90387365788291
OUT_16347,150.5270316879087
OUT_16348,391.2861932781335
OUT_16349,910.5277148834446
OUT_16350,108.66813168754246
OUT_16351,978.2233222667396
OUT_16352,333.7690056092346
OUT_16353,156.06802867313905
OUT_16354,153.60655916835827
OUT_16355,111.1633068470032
OUT_16356,110.78759768090161
OUT_16357,105.6107260008132
OUT_16358,140.5695634987818
OUT_16359,338.2697492400499
OUT_16360,104.682640342101
OUT_16361,127.24281786655126
OUT_16362,923.6262976762353
OUT_16363,117.37193973996337
OUT_16364,999.6942317959404
OUT_16365,118.932742498796
OUT_16366,113.5607366209153
OUT_16367,279.32286442006557
OUT_16368,113.41873689626375
OUT_16369,112.55469568739065
OUT_16370,284.0096646410666
OUT_16371,111.53565376427271
OUT_16372,112.97925911936196
OUT_16373,104.09359555100103
OUT_16374,110.99028105965739
OUT_16375,346.1342933347725
OUT_16376,144.40227412631236
OUT_16377,112.2865136880331
OUT_16378,125.33344117179556
OUT_16379,116.04852525350819
OUT_16380,112.9372733561185
OUT_16381,113.38554583152086
OUT_16382,956.9437749543356
OUT_16383,999.4295341972312
OUT_16384,304.6939248425494
OUT_16385,166.28485351109086
OUT_16386,127.80786068962963
OUT_16387,318.5563616662978
OUT_16388,2040.9078218942968
OUT_16389,1032.5926867547923
OUT_16390,328.9194017011166
OUT_16391,110.18877756327457
OUT_16392,127.46873788525804
OUT_16393,117.06441683596424
OUT_16394,910.1793617436854
OUT_16395,108.24342585280412
OUT_16396,162.11632166469013
OUT_16397,972.8931799935606
OUT_16398,280.63558534285994
OUT_16399,104.49381359923659
OUT_16400,116.44795317298096
OUT_16401,116.41432637465881
OUT_16402,330.3016209580625
OUT_16403,986.4205838422454
OUT_16404,297.2114681414918
OUT_16405,112.9407405887407
OUT_16406,129.40247187218733
OUT_16407,288.44935540753306
OUT_16408,110.53420848370186
OUT_16409,295.63344097855816
OUT_16410,117.12705924816768
OUT_16411,335.9599243318795
OUT_16412,118.05218722984628
OUT_16413,897.7687895707546
OUT_16414,919.824827818277
OUT_16415,184.30557742664564
OUT_16416,117.84942500429928
OUT_16417,1187.065438170298
OUT_16418,107.91942884881092
OUT_16419,277.6719165804233
OUT_16420,122.41389048854832
OUT_16421,285.68720958116967
OUT_16422,115.22903238335151
OUT_16423,308.23987868869546
OUT_16424,902.3505987554132
OUT_16425,285.8518659977877
OUT_16426,1048.807866560628
OUT_16427,219.45411464124945
OUT_16428,141.9665331509677
OUT_16429,359.4363825246621
OUT_16430,158.88572829676824
OUT_16431,122.88543428375068
OUT_16432,133.24128685812852
OUT_16433,288.19471561429873
OUT_16434,158.35854106227424
OUT_16435,991.3686471983896
OUT_16436,331.3960849625328
OUT_16437,2027.964964470273
OUT_16438,121.7553022104921
OUT_16439,389.9901811540255
OUT_16440,139.56108662428124
OUT_16441,2054.887353131717
OUT_16442,112.10664487585787
OUT_16443,126.50037270467222
OUT_16444,391.93456016265327
OUT_16445,152.60297800441248
OUT_16446,105.03746354348964
OUT_16447,130.39713290373265
OUT_16448,285.80086647682054
OUT_16449,343.15724373807234
OUT_16450,112.77184279943457
OUT_16451,905.7284414386859
OUT_16452,280.7697406663093
OUT_16453,145.87237341071378
OUT_16454,296.580155141465
OUT_16455,316.8739594026292
OUT_16456,107.50344634317976
OUT_16457,281.4907031725753
OUT_16458,107.40168664482954
OUT_16459,932.8765506718172
OUT_16460,2041.2903713172848
OUT_16461,283.5929061956459
OUT_16462,109.98203963031581
OUT_16463,307.74479807789027
OUT_16464,151.93245922813358
OUT_16465,284.1074805073349
OUT_16466,177.28950660590172
OUT_16467,911.6511043092048
OUT_16468,304.82675358998785
OUT_16469,110.45027547034144
OUT_16470,908.815352593512
OUT_16471,109.60060728580474
OUT_16472,115.04055636189872
OUT_16473,124.152435095393
OUT_16474,117.86786155907966
OUT_16475,128.3281600180278
OUT_16476,149.323294548949
OUT_16477,296.1767473729571
OUT_16478,324.3304117352922
OUT_16479,286.16332734741474
OUT_16480,342.1388177908822
OUT_16481,92.29564752300335
OUT_16482,167.31227734082483
OUT_16483,291.42703149075976
OUT_16484,292.9289645241778
OUT_16485,158.30057469750554
OUT_16486,112.82232552664853
OUT_16487,285.3734484848418
OUT_16488,2078.4411403402755
OUT_16489,267.59719428991275
OUT_16490,131.43119258538434
OUT_16491,132.8471592771723
OUT_16492,2085.355103924867
OUT_16493,103.74691071822583
OUT_16494,286.53741894960217
OUT_16495,174.35482069608113
OUT_16496,281.7379171185164
OUT_16497,1128.2711375084598
OUT_16498,111.50492132184782
OUT_16499,288.8989570531074
OUT_16500,103.45069039387587
OUT_16501,283.13786734550035
OUT_16502,911.572512602251
OUT_16503,111.50492132184782
OUT_16505,112.40487414399666
OUT_16506,112.49973482133525
OUT_16507,109.44772301033655
OUT_16508,112.28869496954901
OUT_16509,150.50121925299518
OUT_16511,911.6511043092048
OUT_16512,109.4524526118979
OUT_16513,290.14346981008856
OUT_16514,324.113922108724
OUT_16515,334.74385017316695
OUT_16516,287.16197348189536
OUT_16517,282.1962245190438
OUT_16518,111.36420153688844
OUT_16519,113.02062696923555
OUT_16520,2071.414679175803
OUT_16521,327.73233629642215
OUT_16522,112.00133294130154
OUT_16523,105.03746354348964
OUT_16524,272.3455833737242
OUT_16525,282.237040709843
OUT_16526,110.31607263692715
OUT_16527,141.21026931830446
OUT_16528,113.9544699384306
OUT_16529,309.5632212588959
OUT_16530,999.1471544766434
OUT_16531,980.620433603022
OUT_16532,129.86347297003968
OUT_16533,317.88627123887545
OUT_16534,131.1358604315539
OUT_16535,103.78115534678092
OUT_16536,910.1793617436854
OUT_16537,341.4238087014611
OUT_16538,2234.5885487057258
OUT_16539,324.2673568727546
OUT_16540,930.6768687915252
OUT_16541,149.28215267804092
OUT_16542,287.8568106029357
OUT_16543,322.0014439570656
OUT_16544,363.3556596205382
OUT_16545,134.6158328850963
OUT_16546,157.92364861526923
OUT_16547,122.2208602969026
OUT_16548,2030.410263093382
OUT_16549,111.48589755231647
OUT_16550,143.74078669746044
OUT_16551,267.24796989412954
OUT_16552,127.87114987067304
OUT_16553,328.2913484088897
OUT_16554,104.26155098041626
OUT_16555,157.02110227599954
OUT_16556,112.58077231654951
OUT_16557,170.24320228941616
OUT_16558,326.3040091137617
OUT_16559,354.75174594136894
OUT_16560,110.68160584528279
OUT_16561,163.7428107215253
OUT_16562,176.04007423819408
OUT_16563,124.73542773417668
OUT_16564,103.56104256938075
OUT_16565,127.4235694255348
OUT_16566,138.4924967079503
OUT_16567,131.792446465666
OUT_16568,138.32289633795983
OUT_16569,313.70666006047543
OUT_16570,1985.5872492126805
OUT_16571,104.21714844474111
OUT_16572,117.64071388275094
OUT_16573,1986.896002210672
OUT_16574,113.6561704338046
OUT_16575,152.9078464389796
OUT_16576,902.0350457012609
OUT_16577,143.39109749139297
OUT_16578,288.05146775357537
OUT_16579,298.401607086153
OUT_16580,323.9737062682466
OUT_16581,110.92857820386469
OUT_16582,118.0098533526738
OUT_16583,902.5801197104868
OUT_16584,159.5608667308194
OUT_16585,113.9296369515888
OUT_16586,910.7933779963976
OUT_16587,119.94519231293982
OUT_16588,277.3313499761845
OUT_16589,109.44772301033655
OUT_16590,920.9451100537322
OUT_16591,104.79586760039552
OUT_16592,310.80619234264066
OUT_16593,1030.1858869357643
OUT_16594,120.89756678594615
OUT_16595,106.33344072626721
OUT_16596,2027.191113699488
OUT_16597,1997.4880360119769
OUT_16598,964.7685100540596
OUT_16599,126.54287577896908
OUT_16600,113.43603368737803
OUT_16601,277.5926510608064
OUT_16602,901.0353028734564
OUT_16603,117.9186155465742
OUT_16604,110.7841509846686
OUT_16605,2079.515081632056
OUT_16606,134.89314388020125
OUT_16607,320.6810344386755
OUT_16608,140.94036753168578
OUT_16609,284.2352548763062
OUT_16610,133.10004845768714
OUT_16611,108.03431470840508
OUT_16612,287.326821207659
OUT_16613,143.73152481795438
OUT_16614,136.29740069298575
OUT_16615,154.05792327922376
OUT_16616,293.4039340672671
OUT_16617,272.3455833737242
OUT_16618,118.21920144390546
OUT_16619,290.2817920721158
OUT_16620,296.5081554906507
OUT_16621,112.85577581279499
OUT_16622,274.7391074242401
OUT_16623,968.1311828298572
OUT_16624,114.40149865406345
OUT_16625,139.35457700927407
OUT_16626,113.24244876816381
OUT_16627,104.74946317823073
OUT_16628,109.4419371971906
OUT_16629,280.68009121731006
OUT_16630,155.64184652728386
OUT_16631,287.6120612219694
OUT_16632,294.8691319593747
OUT_16633,967.712268169348
OUT_16634,139.3451141911556
OUT_16635,111.21501567288041
OUT_16636,178.29936992143726
OUT_16637,133.70609050558036
OUT_16638,119.11483656164276
OUT_16639,1982.7673469760207
OUT_16640,299.01684544981464
OUT_16641,949.0637755003452
OUT_16642,317.3637107822908
OUT_16643,285.0319542481675
OUT_16644,253.62675759521585
OUT_16645,302.05599249189896
OUT_16646,285.50433736450105
OUT_16647,334.8342887233802
OUT_16648,160.9769501001675
OUT_16649,922.781949175373
OUT_16650,122.31643072473432
OUT_16651,230.09160736300322
OUT_16652,389.705064307228
OUT_16653,248.62053517343355
OUT_16654,954.1466830857672
OUT_16655,119.71860278962622
OUT_16656,1004.1937707130304
OUT_16657,926.5893382197861
OUT_16658,111.11018838621489
OUT_16659,953.4065102554586
OUT_16660,114.29332691122991
OUT_16661,147.1971160994555
OUT_16662,284.6558317075806
OUT_16663,110.53469357390874
OUT_16664,110.61619555525337
OUT_16665,350.3096104597424
OUT_16666,110.8287623323951
OUT_16667,111.85425511537538
OUT_16668,109.44772301033655
OUT_16669,131.0322114696175
OUT_16670,902.3505987554132
OUT_16671,167.3004385006493
OUT_16672,150.46803206651867
OUT_16673,286.6719199034084
OUT_16674,106.39196232879932
OUT_16675,914.2242034390028
OUT_16676,981.9507162948996
OUT_16677,110.53420848370186
OUT_16678,105.60273511360613
OUT_16679,108.51282636763497
OUT_16680,383.1893765681918
OUT_16681,108.66473820319473
OUT_16682,114.3869320982384
OUT_16683,118.00566742429868
OUT_16684,111.19624610747321
OUT_16685,305.42605861178623
OUT_16686,151.314636286806
OUT_16687,960.4339441647436
OUT_16688,1914.0657848370736
OUT_16689,105.94358626957235
OUT_16690,901.3832420700892
OUT_16691,113.7828451497456
OUT_16692,281.8364632202543
OUT_16693,140.9090022665679
OUT_16694,346.86466056284576
OUT_16695,111.07750332986902
OUT_16696,110.21180014270287
OUT_16697,138.32498504583384
OUT_16698,321.36516148014005
OUT_16699,124.39535376202971
OUT_16700,113.75593704966802
OUT_16701,105.25982919668265
OUT_16702,310.64105418272646
OUT_16703,905.2776348266342
OUT_16704,112.45068701025376
OUT_16705,300.8063038287762
OUT_16706,137.7153579097931
OUT_16707,945.9620071971646
OUT_16708,225.6502090982774
OUT_16709,111.69572378119096
OUT_16710,109.27976758092132
OUT_16711,919.4746298980868
OUT_16712,998.0909024201916
OUT_16713,111.77153880433534
OUT_16714,124.27660974431092
OUT_16715,145.89147805079884
OUT_16716,301.2600957759629
OUT_16717,285.0366556320845
OUT_16718,117.37825131731768
OUT_16719,294.44854679308366
OUT_16720,119.96615071516096
OUT_16721,354.13527078559906
OUT_16722,181.2678654066918
OUT_16723,131.45101483282878
OUT_16724,899.395037263129
OUT_16725,304.2308410973271
OUT_16726,359.2369836133484
OUT_16727,118.77696932355563
OUT_16728,1007.5939195981016
OUT_16729,110.53420848370186
OUT_16730,109.27976758092132
OUT_16731,286.294216227074
OUT_16732,318.3959322286341
OUT_16733,113.50028747067388
OUT_16734,163.07942115997366
OUT_16735,109.68004854384344
OUT_16736,134.62763363819923
OUT_16737,289.08566919030847
OUT_16738,938.8405302498636
OUT_16739,350.69068166403923
OUT_16740,342.53552939116946
OUT_16741,936.5978381530068
OUT_16742,1016.3485323821642
OUT_16743,119.16999939571714
OUT_16744,113.61307605051634
OUT_16745,306.3892523087277
OUT_16746,290.37884146397244
OUT_16747,282.16533511049516
OUT_16748,110.45027547034144
OUT_16749,919.7298786018554
OUT_16750,111.87063645803391
OUT_16751,115.9428808688662
OUT_16752,110.3567329926898
OUT_16753,922.3560614305289
OUT_16754,112.45068701025376
OUT_16755,111.27872183786974
OUT_16756,139.1608870426999
OUT_16757,312.88494053461784
OUT_16758,112.61661917786503
OUT_16759,200.58959060532987
OUT_16760,344.9072992699332
OUT_16761,175.01786892107617
OUT_16762,352.6912995594011
OUT_16763,133.8791242269129
OUT_16764,147.5703745071051
OUT_16765,105.34803645378157
OUT_16766,265.00013470350234
OUT_16767,114.42522615182689
OUT_16768,310.6938001502324
OUT_16769,965.6609805769056
OUT_16770,276.27469217386636
OUT_16771,126.94395760657756
OUT_16772,147.65543647638975
OUT_16773,111.36420153688844
OUT_16774,122.92410657040932
OUT_16775,940.2298787599192
OUT_16776,278.95870294997627
OUT_16777,281.10737013986915
OUT_16778,411.3018840677614
OUT_16779,110.43245010017168
OUT_16780,110.22363557340992
OUT_16781,110.45027547034144
OUT_16782,114.2068074254284
OUT_16783,321.35849584560424
OUT_16784,298.5820644931328
OUT_16785,950.1116937715542
OUT_16786,920.1853456037628
OUT_16787,904.1214532903133
OUT_16788,138.15968421216238
OUT_16789,120.68820025748728
OUT_16790,317.1666148924
OUT_16791,922.3560614305289
OUT_16792,104.79586760039552
OUT_16793,292.62021435894553
OUT_16794,288.3339363090368
OUT_16795,104.71487283817636
OUT_16796,329.5963541186294
OUT_16797,111.41331711546744
OUT_16799,112.18422322735864
OUT_16800,134.90774122205815
OUT_16801,128.18205901226793
OUT_16802,144.3398047154984
OUT_16803,110.61619555525337
OUT_16804,937.927516716726
OUT_16805,111.69572378119096
OUT_16806,1015.1651925995328
OUT_16807,329.7679833611031
OUT_16808,923.7955543782768
OUT_16809,2106.2977660842826
OUT_16810,284.7288284844226
OUT_16811,175.46764154021545
OUT_16812,975.0837427229644
OUT_16813,969.8255268126256
OUT_16814,126.00934337448282
OUT_16815,923.7004441806114
OUT_16816,120.05954331267348
OUT_16817,302.7437019430358
OUT_16818,313.9086503604919
OUT_16819,155.62966076818063
OUT_16820,969.626423553808
OUT_16821,338.070835304132
OUT_16822,113.02297839006953
OUT_16823,131.0736326909806
OUT_16824,319.76698378807606
OUT_16825,158.3162904058745
OUT_16826,145.63937721249457
OUT_16827,1997.858712239064
OUT_16828,285.50433736450105
OUT_16829,110.01956822151143
OUT_16830,997.196355836093
OUT_16831,106.64585831896684
OUT_16832,938.7560458447188
OUT_16833,320.1194843822849
OUT_16834,291.34466152027244
OUT_16835,184.03548691169473
OUT_16836,139.5735317765943
OUT_16837,114.95137619244484
OUT_16838,967.514907443685
OUT_16839,290.3375960766729
OUT_16840,920.3105318705476
OUT_16841,912.9391967219598
OUT_16842,108.61632571964182
OUT_16843,106.88499750503588
OUT_16844,285.0319542481675
OUT_16846,143.92228710693868
OUT_16847,109.44772301033655
OUT_16848,2054.7467076407056
OUT_16849,112.82232552664853
OUT_16850,113.63490427150946
OUT_16851,965.1269556443395
OUT_16852,285.58292907145494
OUT_16853,138.88006016576267
OUT_16854,111.66568326240639
OUT_16855,282.4501523087922
OUT_16856,328.6947565309
OUT_16857,293.6218571257567
OUT_16858,977.675335520063
OUT_16859,132.77766367647047
OUT_16860,240.00703676496857
OUT_16861,316.07716567552376
OUT_16862,110.45027547034144
OUT_16863,1056.3848669498122
OUT_16864,1992.6497360552776
OUT_16865,140.18365895597827
OUT_16866,300.5889818306967
OUT_16867,131.73302379067152
OUT_16868,924.6684016221504
OUT_16869,111.0223553797156
OUT_16870,279.1919755404063
OUT_16871,129.87304397140986
OUT_16872,934.3545425611438
OUT_16873,285.50433736450105
OUT_16874,346.12590062546764
OUT_16875,285.5675938863905
OUT_16876,908.2316759075704
OUT_16877,126.15827816435682
OUT_16878,135.32878356342508
OUT_16879,147.73186169267103
OUT_16880,951.786453893571
OUT_16881,104.09359555100103
OUT_16882,281.88842896242585
OUT_16883,157.99940935012552
OUT_16884,967.1344746528672
OUT_16885,125.7538791155496
OUT_16886,111.25465007723925
OUT_16887,163.8076672070444
OUT_16888,286.46379318441825
OUT_16889,307.5251305364509
OUT_16890,110.56286306767859
OUT_16891,968.0044770080824
OUT_16892,111.50492132184782
OUT_16893,280.47204380040756
OUT_16894,293.27257045520247
OUT_16895,107.40024984184369
OUT_16896,109.44772301033655
OUT_16897,121.00059037122432
OUT_16898,112.45068701025376
OUT_16899,926.4480695991706
OUT_16900,906.4121985115755
OUT_16901,125.81291303671937
OUT_16902,293.3118746527715
OUT_16903,146.8365452545805
OUT_16904,102.48760521075285
OUT_16905,295.0037990208368
OUT_16906,123.1587050839234
OUT_16907,111.27206318248307
OUT_16908,949.6393758797738
OUT_16909,905.7284414386859
OUT_16910,107.10835059795596
OUT_16911,136.44994131007505
OUT_16912,114.40771978190742
OUT_16913,287.114434712228
OUT_16914,167.3240393583458
OUT_16915,149.08537390733818
OUT_16916,112.33579192842164
OUT_16917,129.1421484610257
OUT_16918,114.27741929285007
OUT_16919,140.28928818725774
OUT_16920,285.0319542481675
OUT_16921,274.2245331125511
OUT_16922,131.29676490085
OUT_16923,277.5438275622625
OUT_16924,927.7948217002818
OUT_16925,939.3364796493988
OUT_16926,113.83987006302844
OUT_16927,320.8734128861435
OUT_16928,282.9054996574238
OUT_16929,125.25819201736104
OUT_16930,319.5644593024344
OUT_16931,111.78670344467349
OUT_16932,368.6328676153795
OUT_16933,107.33917260267646
OUT_16934,358.9700081796383
OUT_16935,2647.150134117496
OUT_16936,288.93433081642246
OUT_16937,967.8915285746118
OUT_16938,174.4990687688603
OUT_16939,105.34803645378157
OUT_16940,127.93037668314977
OUT_16941,149.98810152406386
OUT_16942,314.3985789533124
OUT_16943,117.14105871388458
OUT_16944,317.97987857897607
OUT_16945,130.30468688254416
OUT_16946,2105.2845011584177
OUT_16947,111.77241862622903
OUT_16948,140.1754918588813
OUT_16949,113.43472172620032
OUT_16950,163.77791784404027
OUT_16951,101.4313921902624
OUT_16952,150.99002685360853
OUT_16953,109.93563520815101
OUT_16954,124.03932298348687
OUT_16955,136.6245936640405
OUT_16956,125.3432664606189
OUT_16957,106.21747384774132
OUT_16958,929.037487492321
OUT_16959,2065.099312306358
OUT_16960,130.64720020809446
OUT_16961,304.89729393402763
OUT_16962,123.6163495066538
OUT_16963,113.85208851134591
OUT_16964,108.40203536308567
OUT_16965,285.9699576847873
OUT_16966,127.13706581043215
OUT_16967,339.98091684846503
OUT_16968,275.836695518695
OUT_16969,283.3540197828305
OUT_16970,300.88722079060494
OUT_16971,917.0753112883432
OUT_16972,129.34077847417598
OUT_16973,110.89104961266906
OUT_16974,294.9376322898562
OUT_16975,299.9454226709352
OUT_16976,122.26360158155987
OUT_16977,1005.8481974221462
OUT_16978,108.76512731873089
OUT_16979,113.84640065976727
OUT_16980,128.28767223801373
OUT_16981,113.96995736968144
OUT_16982,109.44772301033655
OUT_16983,344.35373202179613
OUT_16984,124.1343657707944
OUT_16985,314.4524168950024
OUT_16986,2023.2718830414287
OUT_16987,283.9100899954652
OUT_16988,311.66672117172743
OUT_16989,338.98081830426554
OUT_16990,1970.968953720692
OUT_16991,391.93456016265327
OUT_16992,119.03758326925224
OUT_16993,104.09359555100103
OUT_16994,293.0781373507436
OUT_16995,115.60290020046412
OUT_16996,299.85901140646644
OUT_16997,285.0319542481675
OUT_16998,122.7521891621014
OUT_16999,316.8890335290549
OUT_17000,111.44321846605511
OUT_17001,120.43464295678778
OUT_17002,302.7630912546568
OUT_17003,156.73023827444501
OUT_17004,297.3480185190874
OUT_17005,346.0409144962242
OUT_17006,309.18231631231885
OUT_17007,315.9565949864344
OUT_17008,943.0356873178988
OUT_17009,2010.3427862870624
OUT_17010,1990.8698545864213
OUT_17011,117.1516032174476
OUT_17012,140.70868932401828
OUT_17013,127.61118070176872
OUT_17014,2019.240921161531
OUT_17015,361.6233726592658
OUT_17016,142.13376202891814
OUT_17017,132.4691643656172
OUT_17018,112.1962724814967
OUT_17019,345.9175705572403
OUT_17020,140.5543270750026
OUT_17021,944.5159911380224
OUT_17022,190.04637347045139
OUT_17023,187.1387942096495
OUT_17024,223.60182970517312
OUT_17025,1055.482647825194
OUT_17026,110.92857820386469
OUT_17027,119.1250437864875
OUT_17028,957.6936680095988
OUT_17029,206.2096734655917
OUT_17030,145.52089485170924
OUT_17031,103.5789552888106
OUT_17032,118.20780324515432
OUT_17033,115.14827992807798
OUT_17034,282.6551492852135
OUT_17035,122.25159996593425
OUT_17036,139.2280522113199
OUT_17037,332.839022160801
OUT_17038,156.16337625466846
OUT_17039,358.48204936581124
OUT_17040,116.60881732023167
OUT_17041,319.5167118806814
OUT_17042,97.9874943932574
OUT_17043,130.54418431765228
OUT_17044,1016.2484340722974
OUT_17045,166.50524394100938
OUT_17047,954.0070886597498
OUT_17048,244.34355549768097
OUT_17049,2008.9882033456267
OUT_17050,286.82105410177746
OUT_17051,121.84321398702518
OUT_17052,147.73502606702422
OUT_17053,328.5079773891238
OUT_17054,284.6558317075806
OUT_17055,131.44247825361623
OUT_17056,336.77049046032926
OUT_17057,302.28505080173574
OUT_17058,1003.2454481022788
OUT_17059,324.185399770604
OUT_17060,150.41305137695278
OUT_17061,310.9528756581926
OUT_17062,135.9158005865115
OUT_17063,312.0297733572274
OUT_17064,359.7458256276256
OUT_17065,125.41347852346848
OUT_17066,997.2083363718136
OUT_17067,2009.7646854084824
OUT_17068,296.6643581134908
OUT_17069,286.0091648046224
OUT_17070,330.8971510202607
OUT_17071,2009.17781577818
OUT_17072,162.1079265198714
OUT_17073,335.5183450970927
OUT_17074,293.89069411410827
OUT_17076,112.36675399689334
OUT_17077,110.89104961266906
OUT_17078,1056.826932666946
OUT_17079,294.60237719043295
OUT_17080,279.32286442006557
OUT_17081,122.66187741739748
OUT_17082,2037.723013743543
OUT_17083,118.82175358219553
OUT_17084,116.91355138768998
OUT_17085,974.156088282353
OUT_17086,206.02945372341094
OUT_17087,1264.2377840402985
OUT_17088,1019.2801075131922
OUT_17089,120.9449537180533
OUT_17090,249.04034486808249
OUT_17091,126.40015036934082
OUT_17092,960.9478063055188
OUT_17093,123.13410356849036
OUT_17094,126.43855268807836
OUT_17095,286.59135437451977
OUT_17096,112.82232552664853
OUT_17097,199.14719201321603
OUT_17098,312.87538472614614
OUT_17099,408.2342105736863
OUT_17100,331.41165770154527
OUT_17101,937.3847457668728
OUT_17102,331.0442219887707
OUT_17103,136.74204355456544
OUT_17104,301.48571895930445
OUT_17105,358.0639433613008
OUT_17106,103.96397171648199
OUT_17107,345.89723310506383
OUT_17108,126.34321653486762
OUT_17109,118.74212532714508
OUT_17110,1026.095493434162
OUT_17111,369.2572779859723
OUT_17112,109.27976758092132
OUT_17113,148.3476079835583
OUT_17114,153.963851328997
OUT_17115,175.95103684846407
OUT_17116,132.7596370738042
OUT_17117,119.56521675551652
OUT_17118,110.38563558216246
OUT_17119,348.7290160818589
OUT_17120,131.032797443437
OUT_17121,945.914265499488
OUT_17122,307.4134355799398
OUT_17123,945.023550392623
OUT_17124,911.7849434044672
OUT_17125,349.7163166240693
OUT_17126,118.76961177653112
OUT_17127,135.74525912472333
OUT_17128,147.87468906941908
OUT_17129,913.5458611558548
OUT_17130,114.57571437211436
OUT_17131,1960.0672908809383
OUT_17132,124.90505746313907
OUT_17133,201.5938787216659
OUT_17134,153.63894684371536
OUT_17135,299.422434376445
OUT_17136,353.1702528049976
OUT_17137,328.4343464800167
OUT_17138,252.96170939437866
OUT_17139,129.4131457292558
OUT_17140,279.46960778440257
OUT_17141,341.41544283514617
OUT_17142,365.4948658451764
OUT_17143,328.61093570913874
OUT_17144,281.9006039195961
OUT_17145,109.98203963031581
OUT_17146,116.60102390419787
OUT_17147,142.09298940354756
OUT_17148,323.62225548548594
OUT_17149,301.66944176549345
OUT_17150,133.69355825324536
OUT_17151,113.3890869066075
OUT_17152,370.8354989002811
OUT_17153,2025.9657511992048
OUT_17154,117.66054440179124
OUT_17155,136.92054882413282
OUT_17156,140.97394673622728
OUT_17157,342.75581987942206
OUT_17158,303.29785346904595
OUT_17159,317.6309187208253
OUT_17160,906.3872727996361
OUT_17161,354.6935455809544
OUT_17162,1080.8212251016216
OUT_17163,150.63903667867265
OUT_17164,115.02014702767138
OUT_17165,132.55535340090398
OUT_17166,122.70938913479682
OUT_17167,1348.7241281804504
OUT_17168,107.42588879768779
OUT_17169,143.84210029783773
OUT_17170,123.39567785166322
OUT_17171,148.97259191608703
OUT_17172,958.5241029402446
OUT_17173,304.52560743357384
OUT_17174,105.26410344042115
OUT_17175,2062.5014194368764
OUT_17176,104.71487283817636
OUT_17177,308.75855120930714
OUT_17178,983.0849500888204
OUT_17179,285.1156701458145
OUT_17180,142.30792297285555
OUT_17181,113.75642308226077
OUT_17182,113.92565391906074
OUT_17183,918.6374059485144
OUT_17184,131.95318253600584
OUT_17185,125.99566460931548
OUT_17186,411.0637113481226
OUT_17187,2133.173500773233
OUT_17188,145.40418632388275
OUT_17189,346.277220153546
OUT_17190,125.60930805664256
OUT_17191,142.3633986866923
OUT_17192,905.3068156455612
OUT_17193,288.52177930675896
OUT_17194,343.53544843760346
OUT_17195,137.41284152866797
OUT_17196,121.89134238045273
OUT_17197,112.02758065935198
OUT_17198,391.104106080629
OUT_17199,131.09236931076848
OUT_17200,395.1631133082355
OUT_17201,350.37528237708176
OUT_17202,320.2938101543388
OUT_17203,117.78427950271568
OUT_17204,290.62050882984545
OUT_17205,117.09748460574764
OUT_17206,349.19015956618244
OUT_17207,981.9435017593636
OUT_17208,949.3165915086194
OUT_17209,124.11386392006803
OUT_17210,157.6380855719675
OUT_17211,141.6405215833069
OUT_17212,149.64585725081173
OUT_17213,146.81059018331996
OUT_17214,373.7681338186185
OUT_17215,350.9555145709775
OUT_17216,2089.173738802672
OUT_17218,200.71673196666043
OUT_17220,125.4160770284532
OUT_17221,108.5687029971812
OUT_17222,312.13503184880767
OUT_17223,125.95461613018176
OUT_17224,285.80086647682054
OUT_17225,344.3300479295613
OUT_17226,178.86050441594875
OUT_17227,113.56084670553675
OUT_17228,176.6961296787576
OUT_17229,119.63153755810308
OUT_17230,386.86867418937237
OUT_17231,1022.1685957385928
OUT_17232,897.7687895707546
OUT_17233,329.1813530376064
OUT_17234,470.2354736456434
OUT_17235,154.03751668281407
OUT_17236,146.72955361224388
OUT_17237,136.6167826440889
OUT_17238,112.91685862833674
OUT_17239,331.97925059095127
OUT_17240,327.6181817736893
OUT_17241,494.32864553454624
OUT_17242,297.306848348416
OUT_17243,99.88146155008083
OUT_17244,168.8511892174917
OUT_17245,382.46109094228586
OUT_17246,353.87871952391794
OUT_17247,313.8796698821498
OUT_17248,313.9939178177536
OUT_17249,129.9419618232416
OUT_17250,348.50630012371994
OUT_17251,156.9668930100045
OUT_17252,148.1307730795697
OUT_17253,284.28440225984224
OUT_17254,319.00245908330527
OUT_17255,162.32794057397172
OUT_17256,120.59287974570788
OUT_17257,346.2130082166057
OUT_17258,158.6923050132359
OUT_17259,324.7916146326404
OUT_17260,312.431998513414
OUT_17261,109.44772301033655
OUT_17262,143.53456290736077
OUT_17263,1091.7386448028824
OUT_17264,120.19022427577175
OUT_17265,136.79791945932928
OUT_17266,166.28196231804486
OUT_17267,206.2869684437648
OUT_17268,118.3303060001166
OUT_17269,347.4684543240753
OUT_17270,984.9264799552236
OUT_17271,100.60341597207686
OUT_17272,351.7120456812833
OUT_17273,308.0767794747221
OUT_17274,148.67774028304345
OUT_17275,344.30843429978387
OUT_17276,305.5920211366407
OUT_17277,306.1042954036062
OUT_17278,110.7841509846686
OUT_17279,90.97269256679333
OUT_17280,2025.5338121364405
OUT_17281,204.13968836555583
OUT_17282,329.45686829505104
OUT_17283,154.35950980525286
OUT_17284,128.7424424788264
OUT_17285,304.1577352876047
OUT_17286,130.83586352102114
OUT_17287,267.56839610608944
OUT_17288,110.84464519050427
OUT_17289,315.3919595074822
OUT_17290,104.00584603985374
OUT_17291,140.37944924193334
OUT_17292,157.77310916496805
OUT_17293,369.8425069772555
OUT_17294,143.3281781133117
OUT_17295,120.21978685260318
OUT_17296,152.48264506832956
OUT_17297,115.32248818418049
OUT_17298,119.2785036417238
OUT_17299,111.52854835011574
OUT_17300,121.95996493333138
OUT_17301,989.9606887200656
OUT_17302,299.41165345235646
OUT_17303,345.0002302009696
OUT_17304,957.035218714036
OUT_17305,351.40468563181696
OUT_17306,325.97650530234466
OUT_17307,336.9172825044402
OUT_17308,285.7099094815665
OUT_17309,153.34394756703588
OUT_17310,142.45223573814908
OUT_17311,107.2875396992946
OUT_17312,990.8092766381952
OUT_17313,120.8529788139649
OUT_17314,919.8365385778582
OUT_17315,912.3182542638137
OUT_17316,109.98203963031581
OUT_17317,336.3719422903415
OUT_17318,976.0945934519566
OUT_17319,166.3614080085585
OUT_17320,324.4711196157413
OUT_17321,968.0180116779296
OUT_17322,354.44261072008374
OUT_17323,293.22858852379386
OUT_17324,1002.161145454392
OUT_17325,459.0092631385255
OUT_17326,2100.668718623956
OUT_17327,121.7261155406774
OUT_17328,339.5745012405507
OUT_17329,975.9894894354704
OUT_17330,138.38205090694933
OUT_17331,111.85425511537538
OUT_17332,121.72410546193768
OUT_17333,160.71390753754628
OUT_17334,917.5666340619405
OUT_17335,138.54803598772136
OUT_17336,137.6783943585866
OUT_17337,109.04227120592304
OUT_17338,289.82578526383367
OUT_17339,315.78085793609864
OUT_17340,129.20404933215048
OUT_17341,112.07092483491012
OUT_17342,329.0753323707496
OUT_17343,434.9983366979156
OUT_17344,120.36377769599336
OUT_17345,962.1244236340324
OUT_17346,139.60036247682262
OUT_17347,126.43396299938988
OUT_17348,1036.409945824732
OUT_17349,114.45466267958314
OUT_17350,919.5968323141334
OUT_17351,126.11916913191656
OUT_17352,112.78114759525664
OUT_17353,116.06719210382946
OUT_17354,918.8740265362812
OUT_17355,170.74974699112377
OUT_17356,140.3625906022918
OUT_17357,147.91612667104346
OUT_17358,116.84605145362072
OUT_17359,109.41310250508033
OUT_17360,143.4865407209307
OUT_17361,116.51636833799792
OUT_17362,352.7769525196304
OUT_17363,167.57618950344607
OUT_17364,338.5150990753093
OUT_17365,125.741667835085
OUT_17366,994.0126168062852
OUT_17367,161.75173431240123
OUT_17368,119.28447289921392
OUT_17369,118.69673756719828
OUT_17370,172.5568034366695
OUT_17371,2084.3085574465745
OUT_17372,952.5676292518172
OUT_17373,351.7901190699745
OUT_17374,1001.6615535451276
OUT_17375,120.18320387355192
OUT_17376,136.87160743591176
OUT_17377,113.8906141239651
OUT_17378,1015.3399235747414
OUT_17379,109.3164877637307
OUT_17380,166.38574881620863
OUT_17381,118.29214044146006
OUT_17382,111.84269735916232
OUT_17383,172.25366054686805
OUT_17384,110.46614161619134
OUT_17385,320.6618875537223
OUT_17386,317.59495452282744
OUT_17387,252.58552992136168
OUT_17388,151.7763255403236
OUT_17389,2079.25040695601
OUT_17390,104.09359555100103
OUT_17391,122.00650692141288
OUT_17392,929.8348644673724
OUT_17393,111.66568326240639
OUT_17394,290.0780560166486
OUT_17395,138.06744525347125
OUT_17396,387.4537758254818
OUT_17397,316.87510566063145
OUT_17398,158.47228306250526
OUT_17399,126.36561172091233
OUT_17400,311.8679262169593
OUT_17401,142.34156729404353
OUT_17402,314.68261713897544
OUT_17403,314.08361183399387
OUT_17404,347.9764052787496
OUT_17405,947.4097013499406
OUT_17406,105.34803645378157
OUT_17407,135.87648314409137
OUT_17408,1064.1635328358143
OUT_17409,111.14960457112758
OUT_17410,126.375094605489
OUT_17411,150.074922334079
OUT_17412,119.57261020287702
OUT_17413,349.1605924541535
OUT_17414,342.6796169414273
OUT_17415,308.5447807722669
OUT_17416,965.6077610954676
OUT_17417,111.87492674257409
OUT_17418,363.87082763946046
OUT_17419,331.7965517759214
OUT_17420,336.55570292717533
OUT_17421,156.77213023040522
OUT_17422,992.1536637721608
OUT_17423,998.5538306144152
OUT_17424,1959.818200142529
OUT_17425,2152.547753179752
OUT_17426,132.58631247401968
OUT_17427,175.5437738254991
OUT_17428,124.88239341852989
OUT_17429,172.23245439509856
OUT_17430,915.2969233084224
OUT_17431,149.53206139575468
OUT_17432,318.2650229489157
OUT_17433,966.9058268746162
OUT_17434,113.51756762545847
OUT_17435,1008.4376321897322
OUT_17436,938.7270741299002
OUT_17437,2067.873706212118
OUT_17438,139.9694079519956
OUT_17439,105.42894600738192
OUT_17440,1002.54333597517
OUT_17441,231.88250323454372
OUT_17442,112.69622970888464
OUT_17443,307.6891062152474
OUT_17444,111.91654985661492
OUT_17445,170.39590052784578
OUT_17446,281.7379171185164
OUT_17447,909.5947861583866
OUT_17448,160.01796809201107
OUT_17449,159.38924101174246
OUT_17450,323.4918192769693
OUT_17451,317.7324884007696
OUT_17452,218.4382290542918
OUT_17453,335.267257660573
OUT_17454,142.38029231723226
OUT_17455,165.15514584152203
OUT_17456,392.89530875803064
OUT_17457,967.0259094548124
OUT_17458,128.38161218694
OUT_17459,957.8224802547034
OUT_17460,328.3812013592189
OUT_17461,121.09869779938973
OUT_17462,114.68461543895869
OUT_17463,282.96145977227815
OUT_17464,339.522644576636
OUT_17465,151.83804398513084
OUT_17467,139.82221565852973
OUT_17468,347.3527180204656
OUT_17469,157.6569665486208
OUT_17470,160.33525786667613
OUT_17471,319.3572143779543
OUT_17472,157.02369071123522
OUT_17473,339.4290346590414
OUT_17474,1029.4894797099075
OUT_17475,165.5637460495892
OUT_17476,300.67285668318607
OUT_17477,952.0551708775772
OUT_17478,985.7335152039112
OUT_17479,148.32706450797076
OUT_17480,117.6685876703764
OUT_17481,111.55811996721386
OUT_17482,147.49083749610062
OUT_17483,316.7009628816504
OUT_17484,349.0821520557847
OUT_17485,157.23837404769287
OUT_17486,176.80976752242336
OUT_17487,135.5717076481189
OUT_17488,177.22577254437033
OUT_17489,167.31477209555823
OUT_17490,152.2070599932678
OUT_17491,289.5073985273725
OUT_17492,947.0136822020964
OUT_17493,118.10408073350509
OUT_17494,931.1738689138264
OUT_17495,1318.617768895553
OUT_17496,137.5863847817823
OUT_17497,216.87962670325828
OUT_17498,131.33300661473697
OUT_17499,112.09078628485568
OUT_17500,495.0646112441936
OUT_17501,298.13606940601693
OUT_17502,341.1889346202743
OUT_17503,109.94566048432189
OUT_17504,109.73588016537866
OUT_17505,161.19011649410152
OUT_17506,925.2686746495074
OUT_17507,111.85331504961046
OUT_17508,912.4491431434728
OUT_17509,378.9946491750688
OUT_17510,295.028446311487
OUT_17511,327.7252602763499
OUT_17512,137.9811681077364
OUT_17513,103.73656703223148
OUT_17514,110.19012714091267
OUT_17515,110.8018350706977
OUT_17516,320.6108707225733
OUT_17517,124.2562207912154
OUT_17518,146.55342259809052
OUT_17519,380.3115234430076
OUT_17520,289.63859525785205
OUT_17521,294.663357005004
OUT_17522,1007.0125662170364
OUT_17523,137.3292770188973
OUT_17524,953.3902207446572
OUT_17525,144.91637110910244
OUT_17526,330.92072597260216
OUT_17527,313.6321685759859
OUT_17528,295.5618589353597
OUT_17529,255.0119924570627
OUT_17530,964.9202003112767
OUT_17531,156.7685758483791
OUT_17532,966.4087039256144
OUT_17533,108.33505583951258
OUT_17534,153.6960861398432
OUT_17535,328.4691514728658
OUT_17536,128.81316554967052
OUT_17537,137.1442698692386
OUT_17538,356.6995274458204
OUT_17539,144.12244012058915
OUT_17540,1008.9116376149678
OUT_17541,112.99720401940432
OUT_17542,294.98190606572933
OUT_17543,124.42368684187855
OUT_17545,133.64153761194586
OUT_17546,152.04012963767238
OUT_17547,163.45371919970222
OUT_17548,145.13499633216668
OUT_17549,2080.2362053037286
OUT_17550,289.7162183587862
OUT_17551,300.1036540164702
OUT_17552,148.72379038473946
OUT_17553,149.99132815242714
OUT_17554,295.83886747476333
OUT_17555,198.67217203465913
OUT_17556,307.28750171176466
OUT_17557,110.71938316364373
OUT_17559,333.5721314384903
OUT_17560,121.94882562219132
OUT_17561,113.87806953456219
OUT_17562,140.1327484283546
OUT_17563,145.18648622813464
OUT_17564,126.4560692232941
OUT_17566,366.5406278866649
OUT_17567,315.68157649160446
OUT_17568,326.9294984756758
OUT_17569,166.46647034863892
OUT_17570,160.26189654877044
OUT_17571,116.73681906395606
OUT_17572,334.43567394273265
OUT_17573,126.55791994793522
OUT_17574,1032.6902451755354
OUT_17575,119.60697721251849
OUT_17576,167.35930078082023
OUT_17577,333.0186857837808
OUT_17578,139.5169759968502
OUT_17579,287.63764989489846
OUT_17580,116.0884987262654
OUT_17581,995.8355788740216
OUT_17582,111.24995543302607
OUT_17583,355.88483264774635
OUT_17584,1039.4544657594215
OUT_17585,1007.9025405339728
OUT_17586,127.76556503633108
OUT_17587,290.13225968622066
OUT_17588,106.55776473124654
OUT_17589,316.67972347419027
OUT_17590,138.99570177706977
OUT_17591,113.67744722801241
OUT_17592,113.12936764535463
OUT_17593,142.4383233852603
OUT_17594,130.9962592022417
OUT_17595,129.6774393918947
OUT_17596,950.9680666392716
OUT_17597,151.66549761655327
OUT_17598,2110.2011913611245
OUT_17599,153.93013394756295
OUT_17600,159.24839884177118
OUT_17601,1031.6698907640657
OUT_17602,961.664764167705
OUT_17603,347.1828985638916
OUT_17604,978.8402651372834
OUT_17605,284.1563454235009
OUT_17606,2064.826426066638
OUT_17607,955.0763512718704
OUT_17608,116.14688820201239
OUT_17609,131.13097116277856
OUT_17610,824.2189456137384
OUT_17611,159.96008315289671
OUT_17612,131.0755624640108
OUT_17613,290.2548752205832
OUT_17614,307.32510597351177
OUT_17615,314.2918822971921
OUT_17616,148.35300301502124
OUT_17617,157.14998653341567
OUT_17618,1965.329041064972
OUT_17619,349.6209797313095
OUT_17620,114.58634678909168
OUT_17621,950.3026307285792
OUT_17622,985.4846272988956
OUT_17623,131.9010047792841
OUT_17624,301.1568261733822
OUT_17625,359.4145490322675
OUT_17626,110.53420848370186
OUT_17627,129.25864802750596
OUT_17628,198.7356467197418
OUT_17629,974.4166096069598
OUT_17630,307.4052120530364
OUT_17632,285.50433736450105
OUT_17634,121.61828929175022
OUT_17635,216.93342791066434
OUT_17636,967.8121789092334
OUT_17637,194.35346593987947
OUT_17638,111.14125744153876
OUT_17639,134.3839199235399
OUT_17640,285.50433736450105
OUT_17642,115.7482474005632
OUT_17643,114.38346628780444
OUT_17644,123.8829740854605
OUT_17645,307.339501793745
OUT_17646,923.5891648586836
OUT_17647,115.74955692866445
OUT_17648,105.7513899523797
OUT_17649,108.2871014191332
OUT_17650,156.58895016831556
OUT_17651,1029.6367186957143
OUT_17652,2009.225424629295
OUT_17653,342.40425112833617
OUT_17654,315.4910651787863
OUT_17655,134.6834890104457
OUT_17656,929.735839185204
OUT_17657,172.06196803488643
OUT_17658,109.22425892369354
OUT_17659,351.0768312332562
OUT_17660,953.5439070849444
OUT_17661,981.895137833075
OUT_17662,979.6675555659192
OUT_17663,156.12937789936288
OUT_17664,913.9284668335802
OUT_17665,131.5294898942161
OUT_17666,134.63288335727816
OUT_17667,941.466797697196
OUT_17668,996.8166074418704
OUT_17669,157.78116415193114
OUT_17670,238.33460646048954
OUT_17671,298.53719761574274
OUT_17672,156.3872151401764
OUT_17673,1033.7511810407857
OUT_17674,145.97187244869983
OUT_17675,318.3361427917878
OUT_17676,348.11563243805847
OUT_17677,961.4323457535844
OUT_17678,190.86828286430347
OUT_17679,315.082383483645
OUT_17680,177.0490354545292
OUT_17681,104.98232131759548
OUT_17682,155.55226365219417
OUT_17683,331.6259541530426
OUT_17684,209.3199666352021
OUT_17685,272.79696202740035
OUT_17686,136.04682933900895
OUT_17687,2197.022516280896
OUT_17688,365.3539021743757
OUT_17689,146.02746135741376
OUT_17690,104.09359555100103
OUT_17691,247.67976008628727
OUT_17692,160.86186598607134
OUT_17693,154.26383082176446
OUT_17694,1489.5284951614456
OUT_17695,111.56841319937382
OUT_17696,399.063931938971
OUT_17697,287.1972861956227
OUT_17698,2202.234805508103
OUT_17699,288.15152712882707
OUT_17700,138.95604603774342
OUT_17701,121.95349342277252
OUT_17702,121.31691862886679
OUT_17703,285.82983609844825
OUT_17704,126.60178612761082
OUT_17705,144.0937819134363
OUT_17706,112.36675399689334
OUT_17707,1007.1233247265492
OUT_17708,114.70684576537046
OUT_17709,365.4315563682988
OUT_17710,109.80618709417512
OUT_17711,135.45246026456132
OUT_17712,151.29828324655676
OUT_17713,152.06695026638155
OUT_17714,115.1960880938792
OUT_17715,131.9124791408315
OUT_17716,116.69498716259952
OUT_17717,932.8750254011392
OUT_17718,926.0024840347728
OUT_17719,131.51801752982252
OUT_17720,388.48641555457135
OUT_17721,258.43666706706995
OUT_17722,143.99815245721794
OUT_17723,123.38160022050475
OUT_17724,120.7637186974749
OUT_17725,137.18184063278312
OUT_17726,2066.2527306110096
OUT_17727,369.2163949746432
OUT_17728,111.31846760464786
OUT_17729,291.14222649461766
OUT_17730,122.040595638519
OUT_17731,146.65344710417472
OUT_17732,315.13694907058385
OUT_17733,150.76485214883647
OUT_17734,143.51300768807664
OUT_17735,340.1130175751538
OUT_17736,965.7393602055486
OUT_17737,956.3001304228294
OUT_17738,980.0762860116844
OUT_17739,965.6927526596668
OUT_17740,456.7347460299305
OUT_17741,333.5891789840168
OUT_17742,307.109670232391
OUT_17743,129.66148096502684
OUT_17744,300.1951015490973
OUT_17745,113.5232401412825
OUT_17746,127.26444068803488
OUT_17747,121.55371125384916
OUT_17748,170.05735160194848
OUT_17749,137.0830635754577
OUT_17750,142.588274121243
OUT_17751,113.55056275771398
OUT_17752,1022.07376436036
OUT_17753,394.5503497763358
OUT_17754,2076.251930719594
OUT_17755,326.1349192385952
OUT_17756,320.78549834991554
OUT_17757,162.8848072724496
OUT_17758,198.33280093118697
OUT_17759,160.78617109590695
OUT_17760,147.64239080682626
OUT_17761,905.7284414386859
OUT_17762,289.4861675075323
OUT_17763,332.1361358401191
OUT_17764,322.04335909696323
OUT_17765,112.37867501665514
OUT_17766,143.50019747172405
OUT_17767,118.83154842501838
OUT_17768,152.6071924723873
OUT_17769,2038.927577134261
OUT_17770,988.469050935188
OUT_17771,298.80537719481134
OUT_17772,119.30078119681203
OUT_17773,128.36737912243242
OUT_17774,139.5660321886258
OUT_17775,318.4168958499473
OUT_17776,931.3916958777093
OUT_17777,311.2726846489733
OUT_17778,1062.0344247380435
OUT_17779,198.12627254709213
OUT_17780,281.1770127620284
OUT_17781,153.1981930374976
OUT_17782,343.33883559209403
OUT_17783,1214.528706156885
OUT_17784,116.946927977439
OUT_17785,228.42606556838388
OUT_17786,290.13441831168836
OUT_17787,146.18950693371934
OUT_17788,146.47291799167314
OUT_17789,146.30985185791087
OUT_17790,123.43415524451508
OUT_17791,975.1395202106578
OUT_17792,301.95793600281263
OUT_17793,137.86073860080882
OUT_17794,132.14348760226432
OUT_17795,132.97556779996432
OUT_17796,143.20323385161538
OUT_17797,111.87492674257409
OUT_17798,325.7673361962243
OUT_17799,165.89334490364817
OUT_17800,995.787012385632
OUT_17801,289.1347703772728
OUT_17802,351.73587024508805
OUT_17803,152.44954429903987
OUT_17804,158.1802769764721
OUT_17805,2168.3847509323164
OUT_17806,134.66849473998457
OUT_17807,135.05006244702292
OUT_17808,292.14942390484543
OUT_17809,328.3654481283025
OUT_17810,138.92614265562315
OUT_17811,325.08536899244325
OUT_17812,104.1780115862496
OUT_17813,210.0680146228716
OUT_17814,119.9554730713126
OUT_17815,993.4587695058271
OUT_17816,159.507133592956
OUT_17817,354.1659627985896
OUT_17818,937.6989686100516
OUT_17819,129.56722655856046
OUT_17820,938.5127632497844
OUT_17821,132.49002417883145
OUT_17822,111.36420153688844
OUT_17823,140.66445618474972
OUT_17824,339.1783054381225
OUT_17825,128.3182573911548
OUT_17826,344.7021332486113
OUT_17827,981.4278693945852
OUT_17828,263.6787824413241
OUT_17829,113.59370425868114
OUT_17830,941.2624564398126
OUT_17831,1012.6357824529318
OUT_17832,135.48520357953552
OUT_17833,144.83291006685658
OUT_17834,286.46379318441825
OUT_17835,339.3392731203598
OUT_17836,2113.21688234878
OUT_17837,320.63092764656295
OUT_17838,926.1750704926123
OUT_17839,928.1206845746674
OUT_17840,263.9691139712686
OUT_17841,154.14556804522593
OUT_17842,280.7258126126668
OUT_17843,2032.5991379098857
OUT_17844,294.23902002991576
OUT_17845,1009.3214860719298
OUT_17846,312.16942506756675
OUT_17847,309.90676573364914
OUT_17848,179.39681329199726
OUT_17849,297.8282927932068
OUT_17850,155.20347863200476
OUT_17851,311.6433388769116
OUT_17852,317.9856683783825
OUT_17853,333.7670874639523
OUT_17854,2117.770543286936
OUT_17855,980.2314789161228
OUT_17856,955.129563712462
OUT_17857,123.75058013286298
OUT_17858,322.1888675567059
OUT_17859,285.42597825294354
OUT_17860,112.23261976048745
OUT_17861,114.4399004573674
OUT_17862,133.1513526860432
OUT_17863,212.0522860789098
OUT_17864,159.78354290252312
OUT_17865,122.31814262638969
OUT_17866,128.293185229417
OUT_17867,333.86935888616824
OUT_17868,144.2125262258596
OUT_17869,314.16619311334114
OUT_17870,133.8408305885734
OUT_17871,313.9788526194941
OUT_17872,142.30948684581017
OUT_17873,157.98455027716528
OUT_17874,155.19574941246813
OUT_17875,361.5213841027824
OUT_17876,314.0728765523358
OUT_17877,111.36958253546398
OUT_17878,307.6828558937672
OUT_17879,138.90618851571793
OUT_17880,1971.53236135077
OUT_17881,153.84374609936182
OUT_17882,304.0022723434355
OUT_17883,349.00865448843314
OUT_17884,952.287870874158
OUT_17885,162.6835727005394
OUT_17886,335.8657076836737
OUT_17887,143.35529166920625
OUT_17888,112.15215703113248
OUT_17889,327.005099263278
OUT_17890,122.31014796782138
OUT_17891,959.551982391712
OUT_17892,113.918040056112
OUT_17893,161.15494538442047
OUT_17894,110.66477559793528
OUT_17895,134.55422874085576
OUT_17896,142.14041438120415
OUT_17897,112.78275290809397
OUT_17898,116.58851899510144
OUT_17899,339.0965830096738
OUT_17900,133.47485137128115
OUT_17901,117.24203025158853
OUT_17902,923.9615262506549
OUT_17903,121.71665103157044
OUT_17904,138.94260370397666
OUT_17905,112.2044556552309
OUT_17906,1026.1893098874473
OUT_17907,342.5487519982309
OUT_17908,107.25603734769744
OUT_17909,174.19471198277267
OUT_17910,2108.188248593376
OUT_17911,119.7596554440746
OUT_17912,307.2364215488332
OUT_17914,113.6949460282564
OUT_17915,126.81192512131142
OUT_17916,112.30757565436434
OUT_17917,123.94395625960452
OUT_17918,942.1646456755249
OUT_17919,110.16849334751576
OUT_17920,165.0690121919391
OUT_17921,112.28869496954901
OUT_17922,154.71371559941034
OUT_17923,2103.442589588935
OUT_17924,143.4700832894752
OUT_17925,110.7841509846686
OUT_17926,304.8615099445385
OUT_17927,325.52597137385754
OUT_17928,133.93605903681018
OUT_17929,154.38147589107052
OUT_17930,521.9551844044437
OUT_17931,149.51786027879584
OUT_17932,144.06073606767387
OUT_17933,910.3102506233445
OUT_17934,347.6863666253378
OUT_17935,373.5840260733668
OUT_17936,981.9724579141002
OUT_17937,318.10536616289176
OUT_17938,110.53420848370186
OUT_17939,126.26761414546591
OUT_17941,114.13605066788492
OUT_17942,169.13723215011947
OUT_17943,136.36764902852627
OUT_17944,1030.0197982094364
OUT_17945,291.50684484591375
OUT_17946,119.42757430755276
OUT_17947,955.7220447615967
OUT_17948,171.6160437957137
OUT_17949,132.91661524274883
OUT_17950,135.34307182290215
OUT_17951,122.47305316327632
OUT_17952,110.7841509846686
OUT_17953,104.48342885094986
OUT_17954,132.6321718741964
OUT_17955,1070.7257522165162
OUT_17956,292.61622918150783
OUT_17957,345.8616244258656
OUT_17958,159.41283030868243
OUT_17959,134.78381171498347
OUT_17960,148.94969226767392
OUT_17961,123.02565267103601
OUT_17962,146.41515843143617
OUT_17963,333.3852276298482
OUT_17964,327.17285726783064
OUT_17965,120.2603388467892
OUT_17966,168.220193725503
OUT_17967,963.941123371903
OUT_17969,116.70290336025894
OUT_17970,113.56035369118466
OUT_17971,109.27976758092132
OUT_17972,366.91321526559295
OUT_17973,980.4180096594396
OUT_17974,156.88189995135244
OUT_17975,1027.0426091530917
OUT_17976,143.53563087175542
OUT_17977,120.95124563059397
OUT_17978,137.7260051679643
OUT_17979,909.3695444180645
OUT_17980,130.16663523739535
OUT_17981,111.40887513704205
OUT_17982,135.18431308595592
OUT_17983,2046.0680879058805
OUT_17984,111.07750332986902
OUT_17985,104.21714844474111
OUT_17986,943.8006704590496
OUT_17987,1035.4484995526293
OUT_17988,945.5782360252016
OUT_17989,1931.061753355391
OUT_17990,142.21110491037297
OUT_17991,282.7733901519957
OUT_17992,126.3940321798566
OUT_17993,121.94374799156634
OUT_17994,340.1502881711825
OUT_17995,1006.8756358516138
OUT_17996,119.000619928312
OUT_17997,124.22378292177626
OUT_17998,110.45665050255788
OUT_17999,141.05356667192115
OUT_18000,124.9956202455093
OUT_18001,131.50432800479354
OUT_18002,120.35478083704278
OUT_18003,116.51401741727207
OUT_18004,339.078734666281
OUT_18005,113.63221659519247
OUT_18006,903.2492320837663
OUT_18007,161.08159964096802
OUT_18008,138.9868881085397
OUT_18009,343.16224060080407
OUT_18010,171.99825493459196
OUT_18011,929.7845039944644
OUT_18012,983.2185419505848
OUT_18013,126.09001652855694
OUT_18014,145.8965946824145
OUT_18015,321.7122691346964
OUT_18016,115.85778943919745
OUT_18017,1036.225883214152
OUT_18018,881.295881263701
OUT_18019,123.33128148887334
OUT_18020,368.27039840409657
OUT_18021,182.43258510752528
OUT_18022,2049.47523587003
OUT_18023,2063.447593651379
OUT_18024,159.31779317285182
OUT_18025,325.36563977387414
OUT_18026,330.35659727894745
OUT_18027,338.5061956523344
OUT_18028,335.541062198285
OUT_18029,2010.010335921486
OUT_18030,106.78919467363372
OUT_18031,325.82710365344536
OUT_18032,117.67469496573956
OUT_18033,299.0438590587011
OUT_18034,289.1655915836932
OUT_18035,989.6141177255814
OUT_18036,1395.0482632761143
OUT_18037,132.8812219814982
OUT_18038,154.69326432164445
OUT_18039,109.98203963031581
OUT_18040,335.94737973404
OUT_18041,140.5197697165038
OUT_18042,135.69441703888646
OUT_18043,147.8679624424872
OUT_18044,314.3265538753639
OUT_18045,344.9703518305125
OUT_18046,289.7317528401231
OUT_18047,149.06596089127575
OUT_18048,117.02669443448389
OUT_18049,126.5697402911704
OUT_18050,1000.330543692028
OUT_18051,285.58292907145494
OUT_18052,123.63485598008808
OUT_18053,313.840505540241
OUT_18054,120.4741863101867
OUT_18055,2044.1726584749133
OUT_18056,111.87063645803391
OUT_18057,176.18339958770804
OUT_18058,480.8361154716648
OUT_18059,137.51445730502414
OUT_18060,902.3505987554132
OUT_18061,334.8925932762593
OUT_18062,293.77048672486876
OUT_18063,125.18010206679897
OUT_18064,104.23330788498232
OUT_18065,128.492751095799
OUT_18067,330.2662634245804
OUT_18068,359.1603516490577
OUT_18069,146.73471969605103
OUT_18070,106.41241658051557
OUT_18071,2024.6493350020908
OUT_18072,950.934804430098
OUT_18073,305.1346012290114
OUT_18074,126.80503760017363
OUT_18075,307.79372517323407
OUT_18076,125.89851759892458
OUT_18077,111.58399628530383
OUT_18078,345.62247279010865
OUT_18079,168.14070996935223
OUT_18080,312.80376077047157
OUT_18081,163.45666013725958
OUT_18083,231.6855502124895
OUT_18084,113.22712113577786
OUT_18085,308.79199360816244
OUT_18086,1054.815627082359
OUT_18087,345.04138089736534
OUT_18088,109.46877636703462
OUT_18089,118.02715461150808
OUT_18090,281.10550623384063
OUT_18091,336.45553145310066
OUT_18092,292.6261247490377
OUT_18093,285.80086647682054
OUT_18094,336.1328936577056
OUT_18095,383.131676036948
OUT_18096,130.5536969138969
OUT_18097,119.25816559714212
OUT_18098,128.42258354239587
OUT_18099,1009.3434007210884
OUT_18100,374.3966596409313
OUT_18101,130.0766219874736
OUT_18102,367.8271427730309
OUT_18103,146.03100210435622
OUT_18104,386.1898220584504
OUT_18105,176.09081437729407
OUT_18106,356.10860530075104
OUT_18107,143.76080800971002
OUT_18108,325.1807534450439
OUT_18109,127.66937291419045
OUT_18110,924.1298676195455
OUT_18111,111.31846760464786
OUT_18112,115.23460605570844
OUT_18113,111.71098697453608
OUT_18114,141.63324251928145
OUT_18115,114.65886383243317
OUT_18116,104.79586760039552
OUT_18117,294.4310296415688
OUT_18118,113.13769693421965
OUT_18119,126.28532750219861
OUT_18120,158.96892634960295
OUT_18121,135.89130029314757
OUT_18122,143.10242352651
OUT_18123,329.27101065180125
OUT_18124,149.61219407369683
OUT_18125,2054.537245615941
OUT_18126,152.49820961417848
OUT_18127,114.50164343597078
OUT_18128,2088.106195927616
OUT_18129,160.2531371666806
OUT_18130,987.048469331834
OUT_18131,307.0992323976876
OUT_18132,132.93991170715805
OUT_18133,136.26158031464914
OUT_18134,125.23143819707214
OUT_18135,168.18977417022367
OUT_18136,271.9884737116978
OUT_18137,114.94894896663457
OUT_18138,129.52396609966758
OUT_18139,105.34803645378157
OUT_18140,157.2912515336139
OUT_18141,953.5673790608656
OUT_18142,255.94512936358382
OUT_18143,215.90186343399947
OUT_18144,344.03582124226614
OUT_18145,320.1034534589562
OUT_18146,364.5713204814425
OUT_18147,144.42894098730682
OUT_18148,113.91170415666397
OUT_18149,991.3545009116935
OUT_18150,970.5328615493818
OUT_18151,138.26403110897263
OUT_18152,309.83258412559167
OUT_18153,276.4317966600933
OUT_18154,355.48122796390373
OUT_18155,343.30877812176783
OUT_18156,364.7069197371819
OUT_18157,1000.5205862452116
OUT_18158,983.4820925169668
OUT_18159,104.09359555100103
OUT_18160,972.2950193025872
OUT_18161,112.61472738316421
OUT_18162,189.68016791344928
OUT_18163,934.92891130465
OUT_18164,130.55077915638563
OUT_18165,113.3261704118006
OUT_18166,2066.1701263422174
OUT_18167,1014.5255723179664
OUT_18168,118.0869637769917
OUT_18169,141.28104211916144
OUT_18170,975.5867554481416
OUT_18171,103.69238302798756
OUT_18172,1059.227278172376
OUT_18173,281.713956456819
OUT_18174,310.66489617884577
OUT_18175,296.36255937916746
OUT_18176,144.93663034141719
OUT_18177,111.40437282646337
OUT_18178,150.8301872623643
OUT_18179,324.5557896174352
OUT_18180,143.78981700459022
OUT_18181,112.34628231001068
OUT_18182,164.76041010832773
OUT_18183,364.2974106298051
OUT_18184,145.6303198378167
OUT_18185,360.68886826901326
OUT_18186,291.4396432285589
OUT_18187,987.5024387665876
OUT_18188,118.76780842418393
OUT_18189,315.1406963795008
OUT_18190,148.06061016356645
OUT_18191,1018.093308297724
OUT_18192,322.57739589070496
OUT_18193,125.3842066437985
OUT_18194,353.6295794348362
OUT_18195,339.4475457824181
OUT_18196,122.79098631452452
OUT_18197,152.05660391463374
OUT_18198,174.17019308168497
OUT_18199,289.8687522405631
OUT_18200,365.439994524517
OUT_18201,164.6952817297351
OUT_18202,314.8213224701457
OUT_18203,895.9885584875432
OUT_18204,327.81573353939405
OUT_18205,108.96855717702734
OUT_18206,146.9928709475744
OUT_18207,956.2117929689376
OUT_18208,294.39899464788965
OUT_18209,1958.5688167318808
OUT_18210,1007.6198757726792
OUT_18211,288.4577220182525
OUT_18212,119.9942291997883
OUT_18213,134.70931838753194
OUT_18214,149.21924584799268
OUT_18215,277.1566684560713
OUT_18216,317.0012270374555
OUT_18217,303.80868147185123
OUT_18218,1313.4360793797202
OUT_18219,161.92674395018872
OUT_18220,940.2121047963868
OUT_18221,306.18697000061206
OUT_18222,310.1600987284209
OUT_18223,989.7465062836706
OUT_18224,314.8553232910289
OUT_18225,126.38404213703754
OUT_18226,957.4961290742418
OUT_18227,336.1678028020012
OUT_18228,147.40027299222072
OUT_18229,147.77815748454208
OUT_18230,196.4225654296115
OUT_18231,126.64544127570068
OUT_18232,109.98203963031581
OUT_18233,111.07750332986902
OUT_18234,931.1226283218792
OUT_18235,117.51131276051906
OUT_18236,127.9507649975808
OUT_18237,112.62806443283635
OUT_18238,130.55102745271543
OUT_18239,121.69394649820234
OUT_18240,906.2830073390545
OUT_18241,1980.2864533595136
OUT_18242,1014.5773013453534
OUT_18243,156.34840312126184
OUT_18244,157.02370400647925
OUT_18245,325.72346705028593
OUT_18246,325.3553412537866
OUT_18247,150.72486208481604
OUT_18248,331.8148594793348
OUT_18249,304.82481834267514
OUT_18250,161.66688700708892
OUT_18251,185.40455927400072
OUT_18252,179.46661121956916
OUT_18253,118.10249507298832
OUT_18254,938.1309386746672
OUT_18255,104.09359555100103
OUT_18256,179.15957321746535
OUT_18257,1034.6621656538805
OUT_18258,113.92264397289937
OUT_18259,123.26556391260284
OUT_18260,125.52903660068772
OUT_18261,116.06816309891592
OUT_18262,96.17316061123438
OUT_18263,922.189691818218
OUT_18264,968.6550898803664
OUT_18265,370.31001301091146
OUT_18266,124.46685491880434
OUT_18267,988.998078206317
OUT_18268,110.37295472661553
OUT_18269,168.43172404609905
OUT_18270,136.59047072744949
OUT_18271,114.3431171696766
OUT_18272,166.28196231804486
OUT_18273,152.01604955822404
OUT_18274,333.2070808852935
OUT_18275,942.4297821470592
OUT_18276,122.57129784457864
OUT_18277,172.4923410029618
OUT_18278,146.76743974193397
OUT_18279,2131.238793747324
OUT_18280,110.57658647871779
OUT_18281,303.8462357014616
OUT_18284,132.1813740191623
OUT_18285,283.7901396754353
OUT_18286,930.8435946877948
OUT_18287,294.9807328051809
OUT_18288,132.81056394722066
OUT_18289,316.7400893887312
OUT_18290,958.6070385185814
OUT_18291,917.2388278461729
OUT_18292,107.68117804083121
OUT_18293,960.9908847100644
OUT_18294,111.50492132184782
OUT_18295,128.3520295623412
OUT_18296,975.0430145181537
OUT_18297,339.8633472814641
OUT_18298,125.68016576127874
OUT_18299,299.70974154112145
OUT_18300,320.1090177943597
OUT_18301,154.21706784388672
OUT_18302,113.2484238514249
OUT_18303,127.19050367414826
OUT_18304,126.9199068472756
OUT_18305,1027.0347865048611
OUT_18306,362.7331789686455
OUT_18307,110.16849334751576
OUT_18308,278.3466459521691
OUT_18309,364.71915590047854
OUT_18310,330.25612902827726
OUT_18311,115.63648304158431
OUT_18312,145.66056007704051
OUT_18313,327.5943767985943
OUT_18314,955.6912712181507
OUT_18315,111.34340259458553
OUT_18316,113.78267912875026
OUT_18317,302.03725399225056
OUT_18318,116.57106289994587
OUT_18319,300.2117542229638
OUT_18320,353.28244760308405
OUT_18321,947.2177004218122
OUT_18322,369.903373159575
OUT_18323,318.3496446943303
OUT_18324,353.411556190528
OUT_18325,111.07750332986902
OUT_18326,112.82232552664853
OUT_18327,165.83204490133005
OUT_18328,113.71763622830795
OUT_18329,135.9546055214893
OUT_18330,982.5017567194632
OUT_18331,937.0213440030328
OUT_18332,136.36863492124598
OUT_18333,135.32824461702987
OUT_18334,910.239173451396
OUT_18335,350.37239935949776
OUT_18336,156.9653779759667
OUT_18337,911.9931016180008
OUT_18338,2020.565203936524
OUT_18339,328.36179480508184
OUT_18340,140.13187268990717
OUT_18341,370.04930324851387
OUT_18342,359.15057183483384
OUT_18343,423.86810925954455
OUT_18344,103.12659100148315
OUT_18345,166.75876204602994
OUT_18346,293.45391470170523
OUT_18347,145.86711011307847
OUT_18348,127.72786646474772
OUT_18349,169.51639753812162
OUT_18350,117.74847537824488
OUT_18351,140.94098542153608
OUT_18352,2284.437446657012
OUT_18353,104.27690224026412
OUT_18354,335.8505502642589
OUT_18355,111.35928545269469
OUT_18356,108.96066774506612
OUT_18357,111.8703749083068
OUT_18358,940.1633495826578
OUT_18359,110.01956822151143
OUT_18360,265.70677856117135
OUT_18361,310.0906693555355
OUT_18362,330.5515140463326
OUT_18363,289.73584364648605
OUT_18364,318.8146508755773
OUT_18365,324.76564276912507
OUT_18366,320.4267705485107
OUT_18367,138.0269975915354
OUT_18368,994.2775539340726
OUT_18369,365.884982977792
OUT_18370,115.44864593998498
OUT_18371,151.73592505174182
OUT_18372,125.02920647846868
OUT_18373,112.28912989810242
OUT_18374,123.67909617922165
OUT_18375,109.46739936812538
OUT_18376,138.0342981223041
OUT_18377,2108.456377717628
OUT_18378,339.7005265789353
OUT_18379,125.00890996287704
OUT_18380,493.593991221378
OUT_18381,254.89106232502013
OUT_18382,913.3463187912675
OUT_18383,994.2060156836028
OUT_18384,104.4510862813956
OUT_18385,107.14855775613185
OUT_18386,114.69609536518111
OUT_18387,1348.341081807269
OUT_18388,112.74347840007708
OUT_18389,112.22935433829048
OUT_18390,131.07084353975165
OUT_18391,322.0870784187944
OUT_18392,1015.9131789059998
OUT_18393,150.0403049238743
OUT_18394,334.09986814146293
OUT_18395,150.64184536471566
OUT_18396,150.10452643333832
OUT_18397,102.52033015430764
OUT_18398,973.9725268953216
OUT_18399,318.77989658100955
OUT_18400,162.38637990538922
OUT_18401,111.21501567288041
OUT_18402,110.5722234568234
OUT_18403,481.2374281352672
OUT_18404,161.2778363735548
OUT_18405,264.0195142839616
OUT_18406,128.81928438550463
OUT_18407,995.373389748032
OUT_18408,2008.308437917303
OUT_18409,315.638533954344
OUT_18410,319.2226034806275
OUT_18411,256.46962357456187
OUT_18412,136.46881841884118
OUT_18413,977.5158955063308
OUT_18414,361.0794592506206
OUT_18415,111.33749099114128
OUT_18416,376.06711617335793
OUT_18417,125.814896340214
OUT_18418,119.42015631004318
OUT_18419,127.10144903756472
OUT_18420,334.4393330641425
OUT_18421,307.48153494952567
OUT_18422,308.6595740647214
OUT_18423,127.4046049126582
OUT_18424,119.68773505470128
OUT_18425,299.2503811544699
OUT_18426,119.05223485392382
OUT_18427,346.89356824726826
OUT_18428,126.16856847769957
OUT_18429,309.7377823673808
OUT_18430,159.18445576858474
OUT_18431,343.76400532172886
OUT_18432,162.08942801474987
OUT_18433,113.5448990264414
OUT_18434,143.3418509521414
OUT_18435,156.60855492337606
OUT_18436,149.49865103570886
OUT_18437,113.2061562228199
OUT_18438,223.04711780280806
OUT_18439,367.03615876812864
OUT_18440,1506.7904618212424
OUT_18441,132.6047744540609
OUT_18442,110.18877756327457
OUT_18443,176.7723470496763
OUT_18444,304.1449769079267
OUT_18445,128.109343237692
OUT_18446,354.2432764984708
OUT_18447,974.9441283729684
OUT_18448,114.5888924896198
OUT_18449,328.787110743718
OUT_18451,110.28797271830298
OUT_18452,2052.752023051082
OUT_18453,115.65602837359876
OUT_18454,988.8687318680772
OUT_18455,135.05916305421832
OUT_18456,132.8559193380067
OUT_18457,128.2311294853387
OUT_18458,167.39721594591833
OUT_18459,332.16367620383943
OUT_18460,139.8656988140836
OUT_18461,304.20851305825295
OUT_18462,130.30953420896927
OUT_18463,128.66274648450678
OUT_18464,125.18148561783572
OUT_18465,268.7564560769828
OUT_18466,115.46236789365858
OUT_18467,111.63376897005318
OUT_18468,2018.6482188789644
OUT_18469,291.0702790046157
OUT_18470,111.27206318248307
OUT_18471,162.83999774535647
OUT_18472,111.49271011686257
OUT_18473,914.0126453264779
OUT_18474,118.42071708024
OUT_18475,174.56904476473235
OUT_18476,285.92285237609036
OUT_18477,1964.3507283379683
OUT_18478,145.92463462432917
OUT_18479,2134.0857724919906
OUT_18480,113.4545337235532
OUT_18481,1038.6126822636377
OUT_18482,340.11313121044657
OUT_18483,110.53469357390874
OUT_18484,119.02918597600411
OUT_18485,357.04805349380086
OUT_18486,999.4130382958484
OUT_18487,114.09814291389192
OUT_18488,148.97517748039
OUT_18489,153.92475457105013
OUT_18490,105.34067769306105
OUT_18491,999.8669919446236
OUT_18492,170.3288722085938
OUT_18493,158.73615628220037
OUT_18494,118.67115745731272
OUT_18495,132.7472672401574
OUT_18496,181.5877011377073
OUT_18497,341.3413405233551
OUT_18498,109.19584802782086
OUT_18499,127.60175884005972
OUT_18500,145.71495289482436
OUT_18501,2105.8546725104457
OUT_18502,989.6898689261157
OUT_18503,110.02799466840196
OUT_18504,1013.3790659091228
OUT_18505,305.33856524780697
OUT_18506,302.3351043249412
OUT_18507,913.021793986683
OUT_18508,301.8793032933662
OUT_18509,137.56478925014753
OUT_18510,133.1068345571029
OUT_18511,2088.85793707664
OUT_18512,126.59861040307774
OUT_18513,104.46189003635442
OUT_18514,119.090737750405
OUT_18515,145.35502427183044
OUT_18517,128.99836916991373
OUT_18518,375.30869731909326
OUT_18519,229.97547790187377
OUT_18520,164.06425293903428
OUT_18521,398.856158464755
OUT_18522,968.9332507842096
OUT_18523,975.8954904971336
OUT_18524,361.02808193063856
OUT_18525,112.69994765327058
OUT_18526,163.0140166523887
OUT_18527,389.8894500123539
OUT_18528,167.56916578982703
OUT_18529,121.90211485748858
OUT_18530,142.77265329429292
OUT_18531,291.93919272933624
OUT_18532,961.1857425845556
OUT_18533,111.44444599405672
OUT_18534,129.2221856147993
OUT_18535,164.20799656361808
OUT_18536,113.2017314833604
OUT_18537,946.4573503631198
OUT_18538,422.5038570111854
OUT_18539,328.8459036579833
OUT_18540,110.2127105828511
OUT_18541,293.495332474207
OUT_18542,905.8070331456397
OUT_18544,114.27741929285007
OUT_18545,948.8941278441556
OUT_18546,324.1700718384903
OUT_18547,320.09305202453714
OUT_18548,362.3244077119384
OUT_18549,328.23381369036935
OUT_18550,120.67950395039529
OUT_18551,259.7168174232998
OUT_18552,173.01505824757763
OUT_18553,169.8659768529687
OUT_18554,363.8725545290076
OUT_18555,310.6362882680555
OUT_18556,934.510012623578
OUT_18557,127.7752012142916
OUT_18558,108.74445203588982
OUT_18559,298.17342501025155
OUT_18560,141.41565400478032
OUT_18561,119.13386635234578
OUT_18562,341.5713955062545
OUT_18563,133.1818448408248
OUT_18564,107.1980271723529
OUT_18565,113.86235126619704
OUT_18566,145.28235990278384
OUT_18567,295.7820448713766
OUT_18568,106.61860937870442
OUT_18569,340.3570509805888
OUT_18570,142.11926656081917
OUT_18571,144.83247894565167
OUT_18572,994.419134388056
OUT_18573,351.28305977596966
OUT_18574,193.71958826980185
OUT_18575,288.9928145397543
OUT_18576,363.9962412192005
OUT_18577,279.6389706873564
OUT_18578,286.6719199034084
OUT_18579,284.9010653685082
OUT_18580,141.46982749258328
OUT_18581,339.5936419679038
OUT_18582,364.3384719723854
OUT_18583,122.0462335025044
OUT_18584,285.50433736450105
OUT_18585,116.35105618006357
OUT_18586,111.85425511537538
OUT_18587,325.1360752254516
OUT_18588,88.21178613976073
OUT_18589,993.79168406011
OUT_18590,120.7251634891423
OUT_18591,147.56429533476688
OUT_18592,132.7874043822432
OUT_18593,328.9617021124141
OUT_18594,112.47304320896338
OUT_18595,262.80417151437234
OUT_18596,167.0791122113401
OUT_18597,325.41996021747684
OUT_18598,125.13486827102794
OUT_18599,113.20257003471781
OUT_18600,147.98406960632178
OUT_18601,133.05788540538535
OUT_18602,368.4811149682179
OUT_18603,138.03554670962978
OUT_18604,979.4992420453996
OUT_18605,169.0208243463008
OUT_18606,101.88371553158824
OUT_18607,946.1793156941472
OUT_18608,284.4842237224467
OUT_18609,152.42968072114564
OUT_18610,134.41493989621355
OUT_18611,336.52680922812806
OUT_18612,144.3422391169025
OUT_18613,132.28264680843415
OUT_18614,901.9831716185046
OUT_18615,211.98600213699254
OUT_18616,123.78681473593667
OUT_18617,372.7780254129541
OUT_18618,131.9821533450594
OUT_18619,297.89478801261413
OUT_18620,117.47534882711928
OUT_18621,138.8419720697027
OUT_18622,294.0719739442553
OUT_18623,1418.3326715284609
OUT_18624,109.27976758092132
OUT_18625,133.62460318808652
OUT_18626,291.26744437741246
OUT_18627,318.989412017959
OUT_18628,303.4323616615409
OUT_18629,128.07877611991466
OUT_18630,936.559557525253
OUT_18631,1118.8469027513013
OUT_18632,290.5517855990382
OUT_18633,131.91315827350348
OUT_18634,112.21249765033704
OUT_18635,352.4808765760352
OUT_18636,360.60153052389273
OUT_18637,1008.0824256751464
OUT_18638,150.2173588001911
OUT_18639,122.1887160814632
OUT_18640,104.44449235513159
OUT_18641,332.8898230996453
OUT_18642,327.40922608719865
OUT_18643,121.74788165795718
OUT_18644,131.65847013563098
OUT_18645,268.2932105100618
OUT_18646,296.11440698793217
OUT_18647,354.66174777945747
OUT_18648,1050.193177754326
OUT_18649,292.96995825664055
OUT_18650,129.5795153245555
OUT_18651,122.79725206650632
OUT_18652,344.56559438811536
OUT_18653,147.53243584439363
OUT_18654,187.28065907330884
OUT_18655,133.16639722790308
OUT_18656,136.31617843410206
OUT_18657,147.2929301309304
OUT_18658,278.4636526845724
OUT_18659,976.1923378402172
OUT_18660,1032.194021174928
OUT_18661,130.4413761543862
OUT_18662,312.5415701747581
OUT_18663,288.55907014365795
OUT_18664,134.33171368662695
OUT_18665,132.62005808531907
OUT_18666,134.24747049422348
OUT_18667,903.1569308548712
OUT_18668,459.1923674798738
OUT_18669,327.18712629254003
OUT_18670,316.71337797464787
OUT_18671,2085.165375122288
OUT_18672,125.35065301079996
OUT_18673,110.13900151631135
OUT_18674,933.4737615974695
OUT_18675,972.6640941127872
OUT_18676,323.69245144183674
OUT_18677,135.3876290572629
OUT_18678,289.74478644108166
OUT_18679,309.9209963023935
OUT_18680,417.06505140471353
OUT_18681,123.91059637967687
OUT_18682,2142.1414527104635
OUT_18683,112.68520885974532
OUT_18684,968.6583690079624
OUT_18685,296.6919026685328
OUT_18686,132.07583461422385
OUT_18687,156.3803158043231
OUT_18688,330.29934669168404
OUT_18689,934.0219769018908
OUT_18690,107.76800220683796
OUT_18691,116.00154958669788
OUT_18692,129.4743094276155
OUT_18693,315.9156151125275
OUT_18694,110.18877756327457
OUT_18695,94.4363608609823
OUT_18696,327.9764335985704
OUT_18697,219.71431304248603
OUT_18698,117.61682870723693
OUT_18699,112.45262065258484
OUT_18700,355.7118286519524
OUT_18701,973.165035041562
OUT_18702,286.8041293580169
OUT_18703,333.76579867872687
OUT_18704,120.5520650812533
OUT_18705,174.42188076838684
OUT_18706,113.15737143494681
OUT_18707,951.3738205327028
OUT_18708,188.897352051322
OUT_18709,132.11064984091954
OUT_18710,151.69078007803816
OUT_18711,126.16382455766802
OUT_18712,359.093552197489
OUT_18713,118.4144125769578
OUT_18714,941.7555852202644
OUT_18715,975.4391855681176
OUT_18716,114.28820055797897
OUT_18717,132.68867237474944
OUT_18718,105.34803645378157
OUT_18719,336.3425636846116
OUT_18720,179.47935983259222
OUT_18721,118.99445537658049
OUT_18722,139.47312522486786
OUT_18723,166.833850460411
OUT_18724,117.69927541390376
OUT_18725,110.92857820386469
OUT_18726,139.11865584416944
OUT_18727,371.6152997822832
OUT_18728,289.2553034535972
OUT_18729,347.6255338410777
OUT_18730,144.7437631146149
OUT_18731,154.38147589107052
OUT_18732,1020.981141990745
OUT_18733,113.39181448165428
OUT_18734,144.75773478722306
OUT_18735,341.6592408879419
OUT_18736,343.30803959363743
OUT_18737,2145.2056013180686
OUT_18738,2174.770740058259
OUT_18739,336.9703764784924
OUT_18740,951.7643522571578
OUT_18741,308.8946902208636
OUT_18742,107.96743631753058
OUT_18743,115.70123919411422
OUT_18744,273.9825619609778
OUT_18745,957.0775948382708
OUT_18746,111.48589755231647
OUT_18747,118.4887841233064
OUT_18748,306.3524842686032
OUT_18749,156.61786288083124
OUT_18750,285.69176082446677
OUT_18751,906.1787242445376
OUT_18752,135.8940534290682
OUT_18753,149.11788706432463
OUT_18754,946.668692747188
OUT_18755,318.59545060031746
OUT_18756,157.82722976427777
OUT_18757,110.99028105965739
OUT_18758,123.71719677073236
OUT_18759,118.94834963792168
OUT_18760,117.46142718363376
OUT_18761,1459.6273490854282
OUT_18762,284.18567901203335
OUT_18763,111.78670344467349
OUT_18764,135.33572778465114
OUT_18765,267.5886538155645
OUT_18766,322.18356494631
OUT_18767,983.228617870279
OUT_18768,970.59260211256
OUT_18769,144.74042477165494
OUT_18770,112.08305346156425
OUT_18771,134.0282761460187
OUT_18772,977.3773035148296
OUT_18773,145.4452638481094
OUT_18774,334.64316500525496
OUT_18775,326.7586179470581
OUT_18776,118.9369139003033
OUT_18777,360.1651711434768
OUT_18778,121.469108651165
OUT_18779,326.11081388230605
OUT_18780,109.31046303233276
OUT_18781,331.9367228188368
OUT_18782,425.5443724274114
OUT_18783,159.13831412843984
OUT_18784,156.73145111179318
OUT_18785,154.76618974132083
OUT_18786,139.87147521760443
OUT_18787,108.95473573938318
OUT_18788,2017.7757074138424
OUT_18789,294.2938966540773
OUT_18790,335.8618292316272
OUT_18791,1008.3035526473956
OUT_18792,141.01165263207795
OUT_18793,2030.365780719513
OUT_18794,127.94588790744696
OUT_18795,351.26824854323587
OUT_18796,2169.865870756426
OUT_18797,124.9101494245934
OUT_18798,130.872622841991
OUT_18799,358.3044846163982
OUT_18800,358.48409604954924
OUT_18801,311.7657663934264
OUT_18802,2099.3014217510654
OUT_18803,199.94687484654065
OUT_18804,142.0011028091821
OUT_18805,2032.2926875551625
OUT_18806,133.61409472202263
OUT_18807,111.66598043792648
OUT_18808,105.95960728168752
OUT_18809,107.42400133772095
OUT_18810,139.80408503445068
OUT_18811,162.71938554823743
OUT_18813,141.6755716683099
OUT_18814,301.14278167566835
OUT_18815,1074.611529594217
OUT_18816,120.43036417051826
OUT_18817,109.68392409488558
OUT_18818,130.5317859874114
OUT_18819,942.5669015943308
OUT_18820,404.63062064100103
OUT_18821,353.4897058304904
OUT_18822,133.8474146813969
OUT_18823,354.9179121004293
OUT_18824,131.7842611660681
OUT_18825,1029.9413142317758
OUT_18826,318.7602965132608
OUT_18827,2003.7716392274529
OUT_18828,117.03630946357036
OUT_18829,279.40145612701946
OUT_18830,166.23809371641602
OUT_18831,218.46753301169684
OUT_18832,384.8413718839853
OUT_18833,348.2961727041013
OUT_18834,137.57195426309212
OUT_18835,973.8857134875668
OUT_18836,122.29328238661444
OUT_18837,111.33590249020884
OUT_18838,989.6749283943192
OUT_18839,234.22449160090773
OUT_18840,309.35316621184927
OUT_18841,121.28423361635257
OUT_18842,116.4844344273084
OUT_18843,310.8633521290528
OUT_18844,2036.5000349866536
OUT_18845,132.05673245182766
OUT_18846,108.2369402566678
OUT_18847,125.57533069063868
OUT_18848,338.00045478551414
OUT_18849,152.9602557140512
OUT_18850,2033.7899799193167
OUT_18851,137.65042190400655
OUT_18852,981.538803037813
OUT_18853,366.6491556341062
OUT_18854,115.82126686181729
OUT_18855,1319.762117110042
OUT_18856,122.088715294659
OUT_18857,104.74946317823073
OUT_18858,1009.558990620988
OUT_18859,133.0965168762761
OUT_18860,324.7194639576138
OUT_18861,124.52551162245273
OUT_18862,292.9800368512366
OUT_18863,1033.6301374560624
OUT_18864,305.70114495137426
OUT_18865,138.49917355638854
OUT_18866,915.9415796132818
OUT_18867,318.0155436119099
OUT_18868,225.4112432717659
OUT_18869,119.80013000721704
OUT_18870,366.4726814488265
OUT_18871,180.83597778973228
OUT_18872,314.01094214810604
OUT_18873,322.7739041727759
OUT_18874,997.2859879254104
OUT_18875,122.86848773176612
OUT_18876,380.9544201054514
OUT_18877,2077.630224753374
OUT_18878,124.41336784459568
OUT_18879,114.72468666093276
OUT_18880,163.9559467157046
OUT_18881,123.26699430682768
OUT_18882,289.53189626779425
OUT_18883,280.4153088658615
OUT_18884,348.66702593909235
OUT_18885,952.7348147723734
OUT_18886,162.85159316864608
OUT_18887,145.54310214543855
OUT_18888,328.5855500956314
OUT_18889,112.08497187406766
OUT_18890,327.9426555262
OUT_18891,111.40242676226936
OUT_18892,356.7655391458134
OUT_18893,126.55097964130684
OUT_18894,306.947771716857
OUT_18895,505.0420245664114
OUT_18896,1012.998688370546
OUT_18897,344.97053851571604
OUT_18898,148.36706789549137
OUT_18899,113.86844350406135
OUT_18900,292.73320897064394
OUT_18901,150.14659538740747
OUT_18902,332.8300414755762
OUT_18903,919.356138533109
OUT_18904,336.5667479271864
OUT_18905,470.8353788406482
OUT_18906,104.79586760039552
OUT_18907,146.115824142409
OUT_18908,160.46242632118313
OUT_18909,976.6329961533736
OUT_18910,320.2949851250875
OUT_18911,985.2739939306076
OUT_18912,951.3602338367588
OUT_18913,998.8937296892044
OUT_18914,353.0207189453063
OUT_18915,315.4195700617674
OUT_18916,121.94742892645698
OUT_18917,247.34665618280422
OUT_18918,133.95137584234817
OUT_18919,963.5323862548046
OUT_18921,343.8513098529364
OUT_18922,288.6767769795197
OUT_18923,111.1633068470032
OUT_18924,297.0523503118616
OUT_18925,476.074161915931
OUT_18926,136.32894724203345
OUT_18927,144.07087322597192
OUT_18928,133.7810591070829
OUT_18929,300.33074637605006
OUT_18930,938.942277061744
OUT_18931,136.83204464040992
OUT_18932,128.54916311726737
OUT_18933,296.8785860718054
OUT_18934,2213.454781723807
OUT_18935,120.0920533043419
OUT_18936,109.39362516986736
OUT_18937,143.14419515130518
OUT_18938,284.33307074257453
OUT_18939,973.5512569547
OUT_18940,115.78743338948922
OUT_18941,971.1731518242342
OUT_18942,368.81436145858174
OUT_18943,114.47325459666142
OUT_18944,293.9471173827614
OUT_18945,333.98287013310653
OUT_18947,140.01468162412988
OUT_18948,321.7584699621974
OUT_18949,149.69320134844364
OUT_18950,972.3485643538886
OUT_18951,308.9858721526217
OUT_18952,311.0790368375756
OUT_18953,141.70003110112833
OUT_18954,112.5750254525546
OUT_18955,165.10864874554653
OUT_18956,982.4362543077896
OUT_18957,131.6169033245766
OUT_18958,974.4537303210262
OUT_18959,139.2696643705171
OUT_18960,173.05227980237387
OUT_18961,150.91766752212956
OUT_18962,352.62379483559124
OUT_18963,133.29392224754667
OUT_18964,159.20064312144302
OUT_18965,287.34012147075816
OUT_18966,293.6341073422759
OUT_18967,127.4267147399443
OUT_18968,329.7530031739151
OUT_18969,323.9737062682466
OUT_18970,357.0303087094356
OUT_18971,112.98421446796715
OUT_18972,282.4501523087922
OUT_18973,321.8938459393644
OUT_18974,177.4727461977475
OUT_18975,378.1193004502642
OUT_18976,133.16034989700776
OUT_18977,218.46753301169684
OUT_18978,201.6315824281828
OUT_18979,323.7211994142308
OUT_18980,118.20644971502888
OUT_18981,111.18977586070251
OUT_18982,965.876288899148
OUT_18983,938.6692852859948
OUT_18984,130.15111125371726
OUT_18985,2895.269737218523
OUT_18986,959.4263477212004
OUT_18987,291.7261948972489
OUT_18988,392.4103382757309
OUT_18989,114.9200791555962
OUT_18990,102.53267707567666
OUT_18991,110.22363557340992
OUT_18992,992.1881358834004
OUT_18993,145.5520058046616
OUT_18994,343.49538607187856
OUT_18995,10457.941327633169
OUT_18996,278.7139860769525
OUT_18997,143.21106548271894
OUT_18998,1270.1875221861078
OUT_18999,111.48307813230325
OUT_19000,119.5756270427396
OUT_19001,109.44772301033655
OUT_19002,316.24808773183054
OUT_19003,137.4016571669107
OUT_19004,988.2514688792328
OUT_19005,122.52328590203147
OUT_19006,310.1690104090363
OUT_19007,152.809980111941
OUT_19008,111.30802375047696
OUT_19009,174.17019308168497
OUT_19010,113.48636542560317
OUT_19011,112.42352651357655
OUT_19012,2157.659399785823
OUT_19013,349.8093557457468
OUT_19014,103.4950913563036
OUT_19015,166.66496226315067
OUT_19016,134.60873518753002
OUT_19017,319.00245908330527
OUT_19018,1094.9331511414453
OUT_19019,113.6286823423699
OUT_19020,96.12242848010806
OUT_19021,131.85412619563175
OUT_19022,176.6021535274126
OUT_19023,335.62659996311623
OUT_19024,1992.7276498755405
OUT_19025,981.449867817355
OUT_19026,364.0960290578873
OUT_19027,286.98780560900957
OUT_19028,938.5138829304472
OUT_19029,305.4558464684834
OUT_19030,2031.040722881737
OUT_19031,113.02675393517681
OUT_19032,114.97714911861742
OUT_19033,388.9452340704135
OUT_19034,286.45275350548854
OUT_19035,127.5729947541721
OUT_19036,114.06248305541408
OUT_19037,151.57764762059384
OUT_19038,991.9846206451234
OUT_19039,2063.9717190423494
OUT_19040,2025.9412655497908
OUT_19041,357.07423903087994
OUT_19042,373.7678958391709
OUT_19043,902.645828933371
OUT_19044,324.8364059688864
OUT_19045,918.8819647618466
OUT_19046,358.0158074348711
OUT_19047,137.36421544018592
OUT_19048,118.79344975283688
OUT_19049,925.5832017827474
OUT_19050,294.66244608733655
OUT_19051,944.838243217306
OUT_19052,301.5740876601344
OUT_19053,126.5697402911704
OUT_19054,325.3150646552834
OUT_19055,114.78590389870882
OUT_19056,131.7705454331069
OUT_19057,137.54643807120544
OUT_19058,341.894013247984
OUT_19059,113.02099030443371
OUT_19060,293.79293030035467
OUT_19061,285.8518659977877
OUT_19062,309.9628261235874
OUT_19063,314.52722338947524
OUT_19064,378.4465101236751
OUT_19065,117.93134254692012
OUT_19066,109.44117463593126
OUT_19067,141.33616831639978
OUT_19068,2005.3179661033623
OUT_19069,283.6626630894051
OUT_19070,129.04723355965393
OUT_19071,124.14914680266808
OUT_19072,347.08065498691263
OUT_19073,267.4652639344823
OUT_19074,129.60751001623868
OUT_19075,973.665123073128
OUT_19076,279.35654416021083
OUT_19077,141.74925489806836
OUT_19078,159.8905122000062
OUT_19079,138.3815917989709
OUT_19080,140.7767465588747
OUT_19081,146.17436566541764
OUT_19082,118.69240630293532
OUT_19083,111.6472703566452
OUT_19084,213.34992182603952
OUT_19085,313.45847427796804
OUT_19086,110.45027547034144
OUT_19087,108.68740160515246
OUT_19088,223.5971617648628
OUT_19089,331.1196743202653
OUT_19090,360.80049187470456
OUT_19091,2059.65194864525
OUT_19092,930.7183449194977
OUT_19093,145.48239783973582
OUT_19094,1031.0343090648828
OUT_19095,137.69200716687735
OUT_19096,114.0081306002426
OUT_19097,109.26678285716982
OUT_19098,93.84299283203954
OUT_19099,125.89430831812554
OUT_19100,315.8275852965836
OUT_19101,147.85597525224702
OUT_19102,111.60133491001444
OUT_19103,305.4038717347099
OUT_19104,301.89121866857414
OUT_19105,308.382097464319
OUT_19106,142.37380639703227
OUT_19107,116.1748404690351
OUT_19108,107.72871946844501
OUT_19109,123.74554854179765
OUT_19110,334.7962240972969
OUT_19111,128.71399714578197
OUT_19112,123.1589388164348
OUT_19113,160.35916054242875
OUT_19114,300.6710256905682
OUT_19115,952.8443871318448
OUT_19116,331.85831108512394
OUT_19117,161.87841024727194
OUT_19118,113.58840206539716
OUT_19119,323.83647392309
OUT_19120,374.3637313649373
OUT_19121,2069.189839066668
OUT_19122,344.5370141188297
OUT_19123,137.41450108754236
OUT_19124,117.09154806509936
OUT_19125,952.5853561119078
OUT_19126,2029.987396926092
OUT_19127,127.3539544578418
OUT_19129,320.146561216165
OUT_19130,286.290523268933
OUT_19131,330.7741779241077
OUT_19132,349.9773933940987
OUT_19133,929.800841266023
OUT_19134,380.8426125304448
OUT_19135,473.3311665348213
OUT_19136,109.73588016537866
OUT_19137,301.42633949165986
OUT_19138,111.53027241561577
OUT_19139,320.8135680939316
OUT_19140,140.48026545290847
OUT_19141,137.1210587581084
OUT_19142,947.3626640690076
OUT_19143,146.14407826055327
OUT_19144,147.7327136109231
OUT_19145,155.33457053245874
OUT_19146,319.3407333537986
OUT_19147,112.04288217198932
OUT_19148,102.21912011341956
OUT_19149,421.94084394992
OUT_19150,112.28869496954901
OUT_19151,2050.9346622145363
OUT_19152,318.9012668228676
OUT_19153,302.8555255673649
OUT_19154,954.0929316595716
OUT_19155,116.6735242702736
OUT_19156,122.83606859952168
OUT_19157,113.12936764535463
OUT_19158,139.8795738705022
OUT_19159,964.0378531122918
OUT_19160,546.3213937532523
OUT_19161,302.4190490116
OUT_19162,113.02979511466039
OUT_19163,337.5187875753785
OUT_19164,279.32286442006557
OUT_19165,133.1174066607849
OUT_19166,147.26756248045663
OUT_19167,291.16083602219675
OUT_19168,120.97754738026626
OUT_19169,339.7493473969487
OUT_19170,109.39613197049088
OUT_19171,116.41111013268272
OUT_19172,119.27946765610108
OUT_19173,158.38366745509433
OUT_19174,133.8182854151284
OUT_19175,145.9649395702201
OUT_19176,295.75297624632464
OUT_19177,967.212315076283
OUT_19178,130.01797321493322
OUT_19179,119.25018404697612
OUT_19180,104.35731056330569
OUT_19181,124.44732188818968
OUT_19182,350.54141111532454
OUT_19183,133.82147781017105
OUT_19184,112.82232552664853
OUT_19185,583.8222480423849
OUT_19186,979.5033250238172
OUT_19187,2012.520514916964
OUT_19188,116.33801626163019
OUT_19189,110.66080690297987
OUT_19190,298.9380050864039
OUT_19191,139.11525607176313
OUT_19192,134.0794831502784
OUT_19193,171.03071024811328
OUT_19194,357.85775463205465
OUT_19195,346.40739606662066
OUT_19196,301.22609142842435
OUT_19197,229.11201395036719
OUT_19198,140.4234731957291
OUT_19199,113.71462998440254
OUT_19200,125.9234071339512
OUT_19201,2042.0889743199264
OUT_19202,127.33586054893448
OUT_19203,122.00500037487643
OUT_19204,1040.202721261283
OUT_19205,158.54740896271812
OUT_19206,331.55009597249455
OUT_19207,288.51682794453257
OUT_19208,288.12327774293993
OUT_19209,260.40019882744394
OUT_19210,315.19095564654003
OUT_19211,984.1574415036404
OUT_19212,113.50668507168685
OUT_19213,327.7252602763499
OUT_19214,928.2507730442056
OUT_19215,206.38631936832766
OUT_19216,299.36760333487894
OUT_19217,317.5961261637882
OUT_19218,121.57097244571244
OUT_19219,143.05009047284636
OUT_19220,132.2877102387218
OUT_19221,404.6288919523723
OUT_19222,133.2928914338723
OUT_19223,111.23234315259408
OUT_19224,110.4678121650652
OUT_19225,343.0132777967358
OUT_19226,156.396265397749
OUT_19227,336.9792586938332
OUT_19228,132.97026749147872
OUT_19229,305.1745575261781
OUT_19230,919.616804803212
OUT_19231,123.14323675851644
OUT_19232,325.1305588241875
OUT_19233,309.9756093234015
OUT_19234,145.50616518139117
OUT_19235,978.0898013443696
OUT_19236,335.94383637327144
OUT_19237,129.65036664116687
OUT_19238,113.13072222170146
OUT_19239,127.39776488351394
OUT_19240,320.3325720064169
OUT_19241,131.0255640445397
OUT_19242,130.75942972226457
OUT_19243,293.65186043402906
OUT_19244,363.8179687306211
OUT_19245,143.1191547714426
OUT_19246,287.4932221835828
OUT_19247,150.80429302322304
OUT_19248,323.75436488966733
OUT_19249,370.3494712474777
OUT_19251,289.6030734487079
OUT_19252,979.9144273838764
OUT_19253,306.65588920913086
OUT_19254,352.12630920767015
OUT_19255,282.0401048308629
OUT_19256,112.74974508979949
OUT_19257,285.50196777400606
OUT_19258,2059.5222898878696
OUT_19259,111.60530360496985
OUT_19260,168.28043512628426
OUT_19261,291.1937589003297
OUT_19262,131.46345607911545
OUT_19263,306.0732563883154
OUT_19264,115.27683828063205
OUT_19265,292.7876530546333
OUT_19266,321.0738597624662
OUT_19267,108.93308274814612
OUT_19268,295.13911437859696
OUT_19269,111.07750332986902
OUT_19270,136.58359170609882
OUT_19271,321.5982981114032
OUT_19272,115.49404929948903
OUT_19273,1366.8383026397346
OUT_19274,118.70994225847664
OUT_19275,2020.3633984803005
OUT_19276,219.77906135274537
OUT_19277,126.0424264299051
OUT_19278,906.4907902185294
OUT_19279,123.13215520016286
OUT_19280,125.33189074950788
OUT_19281,120.30028621066808
OUT_19282,940.2299493200388
OUT_19283,309.2548998704252
OUT_19284,928.3333945186536
OUT_19285,342.8526804021656
OUT_19286,125.80963759391112
OUT_19287,186.26858340883933
OUT_19288,132.89755620739433
OUT_19289,319.116977835876
OUT_19290,147.44959368601567
OUT_19291,1005.0788691289812
OUT_19292,322.84558252980395
OUT_19293,141.9973066605107
OUT_19294,331.8507708658079
OUT_19295,361.5335295711541
OUT_19296,333.2265078326023
OUT_19297,111.89115107717882
OUT_19298,973.8961396510568
OUT_19299,336.14372047629223
OUT_19300,975.851238189892
OUT_19301,122.51907160153546
OUT_19302,113.02992583282516
OUT_19303,2064.8373441550125
OUT_19304,115.3572381246089
OUT_19305,110.18877756327457
OUT_19306,119.18513862180426
OUT_19307,2359.538968393262
OUT_19308,914.5466391715808
OUT_19309,119.68835866803492
OUT_19310,2046.511639680488
OUT_19311,2564.868576460428
OUT_19312,2077.3869554429484
OUT_19313,208.46308408587865
OUT_19314,111.53760637819369
OUT_19315,112.98261388902931
OUT_19316,318.2279955548724
OUT_19317,114.06558017898602
OUT_19318,1028.0629277065975
OUT_19319,311.62938299295126
OUT_19320,998.75580212472
OUT_19321,141.421036367453
OUT_19322,124.29009181523986
OUT_19323,929.302819778252
OUT_19324,340.91923954948226
OUT_19325,1040.9440884196622
OUT_19326,129.14232689711386
OUT_19327,116.48333271180992
OUT_19328,109.44772301033655
OUT_19329,145.0159127004742
OUT_19330,133.9381727799961
OUT_19331,286.1424458690918
OUT_19332,941.7617393799316
OUT_19333,1046.482055556928
OUT_19334,117.37825131731768
OUT_19335,159.86504298755736
OUT_19336,129.24925899866963
OUT_19337,313.57133246161374
OUT_19338,123.78727014151602
OUT_19339,905.622420468638
OUT_19340,109.44772301033655
OUT_19341,953.2500930427152
OUT_19342,943.8134492492576
OUT_19343,175.10530438533823
OUT_19344,968.5732157227816
OUT_19345,352.35155161393453
OUT_19346,147.87468906941908
OUT_19347,149.62905903279466
OUT_19348,2048.807492859128
OUT_19349,306.5431627765881
OUT_19350,961.2138921195216
OUT_19351,111.85425511537538
OUT_19352,226.81049447881236
OUT_19353,320.70678602365865
OUT_19354,112.5750254525546
OUT_19355,998.1722670775936
OUT_19356,954.5729481528276
OUT_19357,994.6730168948976
OUT_19358,345.2772885652146
OUT_19359,122.00490597959742
OUT_19360,996.0509051738176
OUT_19361,120.2881611452548
OUT_19362,314.47378064235147
OUT_19363,341.5293873845024
OUT_19364,125.16161904600597
OUT_19365,2638.153641244632
OUT_19366,1944.1559928280356
OUT_19367,337.69004231545915
OUT_19368,1473.7672152713794
OUT_19369,248.6296050481247
OUT_19370,110.05521562875656
OUT_19371,113.72462585302438
OUT_19372,314.14584666740404
OUT_19373,110.37640935047864
OUT_19374,163.86270528075278
OUT_19375,118.75852969416508
OUT_19376,207.4912134003198
OUT_19377,125.21184800835351
OUT_19378,112.01582859861696
OUT_19379,127.22691763102311
OUT_19380,117.27141233557103
OUT_19381,286.6447511178362
OUT_19382,1018.375103157362
OUT_19383,313.2550237890391
OUT_19384,165.91719854695563
OUT_19385,139.0465377934409
OUT_19386,125.90943067632874
OUT_19387,129.52020182315798
OUT_19388,295.31179710164366
OUT_19389,133.909579864998
OUT_19390,143.94128471472874
OUT_19391,121.0668710903058
OUT_19392,122.07753099214644
OUT_19393,355.45385547197344
OUT_19394,321.5221133163197
OUT_19395,158.01112086744513
OUT_19396,137.25708644147974
OUT_19397,942.2441260766852
OUT_19398,145.0030925993066
OUT_19399,140.7238217296275
OUT_19400,116.269296358299
OUT_19401,915.6849374091462
OUT_19402,164.43139865926452
OUT_19403,382.4407688503579
OUT_19404,158.81684686878765
OUT_19405,981.8903138784228
OUT_19406,129.6498233140477
OUT_19407,964.701651016695
OUT_19408,133.99628798238416
OUT_19409,342.1007106612156
OUT_19410,159.0057673189951
OUT_19411,119.97743191641835
OUT_19412,119.84079132741076
OUT_19413,133.15517636229515
OUT_19414,126.25020860162294
OUT_19415,274.4313948539668
OUT_19416,1008.5596985980644
OUT_19417,1004.9963996112008
OUT_19418,328.67199204079986
OUT_19419,169.1747137174019
OUT_19420,326.52104797974124
OUT_19422,110.18877756327457
OUT_19423,324.13852845220947
OUT_19424,141.21680784133054
OUT_19425,298.08465294679445
OUT_19426,169.5653612167911
OUT_19427,123.10485200667948
OUT_19428,280.6076778864916
OUT_19429,108.62105150640606
OUT_19430,168.2357128303889
OUT_19431,307.4514393610736
OUT_19432,308.67204181802674
OUT_19433,136.6180963346885
OUT_19434,2061.8187383331506
OUT_19435,122.36566705911736
OUT_19436,317.69512216976415
OUT_19437,357.5153864600824
OUT_19438,111.1794158601257
OUT_19439,111.60133491001444
OUT_19440,328.70822995449475
OUT_19441,149.3108081132587
OUT_19442,112.31720780213195
OUT_19443,290.646646434802
OUT_19444,135.00113479096984
OUT_19445,337.55169692263854
OUT_19446,134.9403472142135
OUT_19447,140.28638938868332
OUT_19448,173.02004636211404
OUT_19449,965.5228315547508
OUT_19450,124.97955589837196
OUT_19451,326.9032958825983
OUT_19452,323.26757091245463
OUT_19453,121.2788671246328
OUT_19454,132.15013822810198
OUT_19455,130.45995400647791
OUT_19456,113.36937372033994
OUT_19457,116.68087580701076
OUT_19458,379.6776684493992
OUT_19459,300.10490780609064
OUT_19460,272.4482237802809
OUT_19461,109.5529694343505
OUT_19462,1005.338536673758
OUT_19463,1022.4108373708236
OUT_19464,187.9559537000304
OUT_19465,158.86252214695656
OUT_19466,114.9674757001049
OUT_19467,336.074522145077
OUT_19468,148.39664421798022
OUT_19469,155.5361136331381
OUT_19470,148.89777875246173
OUT_19471,296.1817040900741
OUT_19472,326.43654735921666
OUT_19473,1096.7258449777626
OUT_19474,111.40437282646337
OUT_19476,285.1438068231581
OUT_19477,210.424310942033
OUT_19478,373.3674686546068
OUT_19479,118.17465109046393
OUT_19480,127.67658610401656
OUT_19481,327.48613906980165
OUT_19482,320.1801048251682
OUT_19483,122.5552547983707
OUT_19484,122.878100279798
OUT_19485,589.9592634779663
OUT_19486,115.35830845849014
OUT_19487,314.2322681577272
OUT_19488,110.7841509846686
OUT_19489,118.24179216437388
OUT_19490,129.44512749440634
OUT_19491,149.22363675070264
OUT_19492,286.39105686491524
OUT_19493,976.9502386883164
OUT_19494,126.16471157059986
OUT_19495,1006.9635493465285
OUT_19496,112.76365250916854
OUT_19497,116.73206293275726
OUT_19498,133.23250497383978
OUT_19499,148.47391349280457
OUT_19500,158.5076287571865
OUT_19501,127.81404076892528
OUT_19502,1053.7676702569013
OUT_19503,174.04525526735893
OUT_19505,114.1209934242316
OUT_19506,273.4399737450516
OUT_19507,118.89659356233042
OUT_19508,212.21014970661506
OUT_19509,313.1214934145288
OUT_19510,138.01559261818912
OUT_19511,346.1195156873688
OUT_19512,375.5406674395773
OUT_19513,330.4739487300116
OUT_19514,956.4271115316228
OUT_19515,122.30278803202128
OUT_19516,140.95615526214186
OUT_19517,96.61393777049797
OUT_19518,143.70831906078354
OUT_19519,916.1847811232024
OUT_19520,169.1043706995892
OUT_19521,952.274271332846
OUT_19522,114.49518356858071
OUT_19523,105.03746354348964
OUT_19524,142.20031215005594
OUT_19525,141.36545902257038
OUT_19526,137.7251397208757
OUT_19527,157.6400983521571
OUT_19528,110.53420848370186
OUT_19529,136.79140150595595
OUT_19530,112.09201600853632
OUT_19531,314.392983645037
OUT_19532,181.66755180739358
OUT_19533,120.33037996569062
OUT_19534,133.92194200462842
OUT_19535,956.0929819862524
OUT_19536,139.7532202053053
OUT_19537,955.006805276249
OUT_19538,328.5729561080336
OUT_19539,320.9563280909948
OUT_19540,334.4725198682458
OUT_19541,353.36298743124667
OUT_19542,119.21460470383384
OUT_19543,113.27487561416385
OUT_19544,980.2318503583524
OUT_19545,132.63737852606414
OUT_19546,337.45259467273814
OUT_19547,295.12051939606386
OUT_19548,2147.3248422590204
OUT_19549,363.28279691179176
OUT_19550,352.4704220485004
OUT_19551,399.2686740668944
OUT_19552,1017.1845784572768
OUT_19553,358.9886126365312
OUT_19554,985.2017459804472
OUT_19555,255.38876184755043
OUT_19556,985.8842568032262
OUT_19557,120.09508469848224
OUT_19558,205.04643380863357
OUT_19559,117.61737343938354
OUT_19560,1013.0615988415288
OUT_19561,258.12794568285784
OUT_19562,318.93893633784506
OUT_19563,142.96378435120735
OUT_19564,162.7182486353991
OUT_19565,350.6076661627367
OUT_19566,152.02420271715695
OUT_19567,138.62324092703446
OUT_19568,328.239316585051
OUT_19569,184.0270262865697
OUT_19570,942.2961506678936
OUT_19571,402.3658157157131
OUT_19572,287.2092729741784
OUT_19573,112.38539667354291
OUT_19574,2081.637168528714
OUT_19575,124.65487031494325
OUT_19576,377.68017342315625
OUT_19577,389.1833178867332
OUT_19578,127.86797474522513
OUT_19579,178.22973573388774
OUT_19580,117.3356793670902
OUT_19581,124.60485597729738
OUT_19582,395.43241392288684
OUT_19583,289.119257880433
OUT_19584,366.8538405859598
OUT_19585,303.87617123469124
OUT_19586,103.9010296728606
OUT_19587,1019.9634598280396
OUT_19588,2335.0574257508383
OUT_19589,341.3924441651575
OUT_19590,276.8801642825123
OUT_19591,124.26745298456125
OUT_19592,282.96229362121
OUT_19593,300.46155379700934
OUT_19594,291.2437982368227
OUT_19595,2683.823867483918
OUT_19596,119.83359546017854
OUT_19597,314.29846192717093
OUT_19598,111.33961485318495
OUT_19599,1003.0651886554508
OUT_19600,351.2677660379705
OUT_19601,117.948616805113
OUT_19602,959.530708974084
OUT_19603,155.10993171795434
OUT_19604,123.25262829304324
OUT_19605,967.0243882425084
OUT_19606,127.74724190368164
OUT_19607,110.53420848370186
OUT_19608,148.7737102606308
OUT_19609,129.87803743112198
OUT_19610,141.6688693727068
OUT_19611,506.3616825324317
OUT_19612,140.6791146815982
OUT_19613,926.9496162595589
OUT_19614,952.3806851850248
OUT_19615,919.8104305820804
OUT_19616,142.4751747634898
OUT_19617,298.50049921619075
OUT_19618,112.2544826451788
OUT_19619,128.71977311184676
OUT_19620,156.19788755926345
OUT_19621,123.12693181339272
OUT_19622,111.48589755231647
OUT_19623,309.6050835956694
OUT_19624,144.49723017201347
OUT_19625,978.2366222142808
OUT_19626,147.01541343470254
OUT_19627,306.7514465204512
OUT_19628,979.4836885144804
OUT_19629,328.8902741543811
OUT_19630,114.94819420144611
OUT_19631,118.9022344407176
OUT_19632,350.3318657492059
OUT_19633,291.7660470894092
OUT_19634,2231.722419675476
OUT_19635,136.73276194382078
OUT_19636,918.8233465100652
OUT_19637,2096.458453934345
OUT_19638,110.4678121650652
OUT_19639,143.82555440597463
OUT_19640,115.87640223419528
OUT_19641,911.4649485269908
OUT_19642,297.41037218985184
OUT_19643,306.1493561046243
OUT_19644,906.004760854863
OUT_19645,119.68136440565847
OUT_19646,2093.134890541332
OUT_19647,125.81546417892044
OUT_19648,2116.9325316528225
OUT_19649,133.97360787504877
OUT_19650,140.8866228238745
OUT_19651,112.85615863083538
OUT_19652,982.4267042957016
OUT_19653,394.8291258788452
OUT_19654,331.5173260885704
OUT_19655,111.31846760464786
OUT_19656,279.38197383206364
OUT_19657,280.88053919623985
OUT_19658,160.4184111937102
OUT_19659,127.3075625327022
OUT_19660,959.5137146944368
OUT_19661,1032.738687802162
OUT_19662,145.7433679810246
OUT_19663,133.47625474718046
OUT_19664,114.53132834973664
OUT_19665,289.21999759918214
OUT_19666,971.2151122194218
OUT_19667,119.32297656460382
OUT_19668,315.1333162615579
OUT_19669,287.13349116275646
OUT_19670,342.9223888372356
OUT_19671,328.6859630250055
OUT_19672,955.8977060679802
OUT_19673,157.1180244386527
OUT_19674,364.6710512195422
OUT_19675,346.78318221337645
OUT_19676,336.3158705523718
OUT_19677,310.504715685784
OUT_19678,342.5831428983645
OUT_19679,114.8224130990267
OUT_19680,289.678459595687
OUT_19681,333.0010554518881
OUT_19682,296.6919026685328
OUT_19683,113.80402258834677
OUT_19684,429.6991343367217
OUT_19685,115.92019957904641
OUT_19686,112.0158605977146
OUT_19687,373.1774955539219
OUT_19688,109.468694254465
OUT_19689,180.2047818196973
OUT_19690,146.08771221636275
OUT_19691,930.8181969628496
OUT_19692,123.27455365587876
OUT_19693,152.19851271250846
OUT_19694,119.76994404055468
OUT_19695,321.2172465779473
OUT_19696,938.0439726924425
OUT_19697,337.3931194529508
OUT_19698,127.20816753821023
OUT_19699,112.70095287660722
OUT_19701,129.35627359077776
OUT_19702,111.47314325523486
OUT_19703,1046.744344701015
OUT_19704,358.3393816017356
OUT_19705,172.13380363652377
OUT_19706,110.61619555525337
OUT_19707,144.5916587572078
OUT_19708,295.2502209837557
OUT_19709,964.905037546991
OUT_19710,112.22886067283687
OUT_19712,109.65385308532534
OUT_19713,146.07257993597693
OUT_19714,303.6198011773573
OUT_19715,388.745903952733
OUT_19716,348.8547942967755
OUT_19717,152.254398014569
OUT_19718,194.83567522949983
OUT_19719,139.52144104961366
OUT_19720,119.75473813872436
OUT_19721,151.29828324655676
OUT_19722,126.43789172014428
OUT_19723,319.00245908330527
OUT_19724,154.1776508203107
OUT_19725,320.7150718850887
OUT_19726,163.0390408743718
OUT_19727,128.15501509420096
OUT_19728,956.7862991287708
OUT_19729,1005.5651818070804
OUT_19730,1010.9954707759908
OUT_19731,163.2137102646372
OUT_19732,113.94869030287528
OUT_19733,156.7781730675376
OUT_19734,342.3355042554848
OUT_19735,111.94329882190586
OUT_19736,131.30165058220263
OUT_19737,176.77417392495875
OUT_19738,286.6350267777464
OUT_19739,110.7841509846686
OUT_19740,131.37434913577562
OUT_19741,134.10578496669416
OUT_19742,413.8248494783288
OUT_19743,1292.9486814925394
OUT_19744,952.6640105962948
OUT_19745,319.0953368122859
OUT_19746,106.49726210165619
OUT_19747,111.27379064271565
OUT_19748,146.38971224708766
OUT_19749,114.88084017278253
OUT_19750,350.9912193502747
OUT_19751,148.74018252865977
OUT_19752,114.086192219798
OUT_19753,309.1572914090274
OUT_19754,130.13910973409185
OUT_19755,1016.9911255206854
OUT_19756,342.7891445655437
OUT_19757,1002.9869250087604
OUT_19758,350.6837468053724
OUT_19759,137.19621841475953
OUT_19760,127.24281786655126
OUT_19761,308.68568762784133
OUT_19762,101.9217751513998
OUT_19763,263.7734017009224
OUT_19764,120.75880516719108
OUT_19765,293.9269813780655
OUT_19766,110.55584227709876
OUT_19767,138.6880634846638
OUT_19768,150.77126094469486
OUT_19769,2038.4407325906773
OUT_19770,114.66676509112423
OUT_19771,142.5501546481181
OUT_19772,1079.4499259000563
OUT_19773,145.92463462432917
OUT_19774,1000.212716381312
OUT_19775,137.64226431901287
OUT_19776,323.897137447288
OUT_19777,306.0223602439766
OUT_19778,112.36795531180088
OUT_19779,135.5324624221343
OUT_19780,355.80666606285905
OUT_19781,128.3442855397519
OUT_19782,117.43017691092096
OUT_19783,111.60133491001444
OUT_19784,135.38724280859404
OUT_19785,331.9624396487634
OUT_19786,371.1817055678804
OUT_19787,301.16009026599994
OUT_19788,987.4656155144462
OUT_19789,175.33683654974405
OUT_19790,132.01792332607036
OUT_19791,244.9228954446305
OUT_19792,144.75773478722306
OUT_19793,237.96700271301248
OUT_19794,287.6700871801688
OUT_19795,140.69590657169013
OUT_19796,130.76081948578198
OUT_19797,139.94644049037066
OUT_19798,141.49522015645323
OUT_19799,122.76816095049004
OUT_19800,356.45824836411595
OUT_19801,322.11217742865114
OUT_19802,1989.791452366692
OUT_19803,985.4256723162802
OUT_19804,291.9805076951751
OUT_19805,907.7885563896249
OUT_19806,914.8678290574618
OUT_19807,116.0107708332224
OUT_19808,881.5695887003553
OUT_19809,357.0151596339768
OUT_19810,311.789907329441
OUT_19811,144.87807710326015
OUT_19812,149.56408398907925
OUT_19813,142.87455616599465
OUT_19814,111.48589755231647
OUT_19815,202.25821455050672
OUT_19816,119.49622403443945
OUT_19817,957.3282040953742
OUT_19818,107.1084987592632
OUT_19819,228.94473709789355
OUT_19820,113.31644956938746
OUT_19821,314.6021409213982
OUT_19822,140.48083200099882
OUT_19823,287.5992303827815
OUT_19824,104.09359555100103
OUT_19825,152.7826187137289
OUT_19826,394.7329370470474
OUT_19827,2063.535980664592
OUT_19828,1032.5271918032313
OUT_19829,121.35594555313244
OUT_19830,381.4402545053571
OUT_19831,289.8826389427682
OUT_19832,134.51463768784538
OUT_19833,285.14017589441175
OUT_19834,324.1994277003293
OUT_19835,137.82071883889833
OUT_19836,128.53917433500314
OUT_19837,1181.959959846091
OUT_19838,113.12936764535463
OUT_19839,103.24707025034613
OUT_19840,140.65647708177994
OUT_19841,148.7071405980526
OUT_19842,282.085948865181
OUT_19843,301.0352840244584
OUT_19844,155.89141677704657
OUT_19845,145.43350495546332
OUT_19846,266.6012104833338
OUT_19847,165.01854745592578
OUT_19848,149.51996155583714
OUT_19849,113.91170415666397
OUT_19850,2081.7603879820813
OUT_19851,236.25918253635706
OUT_19852,2762.943706074798
OUT_19853,474.532995213664
OUT_19854,123.27025767842272
OUT_19855,277.701926418571
OUT_19856,937.79843394482
OUT_19857,103.65191104866095
OUT_19858,113.35866358451933
OUT_19859,981.4051301095266
OUT_19860,153.10384693961157
OUT_19861,257.64920489122653
OUT_19862,175.3085072694386
OUT_19863,313.1808776935876
OUT_19864,136.41603022038117
OUT_19865,1975.5390309233499
OUT_19866,127.33675145039956
OUT_19867,337.4857427554304
OUT_19868,112.7886059482074
OUT_19869,157.68539570608007
OUT_19871,327.11172099169573
OUT_19872,110.53420848370186
OUT_19873,365.11876203063616
OUT_19874,368.263812037556
OUT_19875,305.24553848482424
OUT_19876,360.1878862934584
OUT_19877,256.38729811607857
OUT_19878,318.3737335814205
OUT_19879,137.5710612817004
OUT_19880,112.6847241829819
OUT_19881,105.63520913299355
OUT_19882,105.26410344042115
OUT_19883,118.7170189095974
OUT_19884,139.42485266399018
OUT_19885,286.26152185287896
OUT_19886,232.19199762566868
OUT_19887,339.4589923055471
OUT_19888,121.46357355072402
OUT_19889,191.09106358668305
OUT_19890,130.8848487932838
OUT_19891,142.9811841407212
OUT_19892,321.0738047992345
OUT_19893,310.8043709406346
OUT_19894,986.6432274743077
OUT_19895,126.15279092951891
OUT_19896,1449.1140571746157
OUT_19897,136.55858751074922
OUT_19898,915.3309548465114
OUT_19899,323.276596009643
OUT_19900,145.60622655475277
OUT_19901,121.44451588179388
OUT_19902,141.6143000479022
OUT_19903,151.5486076516822
OUT_19904,148.8707179030264
OUT_19905,124.20327067185428
OUT_19906,168.63045272980673
OUT_19907,293.57105731565935
OUT_19908,211.61421991092467
OUT_19909,113.27111355336787
OUT_19910,98.98836551568623
OUT_19911,280.13928004717815
OUT_19912,1022.1010764623408
OUT_19913,152.25435089608337
OUT_19914,124.71343226461806
OUT_19915,129.25230834115257
OUT_19916,105.88085283076482
OUT_19917,132.30032351320307
OUT_19918,124.00430677417079
OUT_19919,147.24969819907156
OUT_19920,148.04988956659895
OUT_19921,362.6714746705681
OUT_19922,135.15976719764768
OUT_19923,321.9227507607408
OUT_19924,130.54524119731852
OUT_19925,329.5122003515148
OUT_19926,286.83970350965876
OUT_19927,121.49863385257176
OUT_19928,360.5002534181745
OUT_19929,297.87543998874963
OUT_19931,352.3307688980675
OUT_19932,126.35288106288236
OUT_19933,170.55880626776414
OUT_19934,929.5429736856639
OUT_19935,999.1886540716156
OUT_19936,110.37558157959161
OUT_19937,349.8713012789162
OUT_19938,111.1633068470032
OUT_19939,119.00834400490471
OUT_19940,1016.99355459015
OUT_19941,957.264611526347
OUT_19942,101.19779168987026
OUT_19943,960.2510277453076
OUT_19944,119.47463900372784
OUT_19945,128.86993108081495
OUT_19946,171.4103051039044
OUT_19947,1060.912221846901
OUT_19948,169.94696256747216
OUT_19949,108.52107046765157
OUT_19950,103.97000366820934
OUT_19951,931.1107708197628
OUT_19952,192.0701291798919
OUT_19953,292.7311564833275
OUT_19954,933.1379805411318
OUT_19955,120.29422861434516
OUT_19956,110.93825899990216
OUT_19957,980.46954172194
OUT_19958,132.79250649696218
OUT_19959,953.777249906743
OUT_19960,990.1172082597728
OUT_19961,165.32616209695385
OUT_19962,334.6974525289229
OUT_19963,155.3049326261288
OUT_19964,317.0077286277086
OUT_19965,340.5588147705363
OUT_19966,114.8962234590174
OUT_19967,110.06150989363182
OUT_19968,114.92350029589633
OUT_19969,114.31576517672329
OUT_19970,366.135168980482
OUT_19971,364.248568354977
OUT_19972,132.023486593953
OUT_19974,135.88300146556722
OUT_19975,363.2972830711349
OUT_19976,159.16159327001876
OUT_19977,2063.1272512340192
OUT_19978,938.406285452014
OUT_19979,376.1949300001135
OUT_19980,104.98232131759548
OUT_19981,190.69817067668987
OUT_19982,148.58512244153337
OUT_19983,267.2935660110458
OUT_19984,321.53121617371266
OUT_19985,969.1803176925354
OUT_19986,334.43727541257545
OUT_19987,140.48723292982095
OUT_19988,129.79333482687434
OUT_19989,147.66093852115944
OUT_19990,133.5057246958912
OUT_19991,1034.5147294896376
OUT_19992,316.6749760530168
OUT_19993,297.8389209153442
OUT_19994,295.87494254134367
OUT_19995,282.1593783937644
OUT_19996,318.560829061244
OUT_19997,228.135616658144
OUT_19998,317.40421323654834
OUT_19999,104.69991090009246
OUT_20000,251.76168932184567
